[2026-10-02 18:56:12.388] [pid:47308] [settingService] write done
[2026-10-02 18:56:12.483] [pid:47308] [main] [open-folder] Windows Explorer 右键菜单已安装或更新 {
  executablePath: 'E:\\Xiadie\\Xiadie\\.runtime\\P01\\desktop-source\\node_modules\\electron\\dist\\electron.exe',
  hasDefaultAppEntry: true,
  locale: 'zh-CN'
}
[2026-10-02 18:56:12.485] [pid:47308] [main] [desktop-network] renderer proxy mode=direct bypass=disabled customCa=disabled insecureCerts=rejected
[2026-10-02 18:56:12.485] [pid:47308] [main] [desktop-network] renderer proxy mode=system bypass=disabled customCa=disabled insecureCerts=rejected
[2026-10-02 18:56:12.486] [pid:47308] [main] [auto-update] disabled for this desktop product flavor
[2026-10-02 18:56:12.497] [pid:47308] [main] [resource] sampling started interval=10000ms report=60000ms
[2026-10-02 18:56:12.498] [pid:47308] [main] [network] reporting started interval=60000ms
[2026-10-02 18:56:12.498] [pid:47308] [main] [force-update] Preview 跳过远端强制升级检查
[2026-10-02 18:56:12.498] [pid:47308] [main] [startup] 创建主窗口
[2026-10-02 18:56:12.499] [pid:47308] [main] [primary-window] creating main window (app-ready)
[2026-10-02 18:56:12.501] [pid:47308] [main] [startup-workspace] using explicit open workspace: E:\Xiadie\Xiadie\.runtime\P01\u08-no-key-1790938566650938700\workspace
[2026-10-02 18:56:13.384] [pid:47308] [main] [createWindow] dom-ready fired (local-1)
[2026-10-02 18:56:13.392] [pid:47308] [main] [desktop-context-prompt] first host spawn decision resolved { enabled: false, configVersion: undefined }
[2026-10-02 18:56:13.396] [pid:47308] [main] [spawnHostProcess] forked host process for (local-1), pid=undefined
[2026-10-02 18:56:13.396] [pid:47308] [main] [spawnHostProcess] host module path: E:\Xiadie\Xiadie\.runtime\P01\u08-desktop-04\packages\desktop\out\host\index.js
[2026-10-02 18:56:13.397] [pid:47308] [main] [spawnHostProcess] glm binary path: <not found>
[2026-10-02 18:56:13.397] [pid:47308] [main] [spawnHostProcess] BIGMODEL_OAUTH_APP_SECRET source: fallback
[2026-10-02 18:56:13.398] [pid:47308] [main] [task-realtime] registered host {
  hostId: 'caf1bf4b-e6c3-471c-97ba-91e6aef3e593',
  windowId: 1,
  workspaceKeyCount: 0,
  deliveryKind: 'desktop_window'
}
[2026-10-02 18:56:15.642] [pid:47308] [main] [host-log] (local-1) [host] [2026-10-02 18:56:15.641] [pid:22768] [zcode-host] initializing local services
[2026-10-02 18:56:15.775] [pid:47308] [main] [host-log] (local-1) [host] [2026-10-02 18:56:15.774] [pid:22768] [cua-pip-session] [cua-pip-session] wiring resolved {"enabled":false,"platform":"win32","serviceAuthorityMode":"desktop-local","lifecycleWired":true}
[2026-10-02 18:56:15.781] [pid:47308] [main] [host-log] (local-1) [host] [2026-10-02 18:56:15.780] [pid:22768] [zcode-agent-service] 开始初始化 ZCode agent {"workspaceKey":"E:\\Xiadie\\Xiadie\\.runtime\\P01\\u08-no-key-1790938566650938700\\workspace","workspacePath":"E:\\Xiadie\\Xiadie\\.runtime\\P01\\u08-no-key-1790938566650938700\\workspace"}
[2026-10-02 18:56:15.782] [pid:47308] [main] [host-log] (local-1) [host] [2026-10-02 18:56:15.781] [pid:22768] [zcode-host] exposing services on ChannelServer...
[2026-10-02 18:56:15.782] [pid:47308] [main] [host-log] (local-1) [host] [2026-10-02 18:56:15.781] [pid:22768] [zcode-host] creating ChannelServer (deferInit=false)
[2026-10-02 18:56:15.783] [pid:47308] [main] [host-log] (local-1) [host] [2026-10-02 18:56:15.782] [pid:22768] [zcode-host] [rpc:register] channel "file"
[2026-10-02 18:56:15.783] [pid:47308] [main] [host-log] (local-1) [host] [2026-10-02 18:56:15.782] [pid:22768] [zcode-host] [rpc:register] channel "media-preview"
[2026-10-02 18:56:15.784] [pid:47308] [main] [host-log] (local-1) [host] [2026-10-02 18:56:15.782] [pid:22768] [zcode-host] [rpc:register] channel "git"
[2026-10-02 18:56:15.785] [pid:47308] [main] [host-log] (local-1) [host] [2026-10-02 18:56:15.782] [pid:22768] [zcode-host] [rpc:register] channel "git-checkpoint"
[2026-10-02 18:56:15.785] [pid:47308] [main] [host-log] (local-1) [host] [2026-10-02 18:56:15.782] [pid:22768] [zcode-host] [rpc:register] channel "system"
[2026-10-02 18:56:15.786] [pid:47308] [main] [host-log] (local-1) [host] [2026-10-02 18:56:15.782] [pid:22768] [zcode-host] [rpc:register] channel "terminal"
[2026-10-02 18:56:15.786] [pid:47308] [main] [host-log] (local-1) [host] [2026-10-02 18:56:15.782] [pid:22768] [zcode-host] [rpc:register] channel "setting"
[2026-10-02 18:56:15.787] [pid:47308] [main] [host-log] (local-1) [host] [2026-10-02 18:56:15.782] [pid:22768] [zcode-host] [rpc:register] channel "onboarding-record"
[2026-10-02 18:56:15.787] [pid:47308] [main] [host-log] (local-1) [host] [2026-10-02 18:56:15.782] [pid:22768] [zcode-host] [rpc:register] channel "credential"
[2026-10-02 18:56:15.787] [pid:47308] [main] [host-log] (local-1) [host] [2026-10-02 18:56:15.782] [pid:22768] [zcode-host] [rpc:register] channel "broadcast"
[2026-10-02 18:56:15.788] [pid:47308] [main] [host-log] (local-1) [host] [2026-10-02 18:56:15.782] [pid:22768] [zcode-host] [rpc:register] channel "zcode-task"
[2026-10-02 18:56:15.788] [pid:47308] [main] [host-log] (local-1) [host] [2026-10-02 18:56:15.782] [pid:22768] [zcode-host] [rpc:register] channel "zcode-agent"
[2026-10-02 18:56:15.789] [pid:47308] [main] [host-log] (local-1) [host] [2026-10-02 18:56:15.782] [pid:22768] [zcode-host] [rpc:register] channel "zcode-session"
[2026-10-02 18:56:15.790] [pid:47308] [main] [host-log] (local-1) [host] [2026-10-02 18:56:15.782] [pid:22768] [zcode-host] [rpc:register] channel "cua-permission"
[2026-10-02 18:56:15.790] [pid:47308] [main] [host-log] (local-1) [host] [2026-10-02 18:56:15.782] [pid:22768] [zcode-host] [rpc:register] channel "cua-pip-session"
[2026-10-02 18:56:15.791] [pid:47308] [main] [host-log] (local-1) [host] [2026-10-02 18:56:15.782] [pid:22768] [zcode-host] [rpc:register] channel "conversation-share"
[2026-10-02 18:56:15.791] [pid:47308] [main] [host-log] (local-1) [host] [2026-10-02 18:56:15.782] [pid:22768] [zcode-host] [rpc:register] channel "bots"
[2026-10-02 18:56:15.792] [pid:47308] [main] [host-log] (local-1) [host] [2026-10-02 18:56:15.782] [pid:22768] [zcode-host] [rpc:register] channel "file-watcher"
[2026-10-02 18:56:15.793] [pid:47308] [main] [host-log] (local-1) [host] [2026-10-02 18:56:15.782] [pid:22768] [zcode-host] [rpc:register] channel "oauth"
[2026-10-02 18:56:15.794] [pid:47308] [main] [host-log] (local-1) [host] [2026-10-02 18:56:15.782] [pid:22768] [zcode-host] [rpc:register] channel "usage-stats"
[2026-10-02 18:56:15.794] [pid:47308] [main] [host-log] (local-1) [host] [2026-10-02 18:56:15.782] [pid:22768] [zcode-host] [rpc:register] channel "coding-plan-subscription"
[2026-10-02 18:56:15.795] [pid:47308] [main] [host-log] (local-1) [host] [2026-10-02 18:56:15.782] [pid:22768] [zcode-host] [rpc:register] channel "client-config"
[2026-10-02 18:56:15.796] [pid:47308] [main] [host-log] (local-1) [host] [2026-10-02 18:56:15.782] [pid:22768] [zcode-host] [rpc:register] channel "client-scenes"
[2026-10-02 18:56:15.796] [pid:47308] [main] [host-log] (local-1) [host] [2026-10-02 18:56:15.782] [pid:22768] [zcode-host] [rpc:register] channel "off-peak-task"
[2026-10-02 18:56:15.797] [pid:47308] [main] [host-log] (local-1) [host] [2026-10-02 18:56:15.782] [pid:22768] [zcode-host] [rpc:register] channel "skills"
[2026-10-02 18:56:15.798] [pid:47308] [main] [host-log] (local-1) [host] [2026-10-02 18:56:15.782] [pid:22768] [zcode-host] [rpc:register] channel "skill-sync"
[2026-10-02 18:56:15.799] [pid:47308] [main] [host-log] (local-1) [host] [2026-10-02 18:56:15.782] [pid:22768] [zcode-host] [rpc:register] channel "mcp-sync"
[2026-10-02 18:56:15.799] [pid:47308] [main] [host-log] (local-1) [host] [2026-10-02 18:56:15.783] [pid:22768] [zcode-host] [rpc:register] channel "plugin-sync"
[2026-10-02 18:56:15.800] [pid:47308] [main] [host-log] (local-1) [host] [2026-10-02 18:56:15.783] [pid:22768] [zcode-host] [rpc:register] channel "plugins"
[2026-10-02 18:56:15.801] [pid:47308] [main] [host-log] (local-1) [host] [2026-10-02 18:56:15.783] [pid:22768] [zcode-host] [rpc:register] channel "plugin-management"
[2026-10-02 18:56:15.802] [pid:47308] [main] [host-log] (local-1) [host] [2026-10-02 18:56:15.783] [pid:22768] [zcode-host] [rpc:register] channel "subagents"
[2026-10-02 18:56:15.802] [pid:47308] [main] [host-log] (local-1) [host] [2026-10-02 18:56:15.783] [pid:22768] [zcode-host] [rpc:register] channel "commands"
[2026-10-02 18:56:15.803] [pid:47308] [main] [host-log] (local-1) [host] [2026-10-02 18:56:15.783] [pid:22768] [zcode-host] [rpc:register] channel "hooks"
[2026-10-02 18:56:15.803] [pid:47308] [main] [host-log] (local-1) [host] [2026-10-02 18:56:15.783] [pid:22768] [zcode-host] [rpc:register] channel "memory"
[2026-10-02 18:56:15.804] [pid:47308] [main] [host-log] (local-1) [host] [2026-10-02 18:56:15.783] [pid:22768] [zcode-host] [rpc:register] channel "settings-sync"
[2026-10-02 18:56:15.804] [pid:47308] [main] [host-log] (local-1) [host] [2026-10-02 18:56:15.783] [pid:22768] [zcode-host] [rpc:register] channel "feedback"
[2026-10-02 18:56:15.805] [pid:47308] [main] [host-log] (local-1) [host] [2026-10-02 18:56:15.783] [pid:22768] [zcode-host] [rpc:register] channel "prompt-attachment-transfer"
[2026-10-02 18:56:15.805] [pid:47308] [main] [host-log] (local-1) [host] [2026-10-02 18:56:15.783] [pid:22768] [zcode-host] [rpc:register] channel "provider-settings"
[2026-10-02 18:56:15.806] [pid:47308] [main] [host-log] (local-1) [host] [2026-10-02 18:56:15.783] [pid:22768] [zcode-host] [rpc:register] channel "model-selection"
[2026-10-02 18:56:15.806] [pid:47308] [main] [host-log] (local-1) [host] [2026-10-02 18:56:15.783] [pid:22768] [zcode-host] [rpc:register] channel "window-controller"
[2026-10-02 18:56:15.807] [pid:47308] [main] [host-log] (local-1) [host] [2026-10-02 18:56:15.783] [pid:22768] [zcode-host] service connection ready mode=desktop-continuous
[2026-10-02 18:56:15.807] [pid:47308] [main] [host-log] (local-1) [host] [2026-10-02 18:56:15.783] [pid:22768] [zcode-host] window Host topology, reason=base-attachment-ready, pid=22768, connections=0, logicalSessions=0, attachments=1
[2026-10-02 18:56:15.807] [pid:47308] [main] [host-log] (local-1) [host] [2026-10-02 18:56:15.783] [pid:22768] [zcode-host] local services ready, all channels registered
[2026-10-02 18:56:15.808] [pid:47308] [main] [database-startup] terminal {
  attemptId: '39f36ced-c77c-47fd-a5ea-ecb91599e001',
  status: 'ready',
  durationMs: 1991,
  errorCode: undefined,
  disk: [
    {
      scopeId: 'df81e191609143170757a1d69e37b8a237e4ca4bd99588ddaf1f2f5467edaaaf',
      observedAvailableDropPeakBytes: 151552,
      minAvailableBytes: 274935894016,
      quality: 'complete',
      sampledAt: 1790938574627
    }
  ]
}
[2026-10-02 18:56:15.811] [pid:47308] [main] [cron-scheduler] forked scheduler process pid=undefined
[2026-10-02 18:56:15.819] [pid:47308] [main] [host-log] (local-1) [host] [2026-10-02 18:56:15.818] [pid:22768] [zcode-host] [rpc:listen] broadcast.onMessage subscribed
[2026-10-02 18:56:15.822] [pid:47308] [main] [host-log] (local-1) [host] [2026-10-02 18:56:15.821] [pid:22768] [zcode-host] [rpc:listen] zcode-agent.onDynamicCuaPermissionObservation subscribed
[2026-10-02 18:56:15.823] [pid:47308] [main] [host-log] (local-1) [host] [2026-10-02 18:56:15.822] [pid:22768] [zcode-host] [rpc:listen] model-selection.onDidChange subscribed
[2026-10-02 18:56:15.824] [pid:47308] [main] [task-realtime] updated host workspace scopes {
  hostId: 'caf1bf4b-e6c3-471c-97ba-91e6aef3e593',
  workspaceKeyCount: 0
}
[2026-10-02 18:56:15.856] [pid:47308] [main] [host-log] (local-1) [host] [2026-10-02 18:56:15.822] [pid:22768] [zcode-host] [rpc:listen] broadcast.onMessage subscribed
[2026-10-02 18:56:15.857] [pid:47308] [main] [host-log] (local-1) [host] [2026-10-02 18:56:15.822] [pid:22768] [zcode-host] [rpc:listen] provider-settings.onDidChange subscribed
[2026-10-02 18:56:15.858] [pid:47308] [main] [host-log] (local-1) [host] [2026-10-02 18:56:15.823] [pid:22768] [zcode-host] [rpc:listen] broadcast.onMessage subscribed
[2026-10-02 18:56:15.914] [pid:47308] [main] [host-log] (local-1) [host] [2026-10-02 18:56:15.825] [pid:22768] [zcode-host] [rpc:listen] provider-settings.onDidChange subscribed
[2026-10-02 18:56:15.916] [pid:47308] [main] [host-log] (local-1) [host] [2026-10-02 18:56:15.825] [pid:22768] [zcode-host] [rpc:listen] broadcast.onMessage subscribed
[2026-10-02 18:56:15.917] [pid:47308] [main] [host-log] (local-1) [host] [2026-10-02 18:56:15.825] [pid:22768] [zcode-host] [rpc:listen] broadcast.onMessage subscribed
[2026-10-02 18:56:15.918] [pid:47308] [main] [host-log] (local-1) [host] [2026-10-02 18:56:15.826] [pid:22768] [oauthService] restoreCachedSession skipped: no active provider
[2026-10-02 18:56:15.918] [pid:47308] [main] [host-log] (local-1) [host] [2026-10-02 18:56:15.826] [pid:22768] [zcode-host] [rpc:call] oauth.restoreCachedSessionState OK (1.0ms)
[2026-10-02 18:56:15.919] [pid:47308] [main] [host-log] (local-1) [host] [2026-10-02 18:56:15.830] [pid:22768] [zcode-host] [rpc:call] setting.get OK (8.1ms)
[2026-10-02 18:56:15.920] [pid:47308] [main] [host-log] (local-1) [host] [2026-10-02 18:56:15.830] [pid:22768] [zcode-host] [rpc:call] setting.get OK (7.9ms)
[2026-10-02 18:56:15.920] [pid:47308] [main] [host-log] (local-1) [host] [2026-10-02 18:56:15.831] [pid:22768] [zcode-host] [rpc:call] setting.get OK (6.0ms)
[2026-10-02 18:56:15.921] [pid:47308] [main] [host-log] (local-1) [host] [2026-10-02 18:56:15.835] [pid:22768] [zcode-host] [rpc:call] zcode-agent.syncAppRuntimePreferences OK (0.1ms)
[2026-10-02 18:56:15.922] [pid:47308] [main] [host-log] (local-1) [host] [2026-10-02 18:56:15.836] [pid:22768] [zcode-host] [rpc:call] bots.syncAppRuntimePreferences OK (0.1ms)
[2026-10-02 18:56:15.923] [pid:47308] [main] [host-log] (local-1) [host] [2026-10-02 18:56:15.836] [pid:22768] [zcode-host] [rpc:listen] zcode-agent.onDynamicCuaPermissionObservation subscribed
[2026-10-02 18:56:15.924] [pid:47308] [main] [host-log] (local-1) [host] [2026-10-02 18:56:15.836] [pid:22768] [zcode-host] [rpc:listen] broadcast.onMessage subscribed
[2026-10-02 18:56:15.924] [pid:47308] [main] [host-log] (local-1) [host] [2026-10-02 18:56:15.838] [pid:22768] [zcode-host] [rpc:call] oauth.getActiveProvider OK (2.9ms)
[2026-10-02 18:56:15.925] [pid:47308] [main] [host-log] (local-1) [host] [2026-10-02 18:56:15.838] [pid:22768] [oauthService] restoreCachedSession skipped: no active provider
[2026-10-02 18:56:15.926] [pid:47308] [main] [host-log] (local-1) [host] [2026-10-02 18:56:15.838] [pid:22768] [zcode-host] [rpc:call] oauth.restoreCachedSessionState OK (2.0ms)
[2026-10-02 18:56:15.928] [pid:47308] [main] [host-log] (local-1) [host] [2026-10-02 18:56:15.839] [pid:22768] [zcode-host] [rpc:call] coding-plan-subscription.getDynamicWorkflowClientConfig OK (18.0ms)
[2026-10-02 18:56:15.929] [pid:47308] [main] [open-folder] Windows Explorer 右键菜单已安装或更新 {
  executablePath: 'E:\\Xiadie\\Xiadie\\.runtime\\P01\\desktop-source\\node_modules\\electron\\dist\\electron.exe',
  hasDefaultAppEntry: true,
  locale: 'zh-CN'
}
[2026-10-02 18:56:15.960] [pid:47308] [main] [cron-scheduler] scheduler process exited code=1
[2026-10-02 18:56:15.961] [pid:47308] [main] [open-folder] Windows Explorer 右键菜单已安装或更新 {
  executablePath: 'E:\\Xiadie\\Xiadie\\.runtime\\P01\\desktop-source\\node_modules\\electron\\dist\\electron.exe',
  hasDefaultAppEntry: true,
  locale: 'en-US'
}
[2026-10-02 18:56:15.966] [pid:47308] [main] [crash-capture] child-process-gone: {
  type: 'Utility',
  reason: 'killed',
  exitCode: 1,
  serviceName: 'node.mojom.NodeService',
  name: 'zcode-cron-scheduler'
}
[2026-10-02 18:56:15.968] [pid:47308] [main] [stability] perf_process_exit reported {
  exit_code: 1,
  exit_reason: 'killed',
  process_role: 'utility',
  exit_kind: 'normal',
  process_type: 'Utility',
  process_name: 'node.mojom.NodeService'
}
[2026-10-02 18:56:15.999] [pid:47308] [main] [host-log] (local-1) [host] [2026-10-02 18:56:15.997] [pid:22768] [provider-runtime][trace:Provider Registry 已就绪] {"configRevision":"[\"zcode-builtin:30:78a3d614b560528e4b5ff003d4b76373709f478d64b13c1f97c11658f190ea8d\",\"2915b997aefbd6c7fe8ccfc87153713dc11851987034eec5a515e9660ac81b0e\"]","providerCount":0}
[2026-10-02 18:56:16.000] [pid:47308] [main] [host-log] (local-1) [host] [2026-10-02 18:56:15.998] [pid:22768] [zcode-host] [rpc:call] provider-settings.getView OK (175.7ms)
[2026-10-02 18:56:16.000] [pid:47308] [main] [host-log] (local-1) [host] [2026-10-02 18:56:15.998] [pid:22768] [zcode-host] [rpc:call] provider-settings.getView OK (173.5ms)
[2026-10-02 18:56:16.003] [pid:47308] [main] [host-log] (local-1) [host] [2026-10-02 18:56:16.003] [pid:22768] [zcode-host] [rpc:call] model-selection.getView OK (180.5ms)
[2026-10-02 18:56:16.004] [pid:47308] [main] [host-log] (local-1) [host] [2026-10-02 18:56:16.003] [pid:22768] [zcode-agent-service] provider/model 尚未就绪，ZCode agent 保持未启动 {"providerCount":0,"revision":"model-selection:1","workspaceKey":"E:\\Xiadie\\Xiadie\\.runtime\\P01\\u08-no-key-1790938566650938700\\workspace","workspacePath":"E:\\Xiadie\\Xiadie\\.runtime\\P01\\u08-no-key-1790938566650938700\\workspace"}
[2026-10-02 18:56:16.005] [pid:47308] [main] [host-log] (local-1) [host] [2026-10-02 18:56:16.004] [pid:22768] [zcode-agent] ZCode agent command resolved {"workspaceKey":"E:\\Xiadie\\Xiadie\\.runtime\\P01\\u08-no-key-1790938566650938700\\workspace","command":"E:\\Xiadie\\Xiadie\\.runtime\\P01\\desktop-source\\node_modules\\electron\\dist\\electron.exe","effectiveCommand":"E:\\Xiadie\\Xiadie\\.runtime\\P01\\desktop-source\\node_modules\\electron\\dist\\electron.exe","resolveCommandDurationMs":0}
[2026-10-02 18:56:16.006] [pid:47308] [main] [host-log] (local-1) [host] [2026-10-02 18:56:16.006] [pid:22768] [zcode-host] [rpc:call] model-selection.getView OK (166.1ms)
[2026-10-02 18:56:16.007] [pid:47308] [main] [host-log] (local-1) [host] [2026-10-02 18:56:16.006] [pid:22768] [zcode-host] [rpc:call] credential.load OK (0.2ms)
[2026-10-02 18:56:16.008] [pid:47308] [main] [host-log] (local-1) [host] [2026-10-02 18:56:16.007] [pid:22768] [zcode-host] [rpc:call] credential.load OK (0.3ms)
[2026-10-02 18:56:16.031] [pid:47308] [main] [host-log] (local-1) [host] [2026-10-02 18:56:16.030] [pid:22768] [zcode-host] [rpc:call] setting.get OK (15.2ms)
[2026-10-02 18:56:16.032] [pid:47308] [main] [host-log] (local-1) [host] [2026-10-02 18:56:16.031] [pid:22768] [zcode-host] [rpc:call] oauth.getProviders OK (0.1ms)
[2026-10-02 18:56:16.034] [pid:47308] [main] [host-log] (local-1) [host] [2026-10-02 18:56:16.031] [pid:22768] [zcode-host] [rpc:call] oauth.getProviders OK (0.0ms)
[2026-10-02 18:56:16.035] [pid:47308] [main] [host-log] (local-1) [host] [2026-10-02 18:56:16.031] [pid:22768] [zcode-agent] ZCode agent spawn preflight {"workspaceKey":"E:\\Xiadie\\Xiadie\\.runtime\\P01\\u08-no-key-1790938566650938700\\workspace","spawnPreflight":{"command":"E:\\Xiadie\\Xiadie\\.runtime\\P01\\desktop-source\\node_modules\\electron\\dist\\electron.exe","args":["E:\\Xiadie\\Xiadie\\.runtime\\P01\\desktop-source\\apps\\zcode-cli\\packages\\cli\\dist\\zcode.cjs","app-server","--stdio"],"requestedCwd":"E:\\Xiadie\\Xiadie\\.runtime\\P01\\u08-no-key-1790938566650938700\\workspace","cwd":"E:\\Xiadie\\Xiadie\\.runtime\\P01\\u08-no-key-1790938566650938700\\workspace","cwdSource":"command","commandPathKind":"absolute","commandExists":true,"cwdExists":true}}
[2026-10-02 18:56:16.052] [pid:47308] [main] [stability] perf_agent_start reported {
  pid: 38028,
  runtimeGeneration: 1,
  runtimeInstanceId: 'agent-7cf479a9-4b82-4a90-ae5a-f94e12093bcd'
}
[2026-10-02 18:56:16.053] [pid:47308] [main] [host-log] (local-1) [host] [2026-10-02 18:56:16.052] [pid:22768] [zcode-agent] ZCode agent process started {"workspaceKey":"E:\\Xiadie\\Xiadie\\.runtime\\P01\\u08-no-key-1790938566650938700\\workspace","command":"E:\\Xiadie\\Xiadie\\.runtime\\P01\\desktop-source\\node_modules\\electron\\dist\\electron.exe","cwd":"E:\\Xiadie\\Xiadie\\.runtime\\P01\\u08-no-key-1790938566650938700\\workspace","pid":38028,"durationMs":48}
[2026-10-02 18:56:16.054] [pid:47308] [main] [host-log] (local-1) [host] [2026-10-02 18:56:16.053] [pid:22768] [zcode-host] [rpc:call] oauth.getActiveProvider OK (0.6ms)
[2026-10-02 18:56:16.055] [pid:47308] [main] [host-log] (local-1) [host] [2026-10-02 18:56:16.054] [pid:22768] [zcode-host] [rpc:call] oauth.getActiveProvider OK (0.7ms)
[2026-10-02 18:56:16.599] [pid:47308] [main] [stability] perf_app_start reported
[2026-10-02 18:56:16.923] [pid:47308] [main] [host-log] (local-1) [host] [2026-10-02 18:56:16.922] [pid:22768] [zcode-agent-service] 为只读会话控制面启动 ZCode agent {"workspaceKey":"E:\\Xiadie\\Xiadie\\.runtime\\P01\\u08-no-key-1790938566650938700\\workspace","workspacePath":"E:\\Xiadie\\Xiadie\\.runtime\\P01\\u08-no-key-1790938566650938700\\workspace"}
[2026-10-02 18:56:16.924] [pid:47308] [main] [host-log] (local-1) [host] [2026-10-02 18:56:16.922] [pid:22768] [zcode-agent-service] ZCode agent 初始化完成 {"durationMs":1142,"transportKind":"stdio","workspaceKey":"E:\\Xiadie\\Xiadie\\.runtime\\P01\\u08-no-key-1790938566650938700\\workspace","workspacePath":"E:\\Xiadie\\Xiadie\\.runtime\\P01\\u08-no-key-1790938566650938700\\workspace"}
[2026-10-02 18:56:16.925] [pid:47308] [main] [host-log] (local-1) [host] [2026-10-02 18:56:16.923] [pid:22768] [zcode-host] ZCode agent warmup ready (local host init (1/1)) workspace=E:\Xiadie\Xiadie\.runtime\P01\u08-no-key-1790938566650938700\workspace transport=stdio
[2026-10-02 18:56:20.040] [pid:47308] [main] [host-log] (local-1) [host] [2026-10-02 18:56:20.040] [pid:22768] [settingService] writing settings to: E:\Xiadie\Xiadie\.runtime\P01\u08-no-key-1790938566650938700\home\.zcode\v2\setting.json {"recentProjects":[],"locale":"zh-CN","localePreference":"en-US","terminalInheritSystemProfile":true,"embeddedBrowserAllowInsecureCertificates":false,"embeddedBrowserViewportPreference":{"mode":"normal","viewport":{"width":393,"height":852},"zoom":"fit"},"computerUseComposerEntryHidden":true,"taskAutoArchiveEnabled":false,"taskAutoArchiveOlderThanDays":7,"closeToTrayOnWindows":true,"closeToTrayOnWindowsMigrationInitialized":true,"keepAwakeWhileRunning":false,"desktopChromiumHardwareAccelerationEnabled":false,"messageStreamShowReasoning":true,"messageStreamShowReasoningMigrationInitialized":true,"messageStreamShowTodos":false,"toolGroupingExploreEnabled":true,"toolGroupingTerminalEnabled":true,"toolGroupingChangesEnabled":false,"zcodeInteractionBehavior":"queue","askUserQuestionAutoResolutionEnabled":true,"modelIoFullRetentionEnabled":false,"startPlanRecommendationDismissed":false,"providerFamilyConnectionSelections":{},"providerFamilyDomain":"zai","providerFamilyDomainUpdatedAt":1790938580036,"providerFamilyDomainMigrated":true,"nativeSearchEnhancementsEnabled":true,"memoryEnabled":false,"lastWorkspaceSession":[],"lastActiveTabIndex":0,"receivePreviewUpdates":false,"autoDownloadAndInstallUpdates":false,"skippedElectronUpdateVersions":{}}
[2026-10-02 18:56:20.045] [pid:47308] [main] [host-log] (local-1) [host] [2026-10-02 18:56:20.045] [pid:22768] [settingService] write done
[2026-10-02 18:56:20.046] [pid:47308] [main] [host-log] (local-1) [host] [2026-10-02 18:56:20.045] [pid:22768] [zcode-host] [rpc:call] setting.update OK (8.6ms)
[2026-10-02 18:56:20.106] [pid:47308] [main] [host-log] (local-1) [host] [2026-10-02 18:56:20.106] [pid:22768] [zcode-host] [rpc:call] setting.get OK (0.9ms)
[2026-10-02 18:56:20.114] [pid:47308] [main] [host-log] (local-1) [host] [2026-10-02 18:56:20.113] [pid:22768] [zcode-host] [rpc:call] file.ensureConversationWorkspace OK (5.6ms)
[2026-10-02 18:56:20.115] [pid:47308] [main] [task-realtime] updated host workspace scopes {
  hostId: 'caf1bf4b-e6c3-471c-97ba-91e6aef3e593',
  workspaceKeyCount: 1
}
[2026-10-02 18:56:20.117] [pid:47308] [main] [host-log] (local-1) [host] [2026-10-02 18:56:20.117] [pid:22768] [zcode-host] [rpc:call] setting.get OK (0.6ms)
[2026-10-02 18:56:20.118] [pid:47308] [main] [host-log] (local-1) [host] [2026-10-02 18:56:20.118] [pid:22768] [zcode-host] [rpc:call] file.ensureConversationWorkspace OK (0.6ms)
[2026-10-02 18:56:20.121] [pid:47308] [main] [task-realtime] updated host workspace scopes {
  hostId: 'caf1bf4b-e6c3-471c-97ba-91e6aef3e593',
  workspaceKeyCount: 1
}
[2026-10-02 18:56:20.125] [pid:47308] [main] [task-realtime] updated host workspace scopes {
  hostId: 'caf1bf4b-e6c3-471c-97ba-91e6aef3e593',
  workspaceKeyCount: 2
}
[2026-10-02 18:56:20.125] [pid:47308] [main] [host-log] (local-1) [host] [2026-10-02 18:56:20.124] [pid:22768] [zcode-host] [rpc:call] onboarding-record.claimAnonymousRecord OK (0.4ms)
[2026-10-02 18:56:20.129] [pid:47308] [main] [host-log] (local-1) [host] [2026-10-02 18:56:20.124] [pid:22768] [zcode-host] [rpc:call] onboarding-record.getLatestEntry OK (0.8ms)
[2026-10-02 18:56:20.130] [pid:47308] [main] [host-log] (local-1) [host] [2026-10-02 18:56:20.124] [pid:22768] [zcode-host] [rpc:call] setting.get OK (1.6ms)
[2026-10-02 18:56:20.130] [pid:47308] [main] [host-log] (local-1) [host] [2026-10-02 18:56:20.130] [pid:22768] [zcode-host] [rpc:call] onboarding-record.shouldOnboard OK (5.6ms)
[2026-10-02 18:56:20.162] [pid:47308] [renderer] v4 conversation frame upstream attached {
  workspaceKey: 'E:\\Xiadie\\Xiadie\\.runtime\\P01\\u08-no-key-1790938566650938700\\workspace',
  workspacePath: 'E:\\Xiadie\\Xiadie\\.runtime\\P01\\u08-no-key-1790938566650938700\\workspace',
  event: 'v4.conversation.frames.upstream_attached',
  listenerCount: 1,
  module: 'ui.v4.conversation_transport',
  runtimeGeneration: 0,
  status: 'completed'
}
[2026-10-02 18:56:20.163] [pid:47308] [renderer] v4 workspace connection created {
  event: 'v4.workspace_connection.created',
  isRemote: false,
  key: '__base__ E:\\Xiadie\\Xiadie\\.runtime\\P01\\u08-no-key-1790938566650938700\\workspace',
  module: 'ui.v4.workspace_connection_registry',
  refCount: 1,
  serviceGeneration: 1,
  status: 'completed'
}
[2026-10-02 18:56:20.164] [pid:47308] [main] [host-log] (local-1) [host] [2026-10-02 18:56:20.162] [pid:22768] [zcode-host] [rpc:listen] zcode-agent.onDynamicLocalTtftFacts subscribed
[2026-10-02 18:56:20.165] [pid:47308] [main] [host-log] (local-1) [host] [2026-10-02 18:56:20.162] [pid:22768] [zcode-host] [rpc:listen] zcode-agent.onDynamicConversationFrame subscribed
[2026-10-02 18:56:20.217] [pid:47308] [main] [host-log] (local-1) [host] [2026-10-02 18:56:20.216] [pid:22768] [zcode-host] [rpc:listen] window-controller.onDynamicControllerFrame subscribed
[2026-10-02 18:56:20.218] [pid:47308] [main] [host-log] (local-1) [host] [2026-10-02 18:56:20.217] [pid:22768] [zcode-host] [rpc:call] window-controller.subscribeControllerV4 OK (0.2ms)
[2026-10-02 18:56:20.218] [pid:47308] [main] [host-log] (local-1) [host] [2026-10-02 18:56:20.217] [pid:22768] [zcode-host] [rpc:call] window-controller.subscribeControllerV4 OK (0.1ms)
[2026-10-02 18:56:20.220] [pid:47308] [main] [host-log] (local-1) [host] [2026-10-02 18:56:20.219] [pid:22768] [zcode-host] [rpc:call] window-controller.listTaskList OK (0.1ms)
[2026-10-02 18:56:20.220] [pid:47308] [main] [host-log] (local-1) [host] [2026-10-02 18:56:20.219] [pid:22768] [zcode-host] [rpc:listen] zcode-agent.onDynamicSessionsIndexFrame subscribed
[2026-10-02 18:56:20.221] [pid:47308] [main] [host-log] (local-1) [host] [2026-10-02 18:56:20.219] [pid:22768] [zcode-host] [rpc:listen] zcode-agent.onAgentRuntimeLifecycle subscribed
[2026-10-02 18:56:20.221] [pid:47308] [main] [host-log] (local-1) [host] [2026-10-02 18:56:20.220] [pid:22768] [zcode-host] [rpc:call] zcode-agent.helloConversationV4 OK (0.1ms)
[2026-10-02 18:56:20.222] [pid:47308] [main] [host-log] (local-1) [host] [2026-10-02 18:56:20.220] [pid:22768] [zcode-host] [rpc:call] zcode-task.listPinnedTaskIds OK (0.2ms)
[2026-10-02 18:56:20.222] [pid:47308] [main] [host-log] (local-1) [host] [2026-10-02 18:56:20.221] [pid:22768] [zcode-host] [rpc:call] zcode-task.listArchivedTasks OK (0.1ms)
[2026-10-02 18:56:20.223] [pid:47308] [main] [host-log] (local-1) [host] [2026-10-02 18:56:20.221] [pid:22768] [zcode-host] [rpc:call] zcode-task.listTasks OK (0.3ms)
[2026-10-02 18:56:20.224] [pid:47308] [main] [host-log] (local-1) [host] [2026-10-02 18:56:20.221] [pid:22768] [zcode-host] [rpc:call] zcode-task.listPinnedTasks OK (0.2ms)
[2026-10-02 18:56:20.224] [pid:47308] [main] [host-log] (local-1) [host] [2026-10-02 18:56:20.222] [pid:22768] [zcode-host] [rpc:call] zcode-task.listDeletedTaskIds OK (0.2ms)
[2026-10-02 18:56:20.224] [pid:47308] [main] [host-log] (local-1) [host] [2026-10-02 18:56:20.222] [pid:22768] [zcode-host] [rpc:listen] zcode-task.onDynamicWorkspaceEvent subscribed
[2026-10-02 18:56:20.225] [pid:47308] [main] [host-log] (local-1) [host] [2026-10-02 18:56:20.224] [pid:22768] [zcode-host] [rpc:call] window-controller.listTaskList OK (6.9ms)
[2026-10-02 18:56:20.225] [pid:47308] [main] [host-log] (local-1) [host] [2026-10-02 18:56:20.224] [pid:22768] [zcode-host] [rpc:listen] zcode-agent.onAgentRuntimeLifecycle subscribed
[2026-10-02 18:56:20.226] [pid:47308] [main] [host-log] (local-1) [host] [2026-10-02 18:56:20.224] [pid:22768] [zcode-host] [rpc:call] system.info OK (0.1ms)
[2026-10-02 18:56:20.226] [pid:47308] [main] [host-log] (local-1) [host] [2026-10-02 18:56:20.225] [pid:22768] [zcode-host] [rpc:listen] model-selection.onDidChange subscribed
[2026-10-02 18:56:20.227] [pid:47308] [main] [host-log] (local-1) [host] [2026-10-02 18:56:20.225] [pid:22768] [zcode-host] [rpc:listen] model-selection.onDidChange subscribed
[2026-10-02 18:56:20.227] [pid:47308] [main] [host-log] (local-1) [host] [2026-10-02 18:56:20.225] [pid:22768] [zcode-host] [rpc:call] setting.get OK (7.9ms)
[2026-10-02 18:56:20.228] [pid:47308] [main] [host-log] (local-1) [host] [2026-10-02 18:56:20.226] [pid:22768] [zcode-host] [rpc:call] model-selection.getView OK (0.9ms)
[2026-10-02 18:56:20.229] [pid:47308] [main] [host-log] (local-1) [host] [2026-10-02 18:56:20.226] [pid:22768] [zcode-host] [rpc:call] model-selection.getView OK (0.8ms)
[2026-10-02 18:56:20.229] [pid:47308] [main] [host-log] (local-1) [host] [2026-10-02 18:56:20.226] [pid:22768] [zcode-host] [rpc:listen] zcode-agent.onDynamicConversationTelemetryFact subscribed
[2026-10-02 18:56:20.230] [pid:47308] [main] [host-log] (local-1) [host] [2026-10-02 18:56:20.228] [pid:22768] [zcode-host] [rpc:call] off-peak-task.list OK (0.3ms)
[2026-10-02 18:56:20.236] [pid:47308] [main] [host-log] (local-1) [host] [2026-10-02 18:56:20.235] [pid:22768] [zcode-host] [rpc:call] settings-sync.getFirstRunPromptState OK (0.9ms)
[2026-10-02 18:56:20.238] [pid:47308] [main] [host-log] (local-1) [host] [2026-10-02 18:56:20.237] [pid:22768] [zcode-host] [rpc:call] subagents.list OK (15.0ms)
[2026-10-02 18:56:20.266] [pid:47308] [main] [host-log] (local-1) [host] [2026-10-02 18:56:20.265] [pid:22768] [zcode-host] [rpc:call] window-controller.listTaskList OK (0.1ms)
[2026-10-02 18:56:20.267] [pid:47308] [main] [host-log] (local-1) [host] [2026-10-02 18:56:20.265] [pid:22768] [zcode-host] [rpc:call] window-controller.listTaskList OK (0.1ms)
[2026-10-02 18:56:20.268] [pid:47308] [main] [host-log] (local-1) [host] [2026-10-02 18:56:20.267] [pid:22768] [zcode-host] [rpc:call] zcode-agent.initializeConversationV4 OK (0.7ms)
[2026-10-02 18:56:20.273] [pid:47308] [main] [host-log] (local-1) [host] [2026-10-02 18:56:20.272] [pid:22768] [zcode-host] [rpc:call] window-controller.listTaskList OK (0.1ms)
[2026-10-02 18:56:20.284] [pid:47308] [main] [host-log] (local-1) [host] [2026-10-02 18:56:20.284] [pid:22768] [zcode-host] [rpc:call] settings-sync.detect OK (0.1ms)
[2026-10-02 18:56:20.308] [pid:47308] [main] [host-log] (local-1) [host] [2026-10-02 18:56:20.308] [pid:22768] [zcode-host] [rpc:call] zcode-agent.subscribeSessionsIndexV4 OK (1.2ms)
[2026-10-02 18:56:20.309] [pid:47308] [main] [host-log] (local-1) [host] [2026-10-02 18:56:20.309] [pid:22768] [settingService] writing settings to: E:\Xiadie\Xiadie\.runtime\P01\u08-no-key-1790938566650938700\home\.zcode\v2\setting.json {"recentProjects":[],"locale":"zh-CN","localePreference":"en-US","terminalInheritSystemProfile":true,"embeddedBrowserAllowInsecureCertificates":false,"embeddedBrowserViewportPreference":{"mode":"normal","viewport":{"width":393,"height":852},"zoom":"fit"},"computerUseComposerEntryHidden":true,"taskAutoArchiveEnabled":false,"taskAutoArchiveOlderThanDays":7,"closeToTrayOnWindows":true,"closeToTrayOnWindowsMigrationInitialized":true,"keepAwakeWhileRunning":false,"desktopChromiumHardwareAccelerationEnabled":false,"messageStreamShowReasoning":true,"messageStreamShowReasoningMigrationInitialized":true,"messageStreamShowTodos":false,"toolGroupingExploreEnabled":true,"toolGroupingTerminalEnabled":true,"toolGroupingChangesEnabled":false,"zcodeInteractionBehavior":"queue","askUserQuestionAutoResolutionEnabled":true,"modelIoFullRetentionEnabled":false,"startPlanRecommendationDismissed":false,"providerFamilyConnectionSelections":{},"providerFamilyDomain":"zai","providerFamilyDomainUpdatedAt":1790938580036,"providerFamilyDomainMigrated":true,"nativeSearchEnhancementsEnabled":true,"memoryEnabled":false,"lastWorkspaceSession":[],"lastActiveTabIndex":0,"receivePreviewUpdates":false,"autoDownloadAndInstallUpdates":false,"skippedElectronUpdateVersions":{},"settingsSyncFirstRunPromptHandled":true}
[2026-10-02 18:56:20.314] [pid:47308] [main] [host-log] (local-1) [host] [2026-10-02 18:56:20.313] [pid:22768] [settingService] write done
[2026-10-02 18:56:20.315] [pid:47308] [main] [host-log] (local-1) [host] [2026-10-02 18:56:20.313] [pid:22768] [zcode-host] [rpc:call] settings-sync.markFirstRunPromptHandled OK (6.3ms)
[2026-10-02 18:56:20.388] [pid:47308] [main] [task-realtime] updated host workspace scopes {
  hostId: 'caf1bf4b-e6c3-471c-97ba-91e6aef3e593',
  workspaceKeyCount: 2
}
[2026-10-02 18:56:20.389] [pid:47308] [main] [host-log] (local-1) [host] [2026-10-02 18:56:20.387] [pid:22768] [zcode-host] [rpc:call] system.info OK (0.0ms)
[2026-10-02 18:56:20.389] [pid:47308] [main] [host-log] (local-1) [host] [2026-10-02 18:56:20.388] [pid:22768] [zcode-host] [rpc:call] setting.get OK (1.2ms)
[2026-10-02 18:56:20.390] [pid:47308] [main] [host-log] (local-1) [host] [2026-10-02 18:56:20.388] [pid:22768] [zcode-host] [rpc:call] setting.get OK (1.0ms)
[2026-10-02 18:56:20.397] [pid:47308] [main] [host-log] (local-1) [host] [2026-10-02 18:56:20.397] [pid:22768] [zcode-host] [rpc:call] git.refresh OK (168.4ms)
[2026-10-02 18:56:20.463] [pid:47308] [main] [host-log] (local-1) [host] [2026-10-02 18:56:20.463] [pid:22768] [zcode-host] [rpc:call] system.listIntegratedTerminalShells OK (0.6ms)
[2026-10-02 18:56:20.636] [pid:47308] [main] [host-log] (local-1) [host] [2026-10-02 18:56:20.636] [pid:22768] [settingService] writing settings to: E:\Xiadie\Xiadie\.runtime\P01\u08-no-key-1790938566650938700\home\.zcode\v2\setting.json {"recentProjects":[],"locale":"zh-CN","localePreference":"en-US","terminalInheritSystemProfile":true,"embeddedBrowserAllowInsecureCertificates":false,"embeddedBrowserViewportPreference":{"mode":"normal","viewport":{"width":393,"height":852},"zoom":"fit"},"computerUseComposerEntryHidden":true,"taskAutoArchiveEnabled":false,"taskAutoArchiveOlderThanDays":7,"closeToTrayOnWindows":true,"closeToTrayOnWindowsMigrationInitialized":true,"keepAwakeWhileRunning":false,"desktopChromiumHardwareAccelerationEnabled":false,"messageStreamShowReasoning":true,"messageStreamShowReasoningMigrationInitialized":true,"messageStreamShowTodos":false,"toolGroupingExploreEnabled":true,"toolGroupingTerminalEnabled":true,"toolGroupingChangesEnabled":false,"zcodeInteractionBehavior":"queue","askUserQuestionAutoResolutionEnabled":true,"modelIoFullRetentionEnabled":false,"startPlanRecommendationDismissed":false,"providerFamilyConnectionSelections":{},"providerFamilyDomain":"zai","providerFamilyDomainUpdatedAt":1790938580036,"providerFamilyDomainMigrated":true,"nativeSearchEnhancementsEnabled":true,"memoryEnabled":false,"lastWorkspaceSession":[{"kind":"local","workspacePath":"E:\\Xiadie\\Xiadie\\.runtime\\P01\\u08-no-key-1790938566650938700\\workspace","workspacePurpose":"project"},{"kind":"local","workspacePath":"E:\\Xiadie\\Xiadie\\.runtime\\P01\\u08-no-key-1790938566650938700\\data\\.zcode\\workspace\\default","workspacePurpose":"conversation"}],"lastActiveTabIndex":0,"receivePreviewUpdates":false,"autoDownloadAndInstallUpdates":false,"skippedElectronUpdateVersions":{},"settingsSyncFirstRunPromptHandled":true}
[2026-10-02 18:56:20.640] [pid:47308] [main] [host-log] (local-1) [host] [2026-10-02 18:56:20.639] [pid:22768] [settingService] write done
[2026-10-02 18:56:20.641] [pid:47308] [main] [host-log] (local-1) [host] [2026-10-02 18:56:20.640] [pid:22768] [zcode-host] [rpc:call] setting.update OK (5.6ms)
[2026-10-02 18:56:22.087] [pid:47308] [main] [host-log] (local-1) [host] [2026-10-02 18:56:22.087] [pid:22768] [zcode-host] [rpc:call] system.info OK (0.0ms)
[2026-10-02 18:56:22.088] [pid:47308] [main] [host-log] (local-1) [host] [2026-10-02 18:56:22.088] [pid:22768] [zcode-host] [rpc:call] file-watcher.watch OK (0.8ms)
[2026-10-02 18:56:22.089] [pid:47308] [main] [host-log] (local-1) [host] [2026-10-02 18:56:22.088] [pid:22768] [zcode-host] [rpc:call] file-watcher.watch OK (0.5ms)
[2026-10-02 18:56:22.152] [pid:47308] [main] [host-log] (local-1) [host] [2026-10-02 18:56:22.152] [pid:22768] [zcode-host] [rpc:listen] file-watcher.onDynamicChange subscribed
[2026-10-02 18:56:22.153] [pid:47308] [main] [host-log] (local-1) [host] [2026-10-02 18:56:22.152] [pid:22768] [zcode-host] [rpc:listen] file-watcher.onDynamicChange subscribed
[2026-10-02 18:56:22.154] [pid:47308] [main] [host-log] (local-1) [host] [2026-10-02 18:56:22.152] [pid:22768] [zcode-host] [rpc:call] file-watcher.unwatch OK (0.1ms)
[2026-10-02 18:56:22.154] [pid:47308] [main] [host-log] (local-1) [host] [2026-10-02 18:56:22.152] [pid:22768] [zcode-host] [rpc:call] file-watcher.unwatch OK (0.0ms)
[2026-10-02 18:56:22.154] [pid:47308] [main] [host-log] (local-1) [host] [2026-10-02 18:56:22.153] [pid:22768] [zcode-host] [rpc:call] file-watcher.watch OK (0.7ms)
[2026-10-02 18:56:22.155] [pid:47308] [main] [host-log] (local-1) [host] [2026-10-02 18:56:22.154] [pid:22768] [zcode-host] [rpc:call] file-watcher.watch OK (0.4ms)
[2026-10-02 18:56:22.155] [pid:47308] [main] [host-log] (local-1) [host] [2026-10-02 18:56:22.155] [pid:22768] [zcode-host] [rpc:call] file-watcher.watch OK (0.5ms)
[2026-10-02 18:56:22.156] [pid:47308] [main] [host-log] (local-1) [host] [2026-10-02 18:56:22.155] [pid:22768] [zcode-host] [rpc:listen] file-watcher.onDynamicChange subscribed
[2026-10-02 18:56:22.156] [pid:47308] [main] [host-log] (local-1) [host] [2026-10-02 18:56:22.155] [pid:22768] [zcode-host] [rpc:listen] file-watcher.onDynamicChange subscribed
[2026-10-02 18:56:22.156] [pid:47308] [main] [host-log] (local-1) [host] [2026-10-02 18:56:22.155] [pid:22768] [zcode-host] [rpc:listen] file-watcher.onDynamicChange subscribed
[2026-10-02 18:56:22.384] [pid:47308] [main] [host-log] (local-1) [host] [2026-10-02 18:56:22.384] [pid:22768] [settingService] writing settings to: E:\Xiadie\Xiadie\.runtime\P01\u08-no-key-1790938566650938700\home\.zcode\v2\setting.json {"recentProjects":[],"locale":"zh-CN","localePreference":"en-US","terminalInheritSystemProfile":true,"embeddedBrowserAllowInsecureCertificates":false,"embeddedBrowserViewportPreference":{"mode":"normal","viewport":{"width":393,"height":852},"zoom":"fit"},"computerUseComposerEntryHidden":true,"taskAutoArchiveEnabled":false,"taskAutoArchiveOlderThanDays":7,"closeToTrayOnWindows":true,"closeToTrayOnWindowsMigrationInitialized":true,"keepAwakeWhileRunning":false,"desktopChromiumHardwareAccelerationEnabled":false,"messageStreamShowReasoning":true,"messageStreamShowReasoningMigrationInitialized":true,"messageStreamShowTodos":false,"toolGroupingExploreEnabled":true,"toolGroupingTerminalEnabled":true,"toolGroupingChangesEnabled":false,"zcodeInteractionBehavior":"queue","askUserQuestionAutoResolutionEnabled":true,"modelIoFullRetentionEnabled":false,"startPlanRecommendationDismissed":false,"providerFamilyConnectionSelections":{},"providerFamilyDomain":"zai","providerFamilyDomainUpdatedAt":1790938580036,"providerFamilyDomainMigrated":true,"nativeSearchEnhancementsEnabled":true,"memoryEnabled":false,"lastWorkspaceSession":[{"kind":"local","workspacePath":"E:\\Xiadie\\Xiadie\\.runtime\\P01\\u08-no-key-1790938566650938700\\workspace","workspacePurpose":"project"},{"kind":"local","workspacePath":"E:\\Xiadie\\Xiadie\\.runtime\\P01\\u08-no-key-1790938566650938700\\data\\.zcode\\workspace\\default","workspacePurpose":"conversation"}],"lastActiveTabIndex":0,"receivePreviewUpdates":false,"autoDownloadAndInstallUpdates":false,"skippedElectronUpdateVersions":{},"settingsSyncFirstRunPromptHandled":true}
[2026-10-02 18:56:22.389] [pid:47308] [main] [host-log] (local-1) [host] [2026-10-02 18:56:22.388] [pid:22768] [settingService] write done
[2026-10-02 18:56:22.389] [pid:47308] [main] [host-log] (local-1) [host] [2026-10-02 18:56:22.388] [pid:22768] [zcode-host] [rpc:call] setting.update OK (5.7ms)
[2026-10-02 18:56:24.260] [pid:47308] [main] [host-log] (local-1) [host] [2026-10-02 18:56:24.122] [pid:22768] [zcode-host] [rpc:call] zcode-task.getTaskSessionFilePath OK (0.1ms)
[2026-10-02 18:56:24.260] [pid:47308] [renderer] v4 conversation store connect started {
  event: 'v4.conversation.store.connect.started',
  generation: 1,
  hasBase: false,
  module: 'ui.v4.conversation_projection_store',
  status: 'started',
  topic: 'conversation/6f2ead01-8f54-4918-82f3-7c73dc47dfb0'
}
[2026-10-02 18:56:24.261] [pid:47308] [renderer] v4 conversation subscription started {
  workspaceKey: 'E:\\Xiadie\\Xiadie\\.runtime\\P01\\u08-no-key-1790938566650938700\\workspace',
  workspacePath: 'E:\\Xiadie\\Xiadie\\.runtime\\P01\\u08-no-key-1790938566650938700\\workspace',
  event: 'v4.conversation.subscribe.started',
  module: 'ui.v4.conversation_transport',
  runtimeGeneration: 0,
  sessionId: '6f2ead01-8f54-4918-82f3-7c73dc47dfb0',
  status: 'started',
  topic: 'conversation/6f2ead01-8f54-4918-82f3-7c73dc47dfb0'
}
[2026-10-02 18:56:24.261] [pid:47308] [renderer] v4 session data lease acquired {
  event: 'v4.session_data.acquire',
  keepWarm: false,
  module: 'ui.v4.session_data_layer',
  openKind: 'cold',
  refCount: 1,
  sessionId: '6f2ead01-8f54-4918-82f3-7c73dc47dfb0',
  status: 'completed',
  topic: 'conversation/6f2ead01-8f54-4918-82f3-7c73dc47dfb0'
}
[2026-10-02 18:56:24.262] [pid:47308] [main] [host-log] (local-1) [host] [2026-10-02 18:56:24.122] [pid:22768] [zcode-host] [rpc:call] zcode-task.getTaskNativeSessionLogFile OK (0.4ms)
[2026-10-02 18:56:24.263] [pid:47308] [main] [host-log] (local-1) [host] [2026-10-02 18:56:24.123] [pid:22768] [zcode-agent-service] 开始请求 ZCode Protocol workspace/readPresentation {"workspaceKey":"E:\\Xiadie\\Xiadie\\.runtime\\P01\\u08-no-key-1790938566650938700\\workspace","workspacePath":"E:\\Xiadie\\Xiadie\\.runtime\\P01\\u08-no-key-1790938566650938700\\workspace"}
[2026-10-02 18:56:24.263] [pid:47308] [main] [host-log] (local-1) [host] [2026-10-02 18:56:24.123] [pid:22768] [zcode-host] [rpc:listen] zcode-agent.onAgentRuntimeRestarted subscribed
[2026-10-02 18:56:24.264] [pid:47308] [main] [host-log] (local-1) [host] [2026-10-02 18:56:24.124] [pid:22768] [zcode-host] [rpc:call] zcode-task.getTaskNativeSessionLogFile OK (0.2ms)
[2026-10-02 18:56:24.264] [pid:47308] [main] [host-log] (local-1) [host] [2026-10-02 18:56:24.124] [pid:22768] [zcode-host] [rpc:call] zcode-task.getTaskSessionFilePath OK (0.0ms)
[2026-10-02 18:56:24.265] [pid:47308] [main] [host-log] (local-1) [host] [2026-10-02 18:56:24.147] [pid:22768] [zcode-agent-service] account provider config 已交付到 ZCode agent {"providerCount":8,"reason":"workspace_read_presentation","receivedRevision":"account:[\"zcode-builtin:30:78a3d614b560528e4b5ff003d4b76373709f478d64b13c1f97c11658f190ea8d\",[{\"providerId\":\"account:zai-individual-coding-plan\",\"config\":{\"access\":{\"type\":\"zhipu-account\",\"entitled\":false}}},{\"providerId\":\"account:zai-team-coding-plan\",\"config\":{\"access\":{\"type\":\"zhipu-account\",\"entitled\":false}}},{\"providerId\":\"account:zai-start-plan\",\"config\":{\"access\":{\"type\":\"zhipu-account\",\"entitled\":false}}},{\"providerId\":\"account:bigmodel-individual-coding-plan\",\"config\":{\"access\":{\"type\":\"zhipu-account\",\"entitled\":false}}},{\"providerId\":\"account:bigmodel-team-coding-plan\",\"config\":{\"access\":{\"type\":\"zhipu-account\",\"entitled\":false}}},{\"providerId\":\"account:bigmodel-start-plan\",\"config\":{\"access\":{\"type\":\"zhipu-account\",\"entitled\":false}}},{\"providerId\":\"account:zai-offpeak-idle-plan\",\"config\":{\"access\":{\"type\":\"zhipu-account\",\"entitled\":false}}},{\"providerId\":\"account:bigmodel-offpeak-idle-plan\",\"config\":{\"access\":{\"type\":\"zhipu-account\",\"entitled\":false}}}],{\"account:zai-individual-coding-plan\":{\"availability\":\"unavailable\",\"entitled\":false,\"unavailableReason\":\"not-connected\",\"current\":false,\"connectionKey\":\"41717a7a173a5e88981ed3b30d6c754715277dce3b302a8e7b1386cdf57b9b4c\"},\"account:zai-team-coding-plan\":{\"availability\":\"unavailable\",\"entitled\":false,\"unavailableReason\":\"not-connected\",\"current\":false,\"connectionKey\":\"41717a7a173a5e88981ed3b30d6c754715277dce3b302a8e7b1386cdf57b9b4c\"},\"account:zai-start-plan\":{\"availability\":\"unavailable\",\"entitled\":false,\"unavailableReason\":\"not-connected\",\"current\":false,\"connectionKey\":\"b20a8f39ea1865b9bdbc4f21e0774500034895a93cdf0c737917b6532ebedcea\"},\"account:bigmodel-individual-coding-plan\":{\"availability\":\"unavailable\",\"entitled\":false,\"unavailableReason\":\"not-connected\",\"current\":false,\"connectionKey\":\"145736c8450a04bf4ba21aee47794f53d87ea79c5dc4cc5b9f27fbf5b6038d53\"},\"account:bigmodel-team-coding-plan\":{\"availability\":\"unavailable\",\"entitled\":false,\"unavailableReason\":\"not-connected\",\"current\":false,\"connectionKey\":\"145736c8450a04bf4ba21aee47794f53d87ea79c5dc4cc5b9f27fbf5b6038d53\"},\"account:bigmodel-start-plan\":{\"availability\":\"unavailable\",\"entitled\":false,\"unavailableReason\":\"not-connected\",\"current\":false,\"connectionKey\":\"116fde2fcda0bb10f88164a63caadb0a0ec8611edcf75b35a9924684f9ba84bd\"},\"account:zai-offpeak-idle-plan\":{\"availability\":\"unavailable\",\"entitled\":false},\"account:bigmodel-offpeak-idle-plan\":{\"availability\":\"unavailable\",\"entitled\":false}}]","status":"received"}
[2026-10-02 18:56:24.413] [pid:47308] [main] [host-log] (local-1) [host] [2026-10-02 18:56:24.413] [pid:22768] [settingService] writing settings to: E:\Xiadie\Xiadie\.runtime\P01\u08-no-key-1790938566650938700\home\.zcode\v2\setting.json {"recentProjects":[],"locale":"zh-CN","localePreference":"en-US","terminalInheritSystemProfile":true,"embeddedBrowserAllowInsecureCertificates":false,"embeddedBrowserViewportPreference":{"mode":"normal","viewport":{"width":393,"height":852},"zoom":"fit"},"computerUseComposerEntryHidden":true,"taskAutoArchiveEnabled":false,"taskAutoArchiveOlderThanDays":7,"closeToTrayOnWindows":true,"closeToTrayOnWindowsMigrationInitialized":true,"keepAwakeWhileRunning":false,"desktopChromiumHardwareAccelerationEnabled":false,"messageStreamShowReasoning":true,"messageStreamShowReasoningMigrationInitialized":true,"messageStreamShowTodos":false,"toolGroupingExploreEnabled":true,"toolGroupingTerminalEnabled":true,"toolGroupingChangesEnabled":false,"zcodeInteractionBehavior":"queue","askUserQuestionAutoResolutionEnabled":true,"modelIoFullRetentionEnabled":false,"startPlanRecommendationDismissed":false,"providerFamilyConnectionSelections":{},"providerFamilyDomain":"zai","providerFamilyDomainUpdatedAt":1790938580036,"providerFamilyDomainMigrated":true,"nativeSearchEnhancementsEnabled":true,"memoryEnabled":false,"lastWorkspaceSession":[{"kind":"local","workspacePath":"E:\\Xiadie\\Xiadie\\.runtime\\P01\\u08-no-key-1790938566650938700\\workspace","workspacePurpose":"project"},{"kind":"local","workspacePath":"E:\\Xiadie\\Xiadie\\.runtime\\P01\\u08-no-key-1790938566650938700\\data\\.zcode\\workspace\\default","workspacePurpose":"conversation"}],"lastActiveTabIndex":0,"receivePreviewUpdates":false,"autoDownloadAndInstallUpdates":false,"skippedElectronUpdateVersions":{},"settingsSyncFirstRunPromptHandled":true}
[2026-10-02 18:56:24.419] [pid:47308] [main] [host-log] (local-1) [host] [2026-10-02 18:56:24.418] [pid:22768] [settingService] write done
[2026-10-02 18:56:24.420] [pid:47308] [main] [host-log] (local-1) [host] [2026-10-02 18:56:24.418] [pid:22768] [zcode-host] [rpc:call] setting.update OK (6.5ms)
[2026-10-02 18:56:24.960] [pid:47308] [main] [host-log] (local-1) [host] [2026-10-02 18:56:24.959] [pid:22768] [zcode-host] [rpc:call] zcode-agent.conversationWorkflowRunsV4 OK (826.5ms)
[2026-10-02 18:56:24.986] [pid:47308] [main] [host-log] (local-1) [host] [2026-10-02 18:56:24.985] [pid:22768] [zcode-agent-service] ZCode Protocol workspace/readPresentation 完成 {"durationMs":862,"slashCommandCount":4,"workspaceKey":"E:\\Xiadie\\Xiadie\\.runtime\\P01\\u08-no-key-1790938566650938700\\workspace","workspacePath":"E:\\Xiadie\\Xiadie\\.runtime\\P01\\u08-no-key-1790938566650938700\\workspace"}
[2026-10-02 18:56:24.987] [pid:47308] [main] [host-log] (local-1) [host] [2026-10-02 18:56:24.986] [pid:22768] [zcode-host] [rpc:call] zcode-session.readWorkspacePresentation OK (863.1ms)
[2026-10-02 18:56:24.996] [pid:47308] [main] [host-log] (local-1) [host] [2026-10-02 18:56:24.996] [pid:22768] [zcode-host] [rpc:call] zcode-agent.subscribeConversationV4 OK (862.3ms)
[2026-10-02 18:56:25.000] [pid:47308] [renderer] v4 conversation subscription acknowledged {
  workspaceKey: 'E:\\Xiadie\\Xiadie\\.runtime\\P01\\u08-no-key-1790938566650938700\\workspace',
  workspacePath: 'E:\\Xiadie\\Xiadie\\.runtime\\P01\\u08-no-key-1790938566650938700\\workspace',
  durationMs: 876,
  event: 'v4.conversation.subscribe.acknowledged',
  module: 'ui.v4.conversation_transport',
  runtimeGeneration: 0,
  sessionId: '6f2ead01-8f54-4918-82f3-7c73dc47dfb0',
  status: 'completed',
  subscriptionId: 'sub-muqulcai-xd6n23ej-1',
  topic: 'conversation/6f2ead01-8f54-4918-82f3-7c73dc47dfb0'
}
[2026-10-02 18:56:25.005] [pid:47308] [renderer] v4 conversation subscription activated {
  workspaceKey: 'E:\\Xiadie\\Xiadie\\.runtime\\P01\\u08-no-key-1790938566650938700\\workspace',
  workspacePath: 'E:\\Xiadie\\Xiadie\\.runtime\\P01\\u08-no-key-1790938566650938700\\workspace',
  event: 'v4.conversation.subscribe.activated',
  module: 'ui.v4.conversation_transport',
  runtimeGeneration: 0,
  status: 'completed',
  subscriptionId: 'sub-muqulcai-xd6n23ej-1',
  topic: 'conversation/6f2ead01-8f54-4918-82f3-7c73dc47dfb0'
}
[2026-10-02 18:56:25.006] [pid:47308] [renderer] v4 conversation store connect completed {
  durationMs: 882,
  event: 'v4.conversation.store.connect.completed',
  generation: 1,
  logEpoch: 'muqulcai-xd6n23ej',
  mode: 'snapshot',
  module: 'ui.v4.conversation_projection_store',
  status: 'completed',
  subscriptionId: 'sub-muqulcai-xd6n23ej-1',
  topic: 'conversation/6f2ead01-8f54-4918-82f3-7c73dc47dfb0'
}
[2026-10-02 18:56:25.046] [pid:47308] [main] [host-log] (local-1) [host] [2026-10-02 18:56:25.045] [pid:22768] [zcode-host] [rpc:call] zcode-agent.conversationPlansV4 OK (1.9ms)
[2026-10-02 18:56:25.423] [pid:47308] [main] [host-log] (local-1) [host] [2026-10-02 18:56:25.422] [pid:22768] [settingService] writing settings to: E:\Xiadie\Xiadie\.runtime\P01\u08-no-key-1790938566650938700\home\.zcode\v2\setting.json {"recentProjects":[],"locale":"zh-CN","localePreference":"en-US","terminalInheritSystemProfile":true,"embeddedBrowserAllowInsecureCertificates":false,"embeddedBrowserViewportPreference":{"mode":"normal","viewport":{"width":393,"height":852},"zoom":"fit"},"computerUseComposerEntryHidden":true,"taskAutoArchiveEnabled":false,"taskAutoArchiveOlderThanDays":7,"closeToTrayOnWindows":true,"closeToTrayOnWindowsMigrationInitialized":true,"keepAwakeWhileRunning":false,"desktopChromiumHardwareAccelerationEnabled":false,"messageStreamShowReasoning":true,"messageStreamShowReasoningMigrationInitialized":true,"messageStreamShowTodos":false,"toolGroupingExploreEnabled":true,"toolGroupingTerminalEnabled":true,"toolGroupingChangesEnabled":false,"zcodeInteractionBehavior":"queue","askUserQuestionAutoResolutionEnabled":true,"modelIoFullRetentionEnabled":false,"startPlanRecommendationDismissed":false,"providerFamilyConnectionSelections":{},"providerFamilyDomain":"zai","providerFamilyDomainUpdatedAt":1790938580036,"providerFamilyDomainMigrated":true,"nativeSearchEnhancementsEnabled":true,"memoryEnabled":false,"lastWorkspaceSession":[{"kind":"local","workspacePath":"E:\\Xiadie\\Xiadie\\.runtime\\P01\\u08-no-key-1790938566650938700\\workspace","workspacePurpose":"project"},{"kind":"local","workspacePath":"E:\\Xiadie\\Xiadie\\.runtime\\P01\\u08-no-key-1790938566650938700\\data\\.zcode\\workspace\\default","workspacePurpose":"conversation"}],"lastActiveTabIndex":0,"receivePreviewUpdates":false,"autoDownloadAndInstallUpdates":false,"skippedElectronUpdateVersions":{},"settingsSyncFirstRunPromptHandled":true}
[2026-10-02 18:56:25.428] [pid:47308] [main] [host-log] (local-1) [host] [2026-10-02 18:56:25.427] [pid:22768] [settingService] write done
[2026-10-02 18:56:25.429] [pid:47308] [main] [host-log] (local-1) [host] [2026-10-02 18:56:25.427] [pid:22768] [zcode-host] [rpc:call] setting.update OK (6.0ms)
[2026-10-02 18:56:27.514] [pid:47308] [main] [app-quit] forceQuit enabled (app-before-quit)
[2026-10-02 18:56:27.515] [pid:47308] [main] [stability] perf_app_exit reported { scene: 'app_quit', exitCode: 0 }
[2026-10-02 18:56:27.515] [pid:47308] [main] [app-quit] waiting for host process cleanup (app-before-quit), kind=normal, hosts=1, forceKillDelayMs=4000, waitTimeoutMs=4500
[2026-10-02 18:56:27.516] [pid:47308] [main] [disposeHostProcess] disposing host process (app-before-quit-1), pid=22768
[2026-10-02 18:56:27.518] [pid:47308] [main] [host-log] (local-1) [host] [2026-10-02 18:56:27.517] [pid:22768] [zcode-host] disposing host resources, reason=parent dispose
[2026-10-02 18:56:27.551] [pid:47308] [main] [host-log] (local-1) [host] [2026-10-02 18:56:27.551] [pid:22768] [zcode-agent] ZCode agent process exited {"workspaceKey":"E:\\Xiadie\\Xiadie\\.runtime\\P01\\u08-no-key-1790938566650938700\\workspace","pid":38028,"runtimeIdentity":"E:\\Xiadie\\Xiadie\\.runtime\\P01\\u08-no-key-1790938566650938700\\workspace:1:38028","code":0,"signal":null,"terminationKind":"expected","terminationReason":"manager-dispose"}
[2026-10-02 18:56:27.553] [pid:47308] [main] [host-log] (local-1) [host] [2026-10-02 18:56:27.552] [pid:22768] [zcode-agent] ZCode agent process cleanup completed {"workspaceKey":"E:\\Xiadie\\Xiadie\\.runtime\\P01\\u08-no-key-1790938566650938700\\workspace","pid":38028,"runtimeIdentity":"E:\\Xiadie\\Xiadie\\.runtime\\P01\\u08-no-key-1790938566650938700\\workspace:1:38028","reason":"manager-dispose"}
[2026-10-02 18:56:27.556] [pid:47308] [main] [task-realtime] unregistered host { hostId: 'caf1bf4b-e6c3-471c-97ba-91e6aef3e593', windowId: 1 }
[2026-10-02 18:56:27.556] [pid:47308] [main] [spawnHostProcess] host process (local-1) exited with code 0
[2026-10-02 18:56:29.025] [pid:47308] [main] [app-quit] host process cleanup completed (app-before-quit)
[2026-10-02 18:56:29.026] [pid:47308] [main] [app-quit] preparation finished, resuming quit with windows=1
[2026-10-02 18:56:29.031] [pid:47308] [main] [createWindow] window closed, killing host process (local-1)
[2026-10-02 18:56:29.032] [pid:47308] [main] [app-quit] all windows closed after preparation, exiting app
[2026-10-02 18:56:29.032] [pid:47308] [main] [app-quit] exiting prepared app (all-windows-closed-after-preparation)
[2026-10-02 18:56:29.986] [pid:45780] [main] [open-folder] Windows Explorer 右键菜单已安装或更新 {
  executablePath: 'E:\\Xiadie\\Xiadie\\.runtime\\P01\\desktop-source\\node_modules\\electron\\dist\\electron.exe',
  hasDefaultAppEntry: true,
  locale: 'zh-CN'
}
[2026-10-02 18:56:29.988] [pid:45780] [main] [desktop-network] renderer proxy mode=direct bypass=disabled customCa=disabled insecureCerts=rejected
[2026-10-02 18:56:29.989] [pid:45780] [main] [desktop-network] renderer proxy mode=system bypass=disabled customCa=disabled insecureCerts=rejected
[2026-10-02 18:56:29.991] [pid:45780] [main] [auto-update] disabled for this desktop product flavor
[2026-10-02 18:56:30.004] [pid:45780] [main] [resource] sampling started interval=10000ms report=60000ms
[2026-10-02 18:56:30.005] [pid:45780] [main] [network] reporting started interval=60000ms
[2026-10-02 18:56:30.005] [pid:45780] [main] [force-update] Preview 跳过远端强制升级检查
[2026-10-02 18:56:30.006] [pid:45780] [main] [startup] 创建主窗口
[2026-10-02 18:56:30.006] [pid:45780] [main] [primary-window] creating main window (app-ready)
[2026-10-02 18:56:30.008] [pid:45780] [main] [startup-workspace] using explicit open workspace: E:\Xiadie\Xiadie\.runtime\P01\u08-no-key-1790938566650938700\workspace
[2026-10-02 18:56:30.699] [pid:45780] [main] [createWindow] dom-ready fired (local-1)
[2026-10-02 18:56:30.705] [pid:45780] [main] [desktop-context-prompt] first host spawn decision resolved { enabled: false, configVersion: undefined }
[2026-10-02 18:56:30.708] [pid:45780] [main] [spawnHostProcess] forked host process for (local-1), pid=undefined
[2026-10-02 18:56:30.709] [pid:45780] [main] [spawnHostProcess] host module path: E:\Xiadie\Xiadie\.runtime\P01\u08-desktop-04\packages\desktop\out\host\index.js
[2026-10-02 18:56:30.709] [pid:45780] [main] [spawnHostProcess] glm binary path: <not found>
[2026-10-02 18:56:30.709] [pid:45780] [main] [spawnHostProcess] BIGMODEL_OAUTH_APP_SECRET source: fallback
[2026-10-02 18:56:30.710] [pid:45780] [main] [task-realtime] registered host {
  hostId: 'db0c142d-ddba-4d0b-8fe3-5ae7ded4794e',
  windowId: 1,
  workspaceKeyCount: 0,
  deliveryKind: 'desktop_window'
}
[2026-10-02 18:56:32.955] [pid:45780] [main] [host-log] (local-1) [host] [2026-10-02 18:56:32.955] [pid:45424] [zcode-host] initializing local services
[2026-10-02 18:56:32.961] [pid:45780] [main] [host-log] (local-1) [host] [2026-10-02 18:56:32.960] [pid:45424] [cua-pip-session] [cua-pip-session] wiring resolved {"enabled":false,"platform":"win32","serviceAuthorityMode":"desktop-local","lifecycleWired":true}
[2026-10-02 18:56:32.967] [pid:45780] [main] [host-log] (local-1) [host] [2026-10-02 18:56:32.967] [pid:45424] [zcode-agent-service] 开始初始化 ZCode agent {"workspaceKey":"E:\\Xiadie\\Xiadie\\.runtime\\P01\\u08-no-key-1790938566650938700\\workspace","workspacePath":"E:\\Xiadie\\Xiadie\\.runtime\\P01\\u08-no-key-1790938566650938700\\workspace"}
[2026-10-02 18:56:32.968] [pid:45780] [main] [host-log] (local-1) [host] [2026-10-02 18:56:32.967] [pid:45424] [zcode-host] exposing services on ChannelServer...
[2026-10-02 18:56:32.968] [pid:45780] [main] [host-log] (local-1) [host] [2026-10-02 18:56:32.967] [pid:45424] [zcode-host] creating ChannelServer (deferInit=false)
[2026-10-02 18:56:32.969] [pid:45780] [main] [host-log] (local-1) [host] [2026-10-02 18:56:32.968] [pid:45424] [zcode-host] [rpc:register] channel "file"
[2026-10-02 18:56:32.969] [pid:45780] [main] [host-log] (local-1) [host] [2026-10-02 18:56:32.968] [pid:45424] [zcode-host] [rpc:register] channel "media-preview"
[2026-10-02 18:56:32.970] [pid:45780] [main] [host-log] (local-1) [host] [2026-10-02 18:56:32.968] [pid:45424] [zcode-host] [rpc:register] channel "git"
[2026-10-02 18:56:32.970] [pid:45780] [main] [host-log] (local-1) [host] [2026-10-02 18:56:32.968] [pid:45424] [zcode-host] [rpc:register] channel "git-checkpoint"
[2026-10-02 18:56:32.970] [pid:45780] [main] [host-log] (local-1) [host] [2026-10-02 18:56:32.968] [pid:45424] [zcode-host] [rpc:register] channel "system"
[2026-10-02 18:56:32.971] [pid:45780] [main] [host-log] (local-1) [host] [2026-10-02 18:56:32.968] [pid:45424] [zcode-host] [rpc:register] channel "terminal"
[2026-10-02 18:56:32.972] [pid:45780] [main] [host-log] (local-1) [host] [2026-10-02 18:56:32.968] [pid:45424] [zcode-host] [rpc:register] channel "setting"
[2026-10-02 18:56:32.972] [pid:45780] [main] [host-log] (local-1) [host] [2026-10-02 18:56:32.968] [pid:45424] [zcode-host] [rpc:register] channel "onboarding-record"
[2026-10-02 18:56:32.972] [pid:45780] [main] [host-log] (local-1) [host] [2026-10-02 18:56:32.968] [pid:45424] [zcode-host] [rpc:register] channel "credential"
[2026-10-02 18:56:32.973] [pid:45780] [main] [host-log] (local-1) [host] [2026-10-02 18:56:32.968] [pid:45424] [zcode-host] [rpc:register] channel "broadcast"
[2026-10-02 18:56:32.973] [pid:45780] [main] [host-log] (local-1) [host] [2026-10-02 18:56:32.968] [pid:45424] [zcode-host] [rpc:register] channel "zcode-task"
[2026-10-02 18:56:32.974] [pid:45780] [main] [host-log] (local-1) [host] [2026-10-02 18:56:32.968] [pid:45424] [zcode-host] [rpc:register] channel "zcode-agent"
[2026-10-02 18:56:32.974] [pid:45780] [main] [host-log] (local-1) [host] [2026-10-02 18:56:32.968] [pid:45424] [zcode-host] [rpc:register] channel "zcode-session"
[2026-10-02 18:56:32.974] [pid:45780] [main] [host-log] (local-1) [host] [2026-10-02 18:56:32.968] [pid:45424] [zcode-host] [rpc:register] channel "cua-permission"
[2026-10-02 18:56:32.975] [pid:45780] [main] [host-log] (local-1) [host] [2026-10-02 18:56:32.968] [pid:45424] [zcode-host] [rpc:register] channel "cua-pip-session"
[2026-10-02 18:56:32.975] [pid:45780] [main] [host-log] (local-1) [host] [2026-10-02 18:56:32.968] [pid:45424] [zcode-host] [rpc:register] channel "conversation-share"
[2026-10-02 18:56:32.976] [pid:45780] [main] [host-log] (local-1) [host] [2026-10-02 18:56:32.969] [pid:45424] [zcode-host] [rpc:register] channel "bots"
[2026-10-02 18:56:32.977] [pid:45780] [main] [host-log] (local-1) [host] [2026-10-02 18:56:32.969] [pid:45424] [zcode-host] [rpc:register] channel "file-watcher"
[2026-10-02 18:56:32.977] [pid:45780] [main] [host-log] (local-1) [host] [2026-10-02 18:56:32.969] [pid:45424] [zcode-host] [rpc:register] channel "oauth"
[2026-10-02 18:56:32.978] [pid:45780] [main] [host-log] (local-1) [host] [2026-10-02 18:56:32.969] [pid:45424] [zcode-host] [rpc:register] channel "usage-stats"
[2026-10-02 18:56:32.978] [pid:45780] [main] [host-log] (local-1) [host] [2026-10-02 18:56:32.969] [pid:45424] [zcode-host] [rpc:register] channel "coding-plan-subscription"
[2026-10-02 18:56:32.979] [pid:45780] [main] [host-log] (local-1) [host] [2026-10-02 18:56:32.969] [pid:45424] [zcode-host] [rpc:register] channel "client-config"
[2026-10-02 18:56:32.980] [pid:45780] [main] [host-log] (local-1) [host] [2026-10-02 18:56:32.969] [pid:45424] [zcode-host] [rpc:register] channel "client-scenes"
[2026-10-02 18:56:32.981] [pid:45780] [main] [host-log] (local-1) [host] [2026-10-02 18:56:32.969] [pid:45424] [zcode-host] [rpc:register] channel "off-peak-task"
[2026-10-02 18:56:32.981] [pid:45780] [main] [host-log] (local-1) [host] [2026-10-02 18:56:32.969] [pid:45424] [zcode-host] [rpc:register] channel "skills"
[2026-10-02 18:56:32.982] [pid:45780] [main] [host-log] (local-1) [host] [2026-10-02 18:56:32.969] [pid:45424] [zcode-host] [rpc:register] channel "skill-sync"
[2026-10-02 18:56:32.983] [pid:45780] [main] [host-log] (local-1) [host] [2026-10-02 18:56:32.969] [pid:45424] [zcode-host] [rpc:register] channel "mcp-sync"
[2026-10-02 18:56:32.983] [pid:45780] [main] [host-log] (local-1) [host] [2026-10-02 18:56:32.969] [pid:45424] [zcode-host] [rpc:register] channel "plugin-sync"
[2026-10-02 18:56:32.984] [pid:45780] [main] [host-log] (local-1) [host] [2026-10-02 18:56:32.969] [pid:45424] [zcode-host] [rpc:register] channel "plugins"
[2026-10-02 18:56:32.984] [pid:45780] [main] [host-log] (local-1) [host] [2026-10-02 18:56:32.969] [pid:45424] [zcode-host] [rpc:register] channel "plugin-management"
[2026-10-02 18:56:32.985] [pid:45780] [main] [host-log] (local-1) [host] [2026-10-02 18:56:32.969] [pid:45424] [zcode-host] [rpc:register] channel "subagents"
[2026-10-02 18:56:32.985] [pid:45780] [main] [host-log] (local-1) [host] [2026-10-02 18:56:32.969] [pid:45424] [zcode-host] [rpc:register] channel "commands"
[2026-10-02 18:56:32.985] [pid:45780] [main] [host-log] (local-1) [host] [2026-10-02 18:56:32.969] [pid:45424] [zcode-host] [rpc:register] channel "hooks"
[2026-10-02 18:56:32.986] [pid:45780] [main] [host-log] (local-1) [host] [2026-10-02 18:56:32.969] [pid:45424] [zcode-host] [rpc:register] channel "memory"
[2026-10-02 18:56:32.986] [pid:45780] [main] [host-log] (local-1) [host] [2026-10-02 18:56:32.969] [pid:45424] [zcode-host] [rpc:register] channel "settings-sync"
[2026-10-02 18:56:32.987] [pid:45780] [main] [host-log] (local-1) [host] [2026-10-02 18:56:32.969] [pid:45424] [zcode-host] [rpc:register] channel "feedback"
[2026-10-02 18:56:32.987] [pid:45780] [main] [host-log] (local-1) [host] [2026-10-02 18:56:32.969] [pid:45424] [zcode-host] [rpc:register] channel "prompt-attachment-transfer"
[2026-10-02 18:56:32.987] [pid:45780] [main] [host-log] (local-1) [host] [2026-10-02 18:56:32.969] [pid:45424] [zcode-host] [rpc:register] channel "provider-settings"
[2026-10-02 18:56:32.988] [pid:45780] [main] [host-log] (local-1) [host] [2026-10-02 18:56:32.969] [pid:45424] [zcode-host] [rpc:register] channel "model-selection"
[2026-10-02 18:56:32.988] [pid:45780] [main] [host-log] (local-1) [host] [2026-10-02 18:56:32.969] [pid:45424] [zcode-host] [rpc:register] channel "window-controller"
[2026-10-02 18:56:32.989] [pid:45780] [main] [host-log] (local-1) [host] [2026-10-02 18:56:32.969] [pid:45424] [zcode-host] service connection ready mode=desktop-continuous
[2026-10-02 18:56:32.989] [pid:45780] [main] [host-log] (local-1) [host] [2026-10-02 18:56:32.969] [pid:45424] [zcode-host] window Host topology, reason=base-attachment-ready, pid=45424, connections=0, logicalSessions=0, attachments=1
[2026-10-02 18:56:32.989] [pid:45780] [main] [host-log] (local-1) [host] [2026-10-02 18:56:32.969] [pid:45424] [zcode-host] local services ready, all channels registered
[2026-10-02 18:56:32.990] [pid:45780] [main] [database-startup] terminal {
  attemptId: 'c29c07ea-e40a-4347-90f9-e71e62691c95',
  status: 'ready',
  durationMs: 1840,
  errorCode: undefined,
  disk: [
    {
      scopeId: 'df81e191609143170757a1d69e37b8a237e4ca4bd99588ddaf1f2f5467edaaaf',
      observedAvailableDropPeakBytes: 0,
      minAvailableBytes: 274931007488,
      quality: 'complete',
      sampledAt: 1790938591926
    }
  ]
}
[2026-10-02 18:56:32.992] [pid:45780] [main] [cron-scheduler] forked scheduler process pid=undefined
[2026-10-02 18:56:33.004] [pid:45780] [main] [task-realtime] updated host workspace scopes {
  hostId: 'db0c142d-ddba-4d0b-8fe3-5ae7ded4794e',
  workspaceKeyCount: 0
}
[2026-10-02 18:56:33.040] [pid:45780] [main] [host-log] (local-1) [host] [2026-10-02 18:56:33.004] [pid:45424] [zcode-host] [rpc:listen] broadcast.onMessage subscribed
[2026-10-02 18:56:33.097] [pid:45780] [main] [host-log] (local-1) [host] [2026-10-02 18:56:33.005] [pid:45424] [zcode-host] [rpc:listen] zcode-agent.onDynamicCuaPermissionObservation subscribed
[2026-10-02 18:56:33.098] [pid:45780] [main] [host-log] (local-1) [host] [2026-10-02 18:56:33.006] [pid:45424] [zcode-host] [rpc:listen] model-selection.onDidChange subscribed
[2026-10-02 18:56:33.099] [pid:45780] [main] [host-log] (local-1) [host] [2026-10-02 18:56:33.006] [pid:45424] [zcode-host] [rpc:listen] broadcast.onMessage subscribed
[2026-10-02 18:56:33.100] [pid:45780] [main] [host-log] (local-1) [host] [2026-10-02 18:56:33.006] [pid:45424] [zcode-host] [rpc:listen] provider-settings.onDidChange subscribed
[2026-10-02 18:56:33.101] [pid:45780] [main] [host-log] (local-1) [host] [2026-10-02 18:56:33.006] [pid:45424] [zcode-host] [rpc:listen] broadcast.onMessage subscribed
[2026-10-02 18:56:33.102] [pid:45780] [main] [host-log] (local-1) [host] [2026-10-02 18:56:33.006] [pid:45424] [zcode-host] [rpc:listen] provider-settings.onDidChange subscribed
[2026-10-02 18:56:33.103] [pid:45780] [main] [host-log] (local-1) [host] [2026-10-02 18:56:33.007] [pid:45424] [zcode-host] [rpc:listen] broadcast.onMessage subscribed
[2026-10-02 18:56:33.103] [pid:45780] [main] [host-log] (local-1) [host] [2026-10-02 18:56:33.007] [pid:45424] [zcode-host] [rpc:listen] broadcast.onMessage subscribed
[2026-10-02 18:56:33.104] [pid:45780] [main] [host-log] (local-1) [host] [2026-10-02 18:56:33.007] [pid:45424] [oauthService] restoreCachedSession skipped: no active provider
[2026-10-02 18:56:33.105] [pid:45780] [main] [host-log] (local-1) [host] [2026-10-02 18:56:33.007] [pid:45424] [zcode-host] [rpc:call] oauth.restoreCachedSessionState OK (0.8ms)
[2026-10-02 18:56:33.105] [pid:45780] [main] [host-log] (local-1) [host] [2026-10-02 18:56:33.011] [pid:45424] [zcode-host] [rpc:call] setting.get OK (5.2ms)
[2026-10-02 18:56:33.106] [pid:45780] [main] [host-log] (local-1) [host] [2026-10-02 18:56:33.012] [pid:45424] [zcode-host] [rpc:call] setting.get OK (5.9ms)
[2026-10-02 18:56:33.107] [pid:45780] [main] [host-log] (local-1) [host] [2026-10-02 18:56:33.012] [pid:45424] [zcode-host] [rpc:call] setting.get OK (5.4ms)
[2026-10-02 18:56:33.108] [pid:45780] [main] [host-log] (local-1) [host] [2026-10-02 18:56:33.015] [pid:45424] [zcode-host] [rpc:call] zcode-agent.syncAppRuntimePreferences OK (0.1ms)
[2026-10-02 18:56:33.109] [pid:45780] [main] [host-log] (local-1) [host] [2026-10-02 18:56:33.015] [pid:45424] [zcode-host] [rpc:call] bots.syncAppRuntimePreferences OK (0.1ms)
[2026-10-02 18:56:33.109] [pid:45780] [main] [host-log] (local-1) [host] [2026-10-02 18:56:33.016] [pid:45424] [zcode-host] [rpc:listen] zcode-agent.onDynamicCuaPermissionObservation subscribed
[2026-10-02 18:56:33.110] [pid:45780] [main] [host-log] (local-1) [host] [2026-10-02 18:56:33.017] [pid:45424] [zcode-host] [rpc:listen] broadcast.onMessage subscribed
[2026-10-02 18:56:33.112] [pid:45780] [main] [host-log] (local-1) [host] [2026-10-02 18:56:33.018] [pid:45424] [zcode-host] [rpc:call] coding-plan-subscription.getDynamicWorkflowClientConfig OK (12.8ms)
[2026-10-02 18:56:33.112] [pid:45780] [main] [host-log] (local-1) [host] [2026-10-02 18:56:33.018] [pid:45424] [oauthService] restoreCachedSession skipped: no active provider
[2026-10-02 18:56:33.113] [pid:45780] [main] [host-log] (local-1) [host] [2026-10-02 18:56:33.018] [pid:45424] [zcode-host] [rpc:call] oauth.restoreCachedSessionState OK (2.2ms)
[2026-10-02 18:56:33.114] [pid:45780] [main] [open-folder] Windows Explorer 右键菜单已安装或更新 {
  executablePath: 'E:\\Xiadie\\Xiadie\\.runtime\\P01\\desktop-source\\node_modules\\electron\\dist\\electron.exe',
  hasDefaultAppEntry: true,
  locale: 'zh-CN'
}
[2026-10-02 18:56:33.121] [pid:45780] [main] [cron-scheduler] scheduler process exited code=1
[2026-10-02 18:56:33.124] [pid:45780] [main] [open-folder] Windows Explorer 右键菜单已安装或更新 {
  executablePath: 'E:\\Xiadie\\Xiadie\\.runtime\\P01\\desktop-source\\node_modules\\electron\\dist\\electron.exe',
  hasDefaultAppEntry: true,
  locale: 'en-US'
}
[2026-10-02 18:56:33.127] [pid:45780] [main] [crash-capture] child-process-gone: {
  type: 'Utility',
  reason: 'killed',
  exitCode: 1,
  serviceName: 'node.mojom.NodeService',
  name: 'zcode-cron-scheduler'
}
[2026-10-02 18:56:33.128] [pid:45780] [main] [stability] perf_process_exit reported {
  exit_code: 1,
  exit_reason: 'killed',
  process_role: 'utility',
  exit_kind: 'normal',
  process_type: 'Utility',
  process_name: 'node.mojom.NodeService'
}
[2026-10-02 18:56:33.129] [pid:45780] [main] [host-log] (local-1) [host] [2026-10-02 18:56:33.123] [pid:45424] [provider-runtime][trace:Provider Registry 已就绪] {"configRevision":"[\"zcode-builtin:30:78a3d614b560528e4b5ff003d4b76373709f478d64b13c1f97c11658f190ea8d\",\"2915b997aefbd6c7fe8ccfc87153713dc11851987034eec5a515e9660ac81b0e\"]","providerCount":0}
[2026-10-02 18:56:33.132] [pid:45780] [main] [host-log] (local-1) [host] [2026-10-02 18:56:33.125] [pid:45424] [zcode-host] [rpc:call] provider-settings.getView OK (118.7ms)
[2026-10-02 18:56:33.133] [pid:45780] [main] [host-log] (local-1) [host] [2026-10-02 18:56:33.125] [pid:45424] [zcode-host] [rpc:call] provider-settings.getView OK (118.6ms)
[2026-10-02 18:56:33.134] [pid:45780] [main] [host-log] (local-1) [host] [2026-10-02 18:56:33.126] [pid:45424] [zcode-host] [rpc:call] model-selection.getView OK (120.2ms)
[2026-10-02 18:56:33.134] [pid:45780] [main] [host-log] (local-1) [host] [2026-10-02 18:56:33.127] [pid:45424] [zcode-agent-service] provider/model 尚未就绪，ZCode agent 保持未启动 {"providerCount":0,"revision":"model-selection:1","workspaceKey":"E:\\Xiadie\\Xiadie\\.runtime\\P01\\u08-no-key-1790938566650938700\\workspace","workspacePath":"E:\\Xiadie\\Xiadie\\.runtime\\P01\\u08-no-key-1790938566650938700\\workspace"}
[2026-10-02 18:56:33.135] [pid:45780] [main] [host-log] (local-1) [host] [2026-10-02 18:56:33.129] [pid:45424] [zcode-agent] ZCode agent command resolved {"workspaceKey":"E:\\Xiadie\\Xiadie\\.runtime\\P01\\u08-no-key-1790938566650938700\\workspace","command":"E:\\Xiadie\\Xiadie\\.runtime\\P01\\desktop-source\\node_modules\\electron\\dist\\electron.exe","effectiveCommand":"E:\\Xiadie\\Xiadie\\.runtime\\P01\\desktop-source\\node_modules\\electron\\dist\\electron.exe","resolveCommandDurationMs":0}
[2026-10-02 18:56:33.136] [pid:45780] [main] [host-log] (local-1) [host] [2026-10-02 18:56:33.129] [pid:45424] [zcode-host] [rpc:call] credential.load OK (2.3ms)
[2026-10-02 18:56:33.137] [pid:45780] [main] [host-log] (local-1) [host] [2026-10-02 18:56:33.129] [pid:45424] [zcode-host] [rpc:call] credential.load OK (2.4ms)
[2026-10-02 18:56:33.140] [pid:45780] [main] [host-log] (local-1) [host] [2026-10-02 18:56:33.137] [pid:45424] [zcode-host] [rpc:call] oauth.getProviders OK (0.1ms)
[2026-10-02 18:56:33.140] [pid:45780] [main] [host-log] (local-1) [host] [2026-10-02 18:56:33.137] [pid:45424] [zcode-host] [rpc:call] oauth.getProviders OK (0.0ms)
[2026-10-02 18:56:33.148] [pid:45780] [main] [host-log] (local-1) [host] [2026-10-02 18:56:33.148] [pid:45424] [zcode-host] [rpc:call] oauth.getActiveProvider OK (9.6ms)
[2026-10-02 18:56:33.150] [pid:45780] [main] [host-log] (local-1) [host] [2026-10-02 18:56:33.148] [pid:45424] [zcode-host] [rpc:call] oauth.getActiveProvider OK (2.9ms)
[2026-10-02 18:56:33.152] [pid:45780] [main] [host-log] (local-1) [host] [2026-10-02 18:56:33.150] [pid:45424] [zcode-agent] ZCode agent spawn preflight {"workspaceKey":"E:\\Xiadie\\Xiadie\\.runtime\\P01\\u08-no-key-1790938566650938700\\workspace","spawnPreflight":{"command":"E:\\Xiadie\\Xiadie\\.runtime\\P01\\desktop-source\\node_modules\\electron\\dist\\electron.exe","args":["E:\\Xiadie\\Xiadie\\.runtime\\P01\\desktop-source\\apps\\zcode-cli\\packages\\cli\\dist\\zcode.cjs","app-server","--stdio"],"requestedCwd":"E:\\Xiadie\\Xiadie\\.runtime\\P01\\u08-no-key-1790938566650938700\\workspace","cwd":"E:\\Xiadie\\Xiadie\\.runtime\\P01\\u08-no-key-1790938566650938700\\workspace","cwdSource":"command","commandPathKind":"absolute","commandExists":true,"cwdExists":true}}
[2026-10-02 18:56:33.167] [pid:45780] [main] [stability] perf_agent_start reported {
  pid: 8392,
  runtimeGeneration: 1,
  runtimeInstanceId: 'agent-035b41f3-ab6b-4490-bd6f-bbada7e4ec36'
}
[2026-10-02 18:56:33.169] [pid:45780] [main] [host-log] (local-1) [host] [2026-10-02 18:56:33.166] [pid:45424] [zcode-agent] ZCode agent process started {"workspaceKey":"E:\\Xiadie\\Xiadie\\.runtime\\P01\\u08-no-key-1790938566650938700\\workspace","command":"E:\\Xiadie\\Xiadie\\.runtime\\P01\\desktop-source\\node_modules\\electron\\dist\\electron.exe","cwd":"E:\\Xiadie\\Xiadie\\.runtime\\P01\\u08-no-key-1790938566650938700\\workspace","pid":8392,"durationMs":38}
[2026-10-02 18:56:33.914] [pid:45780] [main] [stability] perf_app_start reported
[2026-10-02 18:56:34.030] [pid:45780] [main] [host-log] (local-1) [host] [2026-10-02 18:56:34.030] [pid:45424] [zcode-agent-service] 为只读会话控制面启动 ZCode agent {"workspaceKey":"E:\\Xiadie\\Xiadie\\.runtime\\P01\\u08-no-key-1790938566650938700\\workspace","workspacePath":"E:\\Xiadie\\Xiadie\\.runtime\\P01\\u08-no-key-1790938566650938700\\workspace"}
[2026-10-02 18:56:34.031] [pid:45780] [main] [host-log] (local-1) [host] [2026-10-02 18:56:34.030] [pid:45424] [zcode-agent-service] ZCode agent 初始化完成 {"durationMs":1063,"transportKind":"stdio","workspaceKey":"E:\\Xiadie\\Xiadie\\.runtime\\P01\\u08-no-key-1790938566650938700\\workspace","workspacePath":"E:\\Xiadie\\Xiadie\\.runtime\\P01\\u08-no-key-1790938566650938700\\workspace"}
[2026-10-02 18:56:34.032] [pid:45780] [main] [host-log] (local-1) [host] [2026-10-02 18:56:34.030] [pid:45424] [zcode-host] ZCode agent warmup ready (local host init (1/1)) workspace=E:\Xiadie\Xiadie\.runtime\P01\u08-no-key-1790938566650938700\workspace transport=stdio
[2026-10-02 18:56:36.521] [pid:45780] [main] [host-log] (local-1) [host] [2026-10-02 18:56:36.521] [pid:45424] [settingService] writing settings to: E:\Xiadie\Xiadie\.runtime\P01\u08-no-key-1790938566650938700\home\.zcode\v2\setting.json {"recentProjects":[],"locale":"zh-CN","localePreference":"en-US","terminalInheritSystemProfile":true,"embeddedBrowserAllowInsecureCertificates":false,"embeddedBrowserViewportPreference":{"mode":"normal","viewport":{"width":393,"height":852},"zoom":"fit"},"computerUseComposerEntryHidden":true,"taskAutoArchiveEnabled":false,"taskAutoArchiveOlderThanDays":7,"closeToTrayOnWindows":true,"closeToTrayOnWindowsMigrationInitialized":true,"keepAwakeWhileRunning":false,"desktopChromiumHardwareAccelerationEnabled":false,"messageStreamShowReasoning":true,"messageStreamShowReasoningMigrationInitialized":true,"messageStreamShowTodos":false,"toolGroupingExploreEnabled":true,"toolGroupingTerminalEnabled":true,"toolGroupingChangesEnabled":false,"zcodeInteractionBehavior":"queue","askUserQuestionAutoResolutionEnabled":true,"modelIoFullRetentionEnabled":false,"startPlanRecommendationDismissed":false,"providerFamilyConnectionSelections":{},"providerFamilyDomain":"zai","providerFamilyDomainUpdatedAt":1790938596518,"providerFamilyDomainMigrated":true,"nativeSearchEnhancementsEnabled":true,"memoryEnabled":false,"lastWorkspaceSession":[{"kind":"local","workspacePath":"E:\\Xiadie\\Xiadie\\.runtime\\P01\\u08-no-key-1790938566650938700\\workspace","workspacePurpose":"project"},{"kind":"local","workspacePath":"E:\\Xiadie\\Xiadie\\.runtime\\P01\\u08-no-key-1790938566650938700\\data\\.zcode\\workspace\\default","workspacePurpose":"conversation"}],"lastActiveTabIndex":0,"receivePreviewUpdates":false,"autoDownloadAndInstallUpdates":false,"skippedElectronUpdateVersions":{},"settingsSyncFirstRunPromptHandled":true}
[2026-10-02 18:56:36.527] [pid:45780] [main] [host-log] (local-1) [host] [2026-10-02 18:56:36.526] [pid:45424] [settingService] write done
[2026-10-02 18:56:36.528] [pid:45780] [main] [host-log] (local-1) [host] [2026-10-02 18:56:36.527] [pid:45424] [zcode-host] [rpc:call] setting.update OK (9.1ms)
[2026-10-02 18:56:36.571] [pid:45780] [main] [host-log] (local-1) [host] [2026-10-02 18:56:36.571] [pid:45424] [zcode-host] [rpc:call] setting.get OK (0.7ms)
[2026-10-02 18:56:36.573] [pid:45780] [main] [host-log] (local-1) [host] [2026-10-02 18:56:36.572] [pid:45424] [zcode-host] [rpc:call] file.ensureConversationWorkspace OK (0.5ms)
[2026-10-02 18:56:36.575] [pid:45780] [main] [task-realtime] updated host workspace scopes {
  hostId: 'db0c142d-ddba-4d0b-8fe3-5ae7ded4794e',
  workspaceKeyCount: 1
}
[2026-10-02 18:56:36.578] [pid:45780] [main] [host-log] (local-1) [host] [2026-10-02 18:56:36.578] [pid:45424] [zcode-host] [rpc:call] setting.get OK (0.7ms)
[2026-10-02 18:56:36.579] [pid:45780] [main] [host-log] (local-1) [host] [2026-10-02 18:56:36.578] [pid:45424] [zcode-host] [rpc:call] file.ensureConversationWorkspace OK (0.4ms)
[2026-10-02 18:56:36.581] [pid:45780] [main] [host-log] (local-1) [host] [2026-10-02 18:56:36.580] [pid:45424] [settingService] writing settings to: E:\Xiadie\Xiadie\.runtime\P01\u08-no-key-1790938566650938700\home\.zcode\v2\setting.json {"recentProjects":["E:\\Xiadie\\Xiadie\\.runtime\\P01\\u08-no-key-1790938566650938700\\workspace"],"locale":"zh-CN","localePreference":"en-US","terminalInheritSystemProfile":true,"embeddedBrowserAllowInsecureCertificates":false,"embeddedBrowserViewportPreference":{"mode":"normal","viewport":{"width":393,"height":852},"zoom":"fit"},"computerUseComposerEntryHidden":true,"taskAutoArchiveEnabled":false,"taskAutoArchiveOlderThanDays":7,"closeToTrayOnWindows":true,"closeToTrayOnWindowsMigrationInitialized":true,"keepAwakeWhileRunning":false,"desktopChromiumHardwareAccelerationEnabled":false,"messageStreamShowReasoning":true,"messageStreamShowReasoningMigrationInitialized":true,"messageStreamShowTodos":false,"toolGroupingExploreEnabled":true,"toolGroupingTerminalEnabled":true,"toolGroupingChangesEnabled":false,"zcodeInteractionBehavior":"queue","askUserQuestionAutoResolutionEnabled":true,"modelIoFullRetentionEnabled":false,"startPlanRecommendationDismissed":false,"providerFamilyConnectionSelections":{},"providerFamilyDomain":"zai","providerFamilyDomainUpdatedAt":1790938596518,"providerFamilyDomainMigrated":true,"nativeSearchEnhancementsEnabled":true,"memoryEnabled":false,"lastWorkspaceSession":[{"kind":"local","workspacePath":"E:\\Xiadie\\Xiadie\\.runtime\\P01\\u08-no-key-1790938566650938700\\workspace","workspacePurpose":"project"},{"kind":"local","workspacePath":"E:\\Xiadie\\Xiadie\\.runtime\\P01\\u08-no-key-1790938566650938700\\data\\.zcode\\workspace\\default","workspacePurpose":"conversation"}],"lastActiveTabIndex":0,"receivePreviewUpdates":false,"autoDownloadAndInstallUpdates":false,"skippedElectronUpdateVersions":{},"settingsSyncFirstRunPromptHandled":true}
[2026-10-02 18:56:36.583] [pid:45780] [main] [host-log] (local-1) [host] [2026-10-02 18:56:36.582] [pid:45424] [zcode-host] [rpc:call] onboarding-record.claimAnonymousRecord OK (0.4ms)
[2026-10-02 18:56:36.587] [pid:45780] [main] [host-log] (local-1) [host] [2026-10-02 18:56:36.583] [pid:45424] [zcode-host] [rpc:call] onboarding-record.getLatestEntry OK (1.6ms)
[2026-10-02 18:56:36.588] [pid:45780] [main] [host-log] (local-1) [host] [2026-10-02 18:56:36.584] [pid:45424] [zcode-host] [rpc:call] onboarding-record.shouldOnboard OK (0.7ms)
[2026-10-02 18:56:36.588] [pid:45780] [main] [host-log] (local-1) [host] [2026-10-02 18:56:36.586] [pid:45424] [settingService] write done
[2026-10-02 18:56:36.589] [pid:45780] [main] [host-log] (local-1) [host] [2026-10-02 18:56:36.587] [pid:45424] [zcode-host] [rpc:call] setting.update OK (6.9ms)
[2026-10-02 18:56:36.592] [pid:45780] [main] [host-log] (local-1) [host] [2026-10-02 18:56:36.592] [pid:45424] [zcode-host] [rpc:call] setting.get OK (10.2ms)
[2026-10-02 18:56:36.616] [pid:45780] [renderer] v4 conversation frame upstream attached {
  workspaceKey: 'E:\\Xiadie\\Xiadie\\.runtime\\P01\\u08-no-key-1790938566650938700\\workspace',
  workspacePath: 'E:\\Xiadie\\Xiadie\\.runtime\\P01\\u08-no-key-1790938566650938700\\workspace',
  event: 'v4.conversation.frames.upstream_attached',
  listenerCount: 1,
  module: 'ui.v4.conversation_transport',
  runtimeGeneration: 0,
  status: 'completed'
}
[2026-10-02 18:56:36.617] [pid:45780] [renderer] v4 workspace connection created {
  event: 'v4.workspace_connection.created',
  isRemote: false,
  key: '__base__ E:\\Xiadie\\Xiadie\\.runtime\\P01\\u08-no-key-1790938566650938700\\workspace',
  module: 'ui.v4.workspace_connection_registry',
  refCount: 1,
  serviceGeneration: 1,
  status: 'completed'
}
[2026-10-02 18:56:36.617] [pid:45780] [main] [host-log] (local-1) [host] [2026-10-02 18:56:36.616] [pid:45424] [zcode-host] [rpc:listen] zcode-agent.onDynamicLocalTtftFacts subscribed
[2026-10-02 18:56:36.618] [pid:45780] [main] [host-log] (local-1) [host] [2026-10-02 18:56:36.616] [pid:45424] [zcode-host] [rpc:listen] zcode-agent.onDynamicConversationFrame subscribed
[2026-10-02 18:56:36.672] [pid:45780] [main] [host-log] (local-1) [host] [2026-10-02 18:56:36.670] [pid:45424] [zcode-host] [rpc:listen] window-controller.onDynamicControllerFrame subscribed
[2026-10-02 18:56:36.672] [pid:45780] [main] [host-log] (local-1) [host] [2026-10-02 18:56:36.670] [pid:45424] [zcode-host] [rpc:call] window-controller.subscribeControllerV4 OK (0.2ms)
[2026-10-02 18:56:36.673] [pid:45780] [main] [host-log] (local-1) [host] [2026-10-02 18:56:36.671] [pid:45424] [zcode-host] [rpc:call] window-controller.subscribeControllerV4 OK (0.1ms)
[2026-10-02 18:56:36.674] [pid:45780] [main] [host-log] (local-1) [host] [2026-10-02 18:56:36.671] [pid:45424] [zcode-host] [rpc:listen] zcode-agent.onDynamicSessionsIndexFrame subscribed
[2026-10-02 18:56:36.674] [pid:45780] [main] [host-log] (local-1) [host] [2026-10-02 18:56:36.672] [pid:45424] [zcode-host] [rpc:listen] zcode-agent.onAgentRuntimeLifecycle subscribed
[2026-10-02 18:56:36.675] [pid:45780] [main] [host-log] (local-1) [host] [2026-10-02 18:56:36.672] [pid:45424] [zcode-host] [rpc:call] zcode-agent.helloConversationV4 OK (0.1ms)
[2026-10-02 18:56:36.675] [pid:45780] [main] [host-log] (local-1) [host] [2026-10-02 18:56:36.672] [pid:45424] [zcode-host] [rpc:call] zcode-task.listPinnedTaskIds OK (0.2ms)
[2026-10-02 18:56:36.676] [pid:45780] [main] [host-log] (local-1) [host] [2026-10-02 18:56:36.672] [pid:45424] [zcode-host] [rpc:call] zcode-task.listArchivedTasks OK (0.2ms)
[2026-10-02 18:56:36.676] [pid:45780] [main] [host-log] (local-1) [host] [2026-10-02 18:56:36.673] [pid:45424] [zcode-host] [rpc:call] zcode-task.listTasks OK (0.5ms)
[2026-10-02 18:56:36.677] [pid:45780] [main] [host-log] (local-1) [host] [2026-10-02 18:56:36.673] [pid:45424] [zcode-host] [rpc:call] zcode-task.listPinnedTasks OK (0.2ms)
[2026-10-02 18:56:36.678] [pid:45780] [main] [host-log] (local-1) [host] [2026-10-02 18:56:36.673] [pid:45424] [zcode-host] [rpc:call] zcode-task.listDeletedTaskIds OK (0.1ms)
[2026-10-02 18:56:36.679] [pid:45780] [main] [host-log] (local-1) [host] [2026-10-02 18:56:36.673] [pid:45424] [zcode-host] [rpc:listen] zcode-task.onDynamicWorkspaceEvent subscribed
[2026-10-02 18:56:36.680] [pid:45780] [main] [host-log] (local-1) [host] [2026-10-02 18:56:36.676] [pid:45424] [zcode-host] [rpc:call] window-controller.listTaskList OK (4.8ms)
[2026-10-02 18:56:36.680] [pid:45780] [main] [host-log] (local-1) [host] [2026-10-02 18:56:36.676] [pid:45424] [zcode-host] [rpc:listen] zcode-agent.onAgentRuntimeLifecycle subscribed
[2026-10-02 18:56:36.681] [pid:45780] [main] [host-log] (local-1) [host] [2026-10-02 18:56:36.677] [pid:45424] [zcode-host] [rpc:call] system.info OK (0.1ms)
[2026-10-02 18:56:36.681] [pid:45780] [main] [host-log] (local-1) [host] [2026-10-02 18:56:36.677] [pid:45424] [zcode-host] [rpc:listen] model-selection.onDidChange subscribed
[2026-10-02 18:56:36.682] [pid:45780] [main] [host-log] (local-1) [host] [2026-10-02 18:56:36.677] [pid:45424] [zcode-host] [rpc:listen] model-selection.onDidChange subscribed
[2026-10-02 18:56:36.682] [pid:45780] [main] [host-log] (local-1) [host] [2026-10-02 18:56:36.678] [pid:45424] [zcode-host] [rpc:call] model-selection.getView OK (0.7ms)
[2026-10-02 18:56:36.683] [pid:45780] [main] [host-log] (local-1) [host] [2026-10-02 18:56:36.678] [pid:45424] [zcode-host] [rpc:call] model-selection.getView OK (0.9ms)
[2026-10-02 18:56:36.684] [pid:45780] [main] [host-log] (local-1) [host] [2026-10-02 18:56:36.679] [pid:45424] [zcode-host] [rpc:listen] zcode-agent.onDynamicConversationTelemetryFact subscribed
[2026-10-02 18:56:36.684] [pid:45780] [main] [host-log] (local-1) [host] [2026-10-02 18:56:36.681] [pid:45424] [zcode-host] [rpc:call] off-peak-task.list OK (0.3ms)
[2026-10-02 18:56:36.691] [pid:45780] [main] [host-log] (local-1) [host] [2026-10-02 18:56:36.688] [pid:45424] [zcode-host] [rpc:call] settings-sync.getFirstRunPromptState OK (0.7ms)
[2026-10-02 18:56:36.692] [pid:45780] [main] [host-log] (local-1) [host] [2026-10-02 18:56:36.689] [pid:45424] [zcode-host] [rpc:call] subagents.list OK (15.5ms)
[2026-10-02 18:56:36.735] [pid:45780] [main] [host-log] (local-1) [host] [2026-10-02 18:56:36.735] [pid:45424] [zcode-host] [rpc:call] window-controller.listTaskList OK (0.1ms)
[2026-10-02 18:56:36.737] [pid:45780] [main] [host-log] (local-1) [host] [2026-10-02 18:56:36.736] [pid:45424] [zcode-host] [rpc:call] zcode-agent.initializeConversationV4 OK (0.6ms)
[2026-10-02 18:56:36.740] [pid:45780] [main] [host-log] (local-1) [host] [2026-10-02 18:56:36.739] [pid:45424] [zcode-host] [rpc:call] window-controller.listTaskList OK (0.1ms)
[2026-10-02 18:56:36.761] [pid:45780] [main] [host-log] (local-1) [host] [2026-10-02 18:56:36.761] [pid:45424] [zcode-host] [rpc:call] zcode-agent.subscribeSessionsIndexV4 OK (1.5ms)
[2026-10-02 18:56:36.834] [pid:45780] [main] [host-log] (local-1) [host] [2026-10-02 18:56:36.833] [pid:45424] [zcode-host] [rpc:call] system.info OK (0.0ms)
[2026-10-02 18:56:36.835] [pid:45780] [main] [host-log] (local-1) [host] [2026-10-02 18:56:36.834] [pid:45424] [zcode-host] [rpc:call] setting.get OK (1.2ms)
[2026-10-02 18:56:36.836] [pid:45780] [main] [host-log] (local-1) [host] [2026-10-02 18:56:36.834] [pid:45424] [zcode-host] [rpc:call] setting.get OK (1.0ms)
[2026-10-02 18:56:36.856] [pid:45780] [main] [host-log] (local-1) [host] [2026-10-02 18:56:36.855] [pid:45424] [zcode-host] [rpc:call] git.refresh OK (174.5ms)
[2026-10-02 18:56:36.908] [pid:45780] [main] [host-log] (local-1) [host] [2026-10-02 18:56:36.908] [pid:45424] [zcode-host] [rpc:call] system.listIntegratedTerminalShells OK (0.5ms)
[2026-10-02 18:56:37.555] [pid:45780] [main] [task-realtime] updated host workspace scopes {
  hostId: 'db0c142d-ddba-4d0b-8fe3-5ae7ded4794e',
  workspaceKeyCount: 2
}
[2026-10-02 18:56:37.556] [pid:45780] [main] [host-log] (local-1) [host] [2026-10-02 18:56:37.555] [pid:45424] [zcode-host] [rpc:call] window-controller.listTaskList OK (0.6ms)
[2026-10-02 18:56:37.557] [pid:45780] [main] [host-log] (local-1) [host] [2026-10-02 18:56:37.555] [pid:45424] [zcode-host] [rpc:call] window-controller.listTaskList OK (0.0ms)
[2026-10-02 18:56:37.853] [pid:45780] [main] [host-log] (local-1) [host] [2026-10-02 18:56:37.853] [pid:45424] [settingService] writing settings to: E:\Xiadie\Xiadie\.runtime\P01\u08-no-key-1790938566650938700\home\.zcode\v2\setting.json {"recentProjects":["E:\\Xiadie\\Xiadie\\.runtime\\P01\\u08-no-key-1790938566650938700\\workspace"],"locale":"zh-CN","localePreference":"en-US","terminalInheritSystemProfile":true,"embeddedBrowserAllowInsecureCertificates":false,"embeddedBrowserViewportPreference":{"mode":"normal","viewport":{"width":393,"height":852},"zoom":"fit"},"computerUseComposerEntryHidden":true,"taskAutoArchiveEnabled":false,"taskAutoArchiveOlderThanDays":7,"closeToTrayOnWindows":true,"closeToTrayOnWindowsMigrationInitialized":true,"keepAwakeWhileRunning":false,"desktopChromiumHardwareAccelerationEnabled":false,"messageStreamShowReasoning":true,"messageStreamShowReasoningMigrationInitialized":true,"messageStreamShowTodos":false,"toolGroupingExploreEnabled":true,"toolGroupingTerminalEnabled":true,"toolGroupingChangesEnabled":false,"zcodeInteractionBehavior":"queue","askUserQuestionAutoResolutionEnabled":true,"modelIoFullRetentionEnabled":false,"startPlanRecommendationDismissed":false,"providerFamilyConnectionSelections":{},"providerFamilyDomain":"zai","providerFamilyDomainUpdatedAt":1790938596518,"providerFamilyDomainMigrated":true,"nativeSearchEnhancementsEnabled":true,"memoryEnabled":false,"lastWorkspaceSession":[{"kind":"local","workspacePath":"E:\\Xiadie\\Xiadie\\.runtime\\P01\\u08-no-key-1790938566650938700\\workspace","workspacePurpose":"project"},{"kind":"local","workspacePath":"E:\\Xiadie\\Xiadie\\.runtime\\P01\\u08-no-key-1790938566650938700\\data\\.zcode\\workspace\\default","workspacePurpose":"conversation"}],"lastActiveTabIndex":0,"receivePreviewUpdates":false,"autoDownloadAndInstallUpdates":false,"skippedElectronUpdateVersions":{},"settingsSyncFirstRunPromptHandled":true}
[2026-10-02 18:56:37.858] [pid:45780] [main] [host-log] (local-1) [host] [2026-10-02 18:56:37.857] [pid:45424] [settingService] write done
[2026-10-02 18:56:37.858] [pid:45780] [main] [host-log] (local-1) [host] [2026-10-02 18:56:37.858] [pid:45424] [zcode-host] [rpc:call] setting.update OK (5.6ms)
[2026-10-02 18:56:38.569] [pid:45780] [main] [host-log] (local-1) [host] [2026-10-02 18:56:38.568] [pid:45424] [zcode-host] [rpc:call] system.info OK (0.0ms)
[2026-10-02 18:56:38.570] [pid:45780] [main] [host-log] (local-1) [host] [2026-10-02 18:56:38.569] [pid:45424] [zcode-host] [rpc:call] file-watcher.watch OK (0.6ms)
[2026-10-02 18:56:38.570] [pid:45780] [main] [host-log] (local-1) [host] [2026-10-02 18:56:38.570] [pid:45424] [zcode-host] [rpc:call] file-watcher.watch OK (0.2ms)
[2026-10-02 18:56:38.627] [pid:45780] [main] [host-log] (local-1) [host] [2026-10-02 18:56:38.627] [pid:45424] [zcode-host] [rpc:listen] file-watcher.onDynamicChange subscribed
[2026-10-02 18:56:38.628] [pid:45780] [main] [host-log] (local-1) [host] [2026-10-02 18:56:38.627] [pid:45424] [zcode-host] [rpc:listen] file-watcher.onDynamicChange subscribed
[2026-10-02 18:56:38.629] [pid:45780] [main] [host-log] (local-1) [host] [2026-10-02 18:56:38.627] [pid:45424] [zcode-host] [rpc:call] file-watcher.unwatch OK (0.1ms)
[2026-10-02 18:56:38.629] [pid:45780] [main] [host-log] (local-1) [host] [2026-10-02 18:56:38.628] [pid:45424] [zcode-host] [rpc:call] file-watcher.unwatch OK (0.0ms)
[2026-10-02 18:56:38.630] [pid:45780] [main] [host-log] (local-1) [host] [2026-10-02 18:56:38.628] [pid:45424] [zcode-host] [rpc:call] file-watcher.watch OK (0.6ms)
[2026-10-02 18:56:38.630] [pid:45780] [main] [host-log] (local-1) [host] [2026-10-02 18:56:38.629] [pid:45424] [zcode-host] [rpc:call] file-watcher.watch OK (0.3ms)
[2026-10-02 18:56:38.631] [pid:45780] [main] [host-log] (local-1) [host] [2026-10-02 18:56:38.629] [pid:45424] [zcode-host] [rpc:call] file-watcher.watch OK (0.2ms)
[2026-10-02 18:56:38.632] [pid:45780] [main] [host-log] (local-1) [host] [2026-10-02 18:56:38.630] [pid:45424] [zcode-host] [rpc:listen] file-watcher.onDynamicChange subscribed
[2026-10-02 18:56:38.632] [pid:45780] [main] [host-log] (local-1) [host] [2026-10-02 18:56:38.630] [pid:45424] [zcode-host] [rpc:listen] file-watcher.onDynamicChange subscribed
[2026-10-02 18:56:38.632] [pid:45780] [main] [host-log] (local-1) [host] [2026-10-02 18:56:38.630] [pid:45424] [zcode-host] [rpc:listen] file-watcher.onDynamicChange subscribed
[2026-10-02 18:56:38.861] [pid:45780] [main] [host-log] (local-1) [host] [2026-10-02 18:56:38.861] [pid:45424] [settingService] writing settings to: E:\Xiadie\Xiadie\.runtime\P01\u08-no-key-1790938566650938700\home\.zcode\v2\setting.json {"recentProjects":["E:\\Xiadie\\Xiadie\\.runtime\\P01\\u08-no-key-1790938566650938700\\workspace"],"locale":"zh-CN","localePreference":"en-US","terminalInheritSystemProfile":true,"embeddedBrowserAllowInsecureCertificates":false,"embeddedBrowserViewportPreference":{"mode":"normal","viewport":{"width":393,"height":852},"zoom":"fit"},"computerUseComposerEntryHidden":true,"taskAutoArchiveEnabled":false,"taskAutoArchiveOlderThanDays":7,"closeToTrayOnWindows":true,"closeToTrayOnWindowsMigrationInitialized":true,"keepAwakeWhileRunning":false,"desktopChromiumHardwareAccelerationEnabled":false,"messageStreamShowReasoning":true,"messageStreamShowReasoningMigrationInitialized":true,"messageStreamShowTodos":false,"toolGroupingExploreEnabled":true,"toolGroupingTerminalEnabled":true,"toolGroupingChangesEnabled":false,"zcodeInteractionBehavior":"queue","askUserQuestionAutoResolutionEnabled":true,"modelIoFullRetentionEnabled":false,"startPlanRecommendationDismissed":false,"providerFamilyConnectionSelections":{},"providerFamilyDomain":"zai","providerFamilyDomainUpdatedAt":1790938596518,"providerFamilyDomainMigrated":true,"nativeSearchEnhancementsEnabled":true,"memoryEnabled":false,"lastWorkspaceSession":[{"kind":"local","workspacePath":"E:\\Xiadie\\Xiadie\\.runtime\\P01\\u08-no-key-1790938566650938700\\workspace","workspacePurpose":"project"},{"kind":"local","workspacePath":"E:\\Xiadie\\Xiadie\\.runtime\\P01\\u08-no-key-1790938566650938700\\data\\.zcode\\workspace\\default","workspacePurpose":"conversation"}],"lastActiveTabIndex":0,"receivePreviewUpdates":false,"autoDownloadAndInstallUpdates":false,"skippedElectronUpdateVersions":{},"settingsSyncFirstRunPromptHandled":true}
[2026-10-02 18:56:38.866] [pid:45780] [main] [host-log] (local-1) [host] [2026-10-02 18:56:38.866] [pid:45424] [settingService] write done
[2026-10-02 18:56:38.867] [pid:45780] [main] [host-log] (local-1) [host] [2026-10-02 18:56:38.866] [pid:45424] [zcode-host] [rpc:call] setting.update OK (6.3ms)
[2026-10-02 18:56:40.741] [pid:45780] [main] [host-log] (local-1) [host] [2026-10-02 18:56:40.604] [pid:45424] [zcode-host] [rpc:call] zcode-task.getTaskSessionFilePath OK (0.1ms)
[2026-10-02 18:56:40.742] [pid:45780] [renderer] v4 conversation store connect started {
  event: 'v4.conversation.store.connect.started',
  generation: 1,
  hasBase: false,
  module: 'ui.v4.conversation_projection_store',
  status: 'started',
  topic: 'conversation/6f2ead01-8f54-4918-82f3-7c73dc47dfb0'
}
[2026-10-02 18:56:40.742] [pid:45780] [renderer] v4 conversation subscription started {
  workspaceKey: 'E:\\Xiadie\\Xiadie\\.runtime\\P01\\u08-no-key-1790938566650938700\\workspace',
  workspacePath: 'E:\\Xiadie\\Xiadie\\.runtime\\P01\\u08-no-key-1790938566650938700\\workspace',
  event: 'v4.conversation.subscribe.started',
  module: 'ui.v4.conversation_transport',
  runtimeGeneration: 0,
  sessionId: '6f2ead01-8f54-4918-82f3-7c73dc47dfb0',
  status: 'started',
  topic: 'conversation/6f2ead01-8f54-4918-82f3-7c73dc47dfb0'
}
[2026-10-02 18:56:40.743] [pid:45780] [renderer] v4 session data lease acquired {
  event: 'v4.session_data.acquire',
  keepWarm: false,
  module: 'ui.v4.session_data_layer',
  openKind: 'cold',
  refCount: 1,
  sessionId: '6f2ead01-8f54-4918-82f3-7c73dc47dfb0',
  status: 'completed',
  topic: 'conversation/6f2ead01-8f54-4918-82f3-7c73dc47dfb0'
}
[2026-10-02 18:56:40.744] [pid:45780] [main] [host-log] (local-1) [host] [2026-10-02 18:56:40.605] [pid:45424] [zcode-host] [rpc:call] zcode-task.getTaskNativeSessionLogFile OK (0.4ms)
[2026-10-02 18:56:40.744] [pid:45780] [main] [host-log] (local-1) [host] [2026-10-02 18:56:40.605] [pid:45424] [zcode-agent-service] 开始请求 ZCode Protocol workspace/readPresentation {"workspaceKey":"E:\\Xiadie\\Xiadie\\.runtime\\P01\\u08-no-key-1790938566650938700\\workspace","workspacePath":"E:\\Xiadie\\Xiadie\\.runtime\\P01\\u08-no-key-1790938566650938700\\workspace"}
[2026-10-02 18:56:40.745] [pid:45780] [main] [host-log] (local-1) [host] [2026-10-02 18:56:40.606] [pid:45424] [zcode-host] [rpc:listen] zcode-agent.onAgentRuntimeRestarted subscribed
[2026-10-02 18:56:40.745] [pid:45780] [main] [host-log] (local-1) [host] [2026-10-02 18:56:40.606] [pid:45424] [zcode-host] [rpc:call] zcode-task.getTaskNativeSessionLogFile OK (0.2ms)
[2026-10-02 18:56:40.745] [pid:45780] [main] [host-log] (local-1) [host] [2026-10-02 18:56:40.606] [pid:45424] [zcode-host] [rpc:call] zcode-task.getTaskSessionFilePath OK (0.0ms)
[2026-10-02 18:56:40.746] [pid:45780] [main] [host-log] (local-1) [host] [2026-10-02 18:56:40.629] [pid:45424] [zcode-agent-service] account provider config 已交付到 ZCode agent {"providerCount":8,"reason":"workspace_read_presentation","receivedRevision":"account:[\"zcode-builtin:30:78a3d614b560528e4b5ff003d4b76373709f478d64b13c1f97c11658f190ea8d\",[{\"providerId\":\"account:zai-individual-coding-plan\",\"config\":{\"access\":{\"type\":\"zhipu-account\",\"entitled\":false}}},{\"providerId\":\"account:zai-team-coding-plan\",\"config\":{\"access\":{\"type\":\"zhipu-account\",\"entitled\":false}}},{\"providerId\":\"account:zai-start-plan\",\"config\":{\"access\":{\"type\":\"zhipu-account\",\"entitled\":false}}},{\"providerId\":\"account:bigmodel-individual-coding-plan\",\"config\":{\"access\":{\"type\":\"zhipu-account\",\"entitled\":false}}},{\"providerId\":\"account:bigmodel-team-coding-plan\",\"config\":{\"access\":{\"type\":\"zhipu-account\",\"entitled\":false}}},{\"providerId\":\"account:bigmodel-start-plan\",\"config\":{\"access\":{\"type\":\"zhipu-account\",\"entitled\":false}}},{\"providerId\":\"account:zai-offpeak-idle-plan\",\"config\":{\"access\":{\"type\":\"zhipu-account\",\"entitled\":false}}},{\"providerId\":\"account:bigmodel-offpeak-idle-plan\",\"config\":{\"access\":{\"type\":\"zhipu-account\",\"entitled\":false}}}],{\"account:zai-individual-coding-plan\":{\"availability\":\"unavailable\",\"entitled\":false,\"unavailableReason\":\"not-connected\",\"current\":false,\"connectionKey\":\"41717a7a173a5e88981ed3b30d6c754715277dce3b302a8e7b1386cdf57b9b4c\"},\"account:zai-team-coding-plan\":{\"availability\":\"unavailable\",\"entitled\":false,\"unavailableReason\":\"not-connected\",\"current\":false,\"connectionKey\":\"41717a7a173a5e88981ed3b30d6c754715277dce3b302a8e7b1386cdf57b9b4c\"},\"account:zai-start-plan\":{\"availability\":\"unavailable\",\"entitled\":false,\"unavailableReason\":\"not-connected\",\"current\":false,\"connectionKey\":\"b20a8f39ea1865b9bdbc4f21e0774500034895a93cdf0c737917b6532ebedcea\"},\"account:bigmodel-individual-coding-plan\":{\"availability\":\"unavailable\",\"entitled\":false,\"unavailableReason\":\"not-connected\",\"current\":false,\"connectionKey\":\"145736c8450a04bf4ba21aee47794f53d87ea79c5dc4cc5b9f27fbf5b6038d53\"},\"account:bigmodel-team-coding-plan\":{\"availability\":\"unavailable\",\"entitled\":false,\"unavailableReason\":\"not-connected\",\"current\":false,\"connectionKey\":\"145736c8450a04bf4ba21aee47794f53d87ea79c5dc4cc5b9f27fbf5b6038d53\"},\"account:bigmodel-start-plan\":{\"availability\":\"unavailable\",\"entitled\":false,\"unavailableReason\":\"not-connected\",\"current\":false,\"connectionKey\":\"116fde2fcda0bb10f88164a63caadb0a0ec8611edcf75b35a9924684f9ba84bd\"},\"account:zai-offpeak-idle-plan\":{\"availability\":\"unavailable\",\"entitled\":false},\"account:bigmodel-offpeak-idle-plan\":{\"availability\":\"unavailable\",\"entitled\":false}}]","status":"received"}
[2026-10-02 18:56:40.892] [pid:45780] [main] [host-log] (local-1) [host] [2026-10-02 18:56:40.892] [pid:45424] [settingService] writing settings to: E:\Xiadie\Xiadie\.runtime\P01\u08-no-key-1790938566650938700\home\.zcode\v2\setting.json {"recentProjects":["E:\\Xiadie\\Xiadie\\.runtime\\P01\\u08-no-key-1790938566650938700\\workspace"],"locale":"zh-CN","localePreference":"en-US","terminalInheritSystemProfile":true,"embeddedBrowserAllowInsecureCertificates":false,"embeddedBrowserViewportPreference":{"mode":"normal","viewport":{"width":393,"height":852},"zoom":"fit"},"computerUseComposerEntryHidden":true,"taskAutoArchiveEnabled":false,"taskAutoArchiveOlderThanDays":7,"closeToTrayOnWindows":true,"closeToTrayOnWindowsMigrationInitialized":true,"keepAwakeWhileRunning":false,"desktopChromiumHardwareAccelerationEnabled":false,"messageStreamShowReasoning":true,"messageStreamShowReasoningMigrationInitialized":true,"messageStreamShowTodos":false,"toolGroupingExploreEnabled":true,"toolGroupingTerminalEnabled":true,"toolGroupingChangesEnabled":false,"zcodeInteractionBehavior":"queue","askUserQuestionAutoResolutionEnabled":true,"modelIoFullRetentionEnabled":false,"startPlanRecommendationDismissed":false,"providerFamilyConnectionSelections":{},"providerFamilyDomain":"zai","providerFamilyDomainUpdatedAt":1790938596518,"providerFamilyDomainMigrated":true,"nativeSearchEnhancementsEnabled":true,"memoryEnabled":false,"lastWorkspaceSession":[{"kind":"local","workspacePath":"E:\\Xiadie\\Xiadie\\.runtime\\P01\\u08-no-key-1790938566650938700\\workspace","workspacePurpose":"project"},{"kind":"local","workspacePath":"E:\\Xiadie\\Xiadie\\.runtime\\P01\\u08-no-key-1790938566650938700\\data\\.zcode\\workspace\\default","workspacePurpose":"conversation"}],"lastActiveTabIndex":0,"receivePreviewUpdates":false,"autoDownloadAndInstallUpdates":false,"skippedElectronUpdateVersions":{},"settingsSyncFirstRunPromptHandled":true}
[2026-10-02 18:56:40.896] [pid:45780] [main] [host-log] (local-1) [host] [2026-10-02 18:56:40.895] [pid:45424] [settingService] write done
[2026-10-02 18:56:40.896] [pid:45780] [main] [host-log] (local-1) [host] [2026-10-02 18:56:40.895] [pid:45424] [zcode-host] [rpc:call] setting.update OK (4.6ms)
[2026-10-02 18:56:41.101] [pid:45780] [main] [host-log] (local-1) [host] [2026-10-02 18:56:41.101] [pid:45424] [zcode-host] [rpc:call] zcode-agent.conversationWorkflowRunsV4 OK (486.2ms)
[2026-10-02 18:56:41.129] [pid:45780] [main] [host-log] (local-1) [host] [2026-10-02 18:56:41.128] [pid:45424] [zcode-agent-service] ZCode Protocol workspace/readPresentation 完成 {"durationMs":523,"slashCommandCount":4,"workspaceKey":"E:\\Xiadie\\Xiadie\\.runtime\\P01\\u08-no-key-1790938566650938700\\workspace","workspacePath":"E:\\Xiadie\\Xiadie\\.runtime\\P01\\u08-no-key-1790938566650938700\\workspace"}
[2026-10-02 18:56:41.130] [pid:45780] [main] [host-log] (local-1) [host] [2026-10-02 18:56:41.128] [pid:45424] [zcode-host] [rpc:call] zcode-session.readWorkspacePresentation OK (523.4ms)
[2026-10-02 18:56:41.140] [pid:45780] [main] [host-log] (local-1) [host] [2026-10-02 18:56:41.139] [pid:45424] [zcode-host] [rpc:call] zcode-agent.subscribeConversationV4 OK (524.1ms)
[2026-10-02 18:56:41.142] [pid:45780] [renderer] v4 conversation subscription acknowledged {
  workspaceKey: 'E:\\Xiadie\\Xiadie\\.runtime\\P01\\u08-no-key-1790938566650938700\\workspace',
  workspacePath: 'E:\\Xiadie\\Xiadie\\.runtime\\P01\\u08-no-key-1790938566650938700\\workspace',
  durationMs: 537,
  event: 'v4.conversation.subscribe.acknowledged',
  module: 'ui.v4.conversation_transport',
  runtimeGeneration: 0,
  sessionId: '6f2ead01-8f54-4918-82f3-7c73dc47dfb0',
  status: 'completed',
  subscriptionId: 'sub-muquloqw-jqv7ls1t-1',
  topic: 'conversation/6f2ead01-8f54-4918-82f3-7c73dc47dfb0'
}
[2026-10-02 18:56:41.148] [pid:45780] [renderer] v4 conversation subscription activated {
  workspaceKey: 'E:\\Xiadie\\Xiadie\\.runtime\\P01\\u08-no-key-1790938566650938700\\workspace',
  workspacePath: 'E:\\Xiadie\\Xiadie\\.runtime\\P01\\u08-no-key-1790938566650938700\\workspace',
  event: 'v4.conversation.subscribe.activated',
  module: 'ui.v4.conversation_transport',
  runtimeGeneration: 0,
  status: 'completed',
  subscriptionId: 'sub-muquloqw-jqv7ls1t-1',
  topic: 'conversation/6f2ead01-8f54-4918-82f3-7c73dc47dfb0'
}
[2026-10-02 18:56:41.148] [pid:45780] [renderer] v4 conversation store connect completed {
  durationMs: 543,
  event: 'v4.conversation.store.connect.completed',
  generation: 1,
  logEpoch: 'muquloqw-jqv7ls1t',
  mode: 'snapshot',
  module: 'ui.v4.conversation_projection_store',
  status: 'completed',
  subscriptionId: 'sub-muquloqw-jqv7ls1t-1',
  topic: 'conversation/6f2ead01-8f54-4918-82f3-7c73dc47dfb0'
}
[2026-10-02 18:56:41.183] [pid:45780] [main] [host-log] (local-1) [host] [2026-10-02 18:56:41.183] [pid:45424] [zcode-host] [rpc:call] zcode-agent.conversationPlansV4 OK (1.8ms)
[2026-10-02 18:56:41.912] [pid:45780] [main] [host-log] (local-1) [host] [2026-10-02 18:56:41.912] [pid:45424] [settingService] writing settings to: E:\Xiadie\Xiadie\.runtime\P01\u08-no-key-1790938566650938700\home\.zcode\v2\setting.json {"recentProjects":["E:\\Xiadie\\Xiadie\\.runtime\\P01\\u08-no-key-1790938566650938700\\workspace"],"locale":"zh-CN","localePreference":"en-US","terminalInheritSystemProfile":true,"embeddedBrowserAllowInsecureCertificates":false,"embeddedBrowserViewportPreference":{"mode":"normal","viewport":{"width":393,"height":852},"zoom":"fit"},"computerUseComposerEntryHidden":true,"taskAutoArchiveEnabled":false,"taskAutoArchiveOlderThanDays":7,"closeToTrayOnWindows":true,"closeToTrayOnWindowsMigrationInitialized":true,"keepAwakeWhileRunning":false,"desktopChromiumHardwareAccelerationEnabled":false,"messageStreamShowReasoning":true,"messageStreamShowReasoningMigrationInitialized":true,"messageStreamShowTodos":false,"toolGroupingExploreEnabled":true,"toolGroupingTerminalEnabled":true,"toolGroupingChangesEnabled":false,"zcodeInteractionBehavior":"queue","askUserQuestionAutoResolutionEnabled":true,"modelIoFullRetentionEnabled":false,"startPlanRecommendationDismissed":false,"providerFamilyConnectionSelections":{},"providerFamilyDomain":"zai","providerFamilyDomainUpdatedAt":1790938596518,"providerFamilyDomainMigrated":true,"nativeSearchEnhancementsEnabled":true,"memoryEnabled":false,"lastWorkspaceSession":[{"kind":"local","workspacePath":"E:\\Xiadie\\Xiadie\\.runtime\\P01\\u08-no-key-1790938566650938700\\workspace","workspacePurpose":"project"},{"kind":"local","workspacePath":"E:\\Xiadie\\Xiadie\\.runtime\\P01\\u08-no-key-1790938566650938700\\data\\.zcode\\workspace\\default","workspacePurpose":"conversation"}],"lastActiveTabIndex":0,"receivePreviewUpdates":false,"autoDownloadAndInstallUpdates":false,"skippedElectronUpdateVersions":{},"settingsSyncFirstRunPromptHandled":true}
[2026-10-02 18:56:41.917] [pid:45780] [main] [host-log] (local-1) [host] [2026-10-02 18:56:41.916] [pid:45424] [settingService] write done
[2026-10-02 18:56:41.917] [pid:45780] [main] [host-log] (local-1) [host] [2026-10-02 18:56:41.916] [pid:45424] [zcode-host] [rpc:call] setting.update OK (5.2ms)
[2026-10-02 18:56:43.269] [pid:45780] [main] [app-quit] forceQuit enabled (app-before-quit)
[2026-10-02 18:56:43.270] [pid:45780] [main] [stability] perf_app_exit reported { scene: 'app_quit', exitCode: 0 }
[2026-10-02 18:56:43.271] [pid:45780] [main] [app-quit] waiting for host process cleanup (app-before-quit), kind=normal, hosts=1, forceKillDelayMs=4000, waitTimeoutMs=4500
[2026-10-02 18:56:43.271] [pid:45780] [main] [disposeHostProcess] disposing host process (app-before-quit-1), pid=45424
[2026-10-02 18:56:43.273] [pid:45780] [main] [host-log] (local-1) [host] [2026-10-02 18:56:43.272] [pid:45424] [zcode-host] disposing host resources, reason=parent dispose
[2026-10-02 18:56:43.305] [pid:45780] [main] [host-log] (local-1) [host] [2026-10-02 18:56:43.305] [pid:45424] [zcode-agent] ZCode agent process exited {"workspaceKey":"E:\\Xiadie\\Xiadie\\.runtime\\P01\\u08-no-key-1790938566650938700\\workspace","pid":8392,"runtimeIdentity":"E:\\Xiadie\\Xiadie\\.runtime\\P01\\u08-no-key-1790938566650938700\\workspace:1:8392","code":0,"signal":null,"terminationKind":"expected","terminationReason":"manager-dispose"}
[2026-10-02 18:56:43.308] [pid:45780] [main] [host-log] (local-1) [host] [2026-10-02 18:56:43.306] [pid:45424] [zcode-agent] ZCode agent process cleanup completed {"workspaceKey":"E:\\Xiadie\\Xiadie\\.runtime\\P01\\u08-no-key-1790938566650938700\\workspace","pid":8392,"runtimeIdentity":"E:\\Xiadie\\Xiadie\\.runtime\\P01\\u08-no-key-1790938566650938700\\workspace:1:8392","reason":"manager-dispose"}
[2026-10-02 18:56:43.309] [pid:45780] [main] [task-realtime] unregistered host { hostId: 'db0c142d-ddba-4d0b-8fe3-5ae7ded4794e', windowId: 1 }
[2026-10-02 18:56:43.310] [pid:45780] [main] [spawnHostProcess] host process (local-1) exited with code 0
[2026-10-02 18:56:44.775] [pid:45780] [main] [app-quit] host process cleanup completed (app-before-quit)
[2026-10-02 18:56:44.776] [pid:45780] [main] [app-quit] preparation finished, resuming quit with windows=1
[2026-10-02 18:56:44.783] [pid:45780] [main] [createWindow] window closed, killing host process (local-1)
[2026-10-02 18:56:44.784] [pid:45780] [main] [app-quit] all windows closed after preparation, exiting app
[2026-10-02 18:56:44.784] [pid:45780] [main] [app-quit] exiting prepared app (all-windows-closed-after-preparation)
