[2026-10-02 19:38:43.195] [pid:47904] [settingService] write done
[2026-10-02 19:38:43.287] [pid:47904] [main] [open-folder] Windows Explorer 右键菜单已安装或更新 {
  executablePath: 'E:\\Xiadie\\Xiadie\\.runtime\\P01\\desktop-source\\node_modules\\electron\\dist\\electron.exe',
  hasDefaultAppEntry: true,
  locale: 'zh-CN'
}
[2026-10-02 19:38:43.291] [pid:47904] [main] [desktop-network] renderer proxy mode=direct bypass=disabled customCa=disabled insecureCerts=rejected
[2026-10-02 19:38:43.291] [pid:47904] [main] [desktop-network] renderer proxy mode=system bypass=disabled customCa=disabled insecureCerts=rejected
[2026-10-02 19:38:43.293] [pid:47904] [main] [auto-update] disabled for this desktop product flavor
[2026-10-02 19:38:43.306] [pid:47904] [main] [resource] sampling started interval=10000ms report=60000ms
[2026-10-02 19:38:43.307] [pid:47904] [main] [network] reporting started interval=60000ms
[2026-10-02 19:38:43.307] [pid:47904] [main] [force-update] Preview 跳过远端强制升级检查
[2026-10-02 19:38:43.307] [pid:47904] [main] [startup] 创建主窗口
[2026-10-02 19:38:43.308] [pid:47904] [main] [primary-window] creating main window (app-ready)
[2026-10-02 19:38:43.310] [pid:47904] [main] [startup-workspace] using explicit open workspace: E:\Xiadie\Xiadie\.runtime\P01\u08-no-key-1790941116487135000\workspace
[2026-10-02 19:38:44.032] [pid:47904] [main] [createWindow] dom-ready fired (local-1)
[2026-10-02 19:38:44.043] [pid:47904] [main] [desktop-context-prompt] first host spawn decision resolved { enabled: false, configVersion: undefined }
[2026-10-02 19:38:44.046] [pid:47904] [main] [spawnHostProcess] forked host process for (local-1), pid=undefined
[2026-10-02 19:38:44.046] [pid:47904] [main] [spawnHostProcess] host module path: E:\Xiadie\Xiadie\.runtime\P01\u08-desktop-07\packages\desktop\out\host\index.js
[2026-10-02 19:38:44.047] [pid:47904] [main] [spawnHostProcess] glm binary path: <not found>
[2026-10-02 19:38:44.047] [pid:47904] [main] [spawnHostProcess] BIGMODEL_OAUTH_APP_SECRET source: fallback
[2026-10-02 19:38:44.048] [pid:47904] [main] [task-realtime] registered host {
  hostId: 'e7847286-80f1-47a6-95b5-5ec76f5d27f6',
  windowId: 1,
  workspaceKeyCount: 0,
  deliveryKind: 'desktop_window'
}
[2026-10-02 19:38:46.292] [pid:47904] [main] [host-log] (local-1) [host] [2026-10-02 19:38:46.292] [pid:40332] [zcode-host] initializing local services
[2026-10-02 19:38:46.418] [pid:47904] [main] [host-log] (local-1) [host] [2026-10-02 19:38:46.417] [pid:40332] [cua-pip-session] [cua-pip-session] wiring resolved {"enabled":false,"platform":"win32","serviceAuthorityMode":"desktop-local","lifecycleWired":true}
[2026-10-02 19:38:46.423] [pid:47904] [main] [host-log] (local-1) [host] [2026-10-02 19:38:46.423] [pid:40332] [zcode-agent-service] 开始初始化 ZCode agent {"workspaceKey":"E:\\Xiadie\\Xiadie\\.runtime\\P01\\u08-no-key-1790941116487135000\\workspace","workspacePath":"E:\\Xiadie\\Xiadie\\.runtime\\P01\\u08-no-key-1790941116487135000\\workspace"}
[2026-10-02 19:38:46.424] [pid:47904] [main] [host-log] (local-1) [host] [2026-10-02 19:38:46.423] [pid:40332] [zcode-host] exposing services on ChannelServer...
[2026-10-02 19:38:46.425] [pid:47904] [main] [host-log] (local-1) [host] [2026-10-02 19:38:46.423] [pid:40332] [zcode-host] creating ChannelServer (deferInit=false)
[2026-10-02 19:38:46.425] [pid:47904] [main] [host-log] (local-1) [host] [2026-10-02 19:38:46.424] [pid:40332] [zcode-host] [rpc:register] channel "file"
[2026-10-02 19:38:46.426] [pid:47904] [main] [host-log] (local-1) [host] [2026-10-02 19:38:46.425] [pid:40332] [zcode-host] [rpc:register] channel "media-preview"
[2026-10-02 19:38:46.426] [pid:47904] [main] [host-log] (local-1) [host] [2026-10-02 19:38:46.425] [pid:40332] [zcode-host] [rpc:register] channel "git"
[2026-10-02 19:38:46.427] [pid:47904] [main] [host-log] (local-1) [host] [2026-10-02 19:38:46.425] [pid:40332] [zcode-host] [rpc:register] channel "git-checkpoint"
[2026-10-02 19:38:46.428] [pid:47904] [main] [host-log] (local-1) [host] [2026-10-02 19:38:46.425] [pid:40332] [zcode-host] [rpc:register] channel "system"
[2026-10-02 19:38:46.428] [pid:47904] [main] [host-log] (local-1) [host] [2026-10-02 19:38:46.425] [pid:40332] [zcode-host] [rpc:register] channel "terminal"
[2026-10-02 19:38:46.429] [pid:47904] [main] [host-log] (local-1) [host] [2026-10-02 19:38:46.425] [pid:40332] [zcode-host] [rpc:register] channel "setting"
[2026-10-02 19:38:46.429] [pid:47904] [main] [host-log] (local-1) [host] [2026-10-02 19:38:46.425] [pid:40332] [zcode-host] [rpc:register] channel "onboarding-record"
[2026-10-02 19:38:46.430] [pid:47904] [main] [host-log] (local-1) [host] [2026-10-02 19:38:46.425] [pid:40332] [zcode-host] [rpc:register] channel "credential"
[2026-10-02 19:38:46.430] [pid:47904] [main] [host-log] (local-1) [host] [2026-10-02 19:38:46.425] [pid:40332] [zcode-host] [rpc:register] channel "broadcast"
[2026-10-02 19:38:46.431] [pid:47904] [main] [host-log] (local-1) [host] [2026-10-02 19:38:46.425] [pid:40332] [zcode-host] [rpc:register] channel "zcode-task"
[2026-10-02 19:38:46.431] [pid:47904] [main] [host-log] (local-1) [host] [2026-10-02 19:38:46.425] [pid:40332] [zcode-host] [rpc:register] channel "zcode-agent"
[2026-10-02 19:38:46.432] [pid:47904] [main] [host-log] (local-1) [host] [2026-10-02 19:38:46.425] [pid:40332] [zcode-host] [rpc:register] channel "zcode-session"
[2026-10-02 19:38:46.432] [pid:47904] [main] [host-log] (local-1) [host] [2026-10-02 19:38:46.425] [pid:40332] [zcode-host] [rpc:register] channel "cua-permission"
[2026-10-02 19:38:46.433] [pid:47904] [main] [host-log] (local-1) [host] [2026-10-02 19:38:46.425] [pid:40332] [zcode-host] [rpc:register] channel "cua-pip-session"
[2026-10-02 19:38:46.434] [pid:47904] [main] [host-log] (local-1) [host] [2026-10-02 19:38:46.425] [pid:40332] [zcode-host] [rpc:register] channel "conversation-share"
[2026-10-02 19:38:46.434] [pid:47904] [main] [host-log] (local-1) [host] [2026-10-02 19:38:46.426] [pid:40332] [zcode-host] [rpc:register] channel "bots"
[2026-10-02 19:38:46.435] [pid:47904] [main] [host-log] (local-1) [host] [2026-10-02 19:38:46.426] [pid:40332] [zcode-host] [rpc:register] channel "file-watcher"
[2026-10-02 19:38:46.435] [pid:47904] [main] [host-log] (local-1) [host] [2026-10-02 19:38:46.426] [pid:40332] [zcode-host] [rpc:register] channel "oauth"
[2026-10-02 19:38:46.436] [pid:47904] [main] [host-log] (local-1) [host] [2026-10-02 19:38:46.426] [pid:40332] [zcode-host] [rpc:register] channel "usage-stats"
[2026-10-02 19:38:46.436] [pid:47904] [main] [host-log] (local-1) [host] [2026-10-02 19:38:46.426] [pid:40332] [zcode-host] [rpc:register] channel "coding-plan-subscription"
[2026-10-02 19:38:46.437] [pid:47904] [main] [host-log] (local-1) [host] [2026-10-02 19:38:46.426] [pid:40332] [zcode-host] [rpc:register] channel "client-config"
[2026-10-02 19:38:46.437] [pid:47904] [main] [host-log] (local-1) [host] [2026-10-02 19:38:46.426] [pid:40332] [zcode-host] [rpc:register] channel "client-scenes"
[2026-10-02 19:38:46.438] [pid:47904] [main] [host-log] (local-1) [host] [2026-10-02 19:38:46.426] [pid:40332] [zcode-host] [rpc:register] channel "off-peak-task"
[2026-10-02 19:38:46.439] [pid:47904] [main] [host-log] (local-1) [host] [2026-10-02 19:38:46.426] [pid:40332] [zcode-host] [rpc:register] channel "skills"
[2026-10-02 19:38:46.439] [pid:47904] [main] [host-log] (local-1) [host] [2026-10-02 19:38:46.426] [pid:40332] [zcode-host] [rpc:register] channel "skill-sync"
[2026-10-02 19:38:46.440] [pid:47904] [main] [host-log] (local-1) [host] [2026-10-02 19:38:46.426] [pid:40332] [zcode-host] [rpc:register] channel "mcp-sync"
[2026-10-02 19:38:46.441] [pid:47904] [main] [host-log] (local-1) [host] [2026-10-02 19:38:46.426] [pid:40332] [zcode-host] [rpc:register] channel "plugin-sync"
[2026-10-02 19:38:46.441] [pid:47904] [main] [host-log] (local-1) [host] [2026-10-02 19:38:46.426] [pid:40332] [zcode-host] [rpc:register] channel "plugins"
[2026-10-02 19:38:46.442] [pid:47904] [main] [host-log] (local-1) [host] [2026-10-02 19:38:46.426] [pid:40332] [zcode-host] [rpc:register] channel "plugin-management"
[2026-10-02 19:38:46.442] [pid:47904] [main] [host-log] (local-1) [host] [2026-10-02 19:38:46.426] [pid:40332] [zcode-host] [rpc:register] channel "subagents"
[2026-10-02 19:38:46.443] [pid:47904] [main] [host-log] (local-1) [host] [2026-10-02 19:38:46.426] [pid:40332] [zcode-host] [rpc:register] channel "commands"
[2026-10-02 19:38:46.443] [pid:47904] [main] [host-log] (local-1) [host] [2026-10-02 19:38:46.426] [pid:40332] [zcode-host] [rpc:register] channel "hooks"
[2026-10-02 19:38:46.444] [pid:47904] [main] [host-log] (local-1) [host] [2026-10-02 19:38:46.426] [pid:40332] [zcode-host] [rpc:register] channel "memory"
[2026-10-02 19:38:46.444] [pid:47904] [main] [host-log] (local-1) [host] [2026-10-02 19:38:46.426] [pid:40332] [zcode-host] [rpc:register] channel "settings-sync"
[2026-10-02 19:38:46.445] [pid:47904] [main] [host-log] (local-1) [host] [2026-10-02 19:38:46.426] [pid:40332] [zcode-host] [rpc:register] channel "feedback"
[2026-10-02 19:38:46.445] [pid:47904] [main] [host-log] (local-1) [host] [2026-10-02 19:38:46.426] [pid:40332] [zcode-host] [rpc:register] channel "prompt-attachment-transfer"
[2026-10-02 19:38:46.446] [pid:47904] [main] [host-log] (local-1) [host] [2026-10-02 19:38:46.426] [pid:40332] [zcode-host] [rpc:register] channel "provider-settings"
[2026-10-02 19:38:46.446] [pid:47904] [main] [host-log] (local-1) [host] [2026-10-02 19:38:46.426] [pid:40332] [zcode-host] [rpc:register] channel "model-selection"
[2026-10-02 19:38:46.447] [pid:47904] [main] [host-log] (local-1) [host] [2026-10-02 19:38:46.426] [pid:40332] [zcode-host] [rpc:register] channel "window-controller"
[2026-10-02 19:38:46.447] [pid:47904] [main] [host-log] (local-1) [host] [2026-10-02 19:38:46.426] [pid:40332] [zcode-host] service connection ready mode=desktop-continuous
[2026-10-02 19:38:46.448] [pid:47904] [main] [host-log] (local-1) [host] [2026-10-02 19:38:46.426] [pid:40332] [zcode-host] window Host topology, reason=base-attachment-ready, pid=40332, connections=0, logicalSessions=0, attachments=1
[2026-10-02 19:38:46.448] [pid:47904] [main] [host-log] (local-1) [host] [2026-10-02 19:38:46.426] [pid:40332] [zcode-host] local services ready, all channels registered
[2026-10-02 19:38:46.449] [pid:47904] [main] [database-startup] terminal {
  attemptId: 'e1b03fb5-0638-40af-9edd-55d1301e1848',
  status: 'ready',
  durationMs: 1993,
  errorCode: undefined,
  disk: [
    {
      scopeId: 'df81e191609143170757a1d69e37b8a237e4ca4bd99588ddaf1f2f5467edaaaf',
      observedAvailableDropPeakBytes: 151552,
      minAvailableBytes: 274443800576,
      quality: 'complete',
      sampledAt: 1790941125278
    }
  ]
}
[2026-10-02 19:38:46.451] [pid:47904] [main] [cron-scheduler] forked scheduler process pid=undefined
[2026-10-02 19:38:46.457] [pid:47904] [main] [host-log] (local-1) [host] [2026-10-02 19:38:46.457] [pid:40332] [zcode-host] [rpc:listen] broadcast.onMessage subscribed
[2026-10-02 19:38:46.464] [pid:47904] [main] [host-log] (local-1) [host] [2026-10-02 19:38:46.464] [pid:40332] [zcode-host] [rpc:listen] zcode-agent.onDynamicCuaPermissionObservation subscribed
[2026-10-02 19:38:46.465] [pid:47904] [main] [host-log] (local-1) [host] [2026-10-02 19:38:46.465] [pid:40332] [zcode-host] [rpc:listen] model-selection.onDidChange subscribed
[2026-10-02 19:38:46.466] [pid:47904] [main] [host-log] (local-1) [host] [2026-10-02 19:38:46.465] [pid:40332] [zcode-host] [rpc:listen] broadcast.onMessage subscribed
[2026-10-02 19:38:46.466] [pid:47904] [main] [host-log] (local-1) [host] [2026-10-02 19:38:46.465] [pid:40332] [zcode-host] [rpc:listen] provider-settings.onDidChange subscribed
[2026-10-02 19:38:46.467] [pid:47904] [main] [host-log] (local-1) [host] [2026-10-02 19:38:46.465] [pid:40332] [zcode-host] [rpc:listen] broadcast.onMessage subscribed
[2026-10-02 19:38:46.467] [pid:47904] [main] [task-realtime] updated host workspace scopes {
  hostId: 'e7847286-80f1-47a6-95b5-5ec76f5d27f6',
  workspaceKeyCount: 0
}
[2026-10-02 19:38:46.516] [pid:47904] [main] [host-log] (local-1) [host] [2026-10-02 19:38:46.470] [pid:40332] [zcode-host] [rpc:call] setting.get OK (4.9ms)
[2026-10-02 19:38:46.577] [pid:47904] [main] [host-log] (local-1) [host] [2026-10-02 19:38:46.470] [pid:40332] [zcode-host] [rpc:call] setting.get OK (5.0ms)
[2026-10-02 19:38:46.578] [pid:47904] [main] [host-log] (local-1) [host] [2026-10-02 19:38:46.470] [pid:40332] [zcode-host] [rpc:listen] provider-settings.onDidChange subscribed
[2026-10-02 19:38:46.580] [pid:47904] [main] [host-log] (local-1) [host] [2026-10-02 19:38:46.471] [pid:40332] [zcode-host] [rpc:listen] broadcast.onMessage subscribed
[2026-10-02 19:38:46.581] [pid:47904] [main] [host-log] (local-1) [host] [2026-10-02 19:38:46.471] [pid:40332] [zcode-host] [rpc:listen] broadcast.onMessage subscribed
[2026-10-02 19:38:46.582] [pid:47904] [main] [host-log] (local-1) [host] [2026-10-02 19:38:46.471] [pid:40332] [oauthService] restoreCachedSession skipped: no active provider
[2026-10-02 19:38:46.582] [pid:47904] [main] [host-log] (local-1) [host] [2026-10-02 19:38:46.471] [pid:40332] [zcode-host] [rpc:call] oauth.restoreCachedSessionState OK (1.0ms)
[2026-10-02 19:38:46.584] [pid:47904] [main] [host-log] (local-1) [host] [2026-10-02 19:38:46.473] [pid:40332] [zcode-host] [rpc:call] coding-plan-subscription.getDynamicWorkflowClientConfig OK (8.7ms)
[2026-10-02 19:38:46.584] [pid:47904] [main] [host-log] (local-1) [host] [2026-10-02 19:38:46.473] [pid:40332] [zcode-host] [rpc:call] zcode-agent.syncAppRuntimePreferences OK (0.1ms)
[2026-10-02 19:38:46.585] [pid:47904] [main] [host-log] (local-1) [host] [2026-10-02 19:38:46.473] [pid:40332] [zcode-host] [rpc:call] bots.syncAppRuntimePreferences OK (0.1ms)
[2026-10-02 19:38:46.586] [pid:47904] [main] [host-log] (local-1) [host] [2026-10-02 19:38:46.474] [pid:40332] [zcode-host] [rpc:call] setting.get OK (2.9ms)
[2026-10-02 19:38:46.586] [pid:47904] [main] [host-log] (local-1) [host] [2026-10-02 19:38:46.474] [pid:40332] [zcode-host] [rpc:call] oauth.getActiveProvider OK (0.9ms)
[2026-10-02 19:38:46.587] [pid:47904] [main] [host-log] (local-1) [host] [2026-10-02 19:38:46.476] [pid:40332] [zcode-host] [rpc:listen] zcode-agent.onDynamicCuaPermissionObservation subscribed
[2026-10-02 19:38:46.588] [pid:47904] [main] [host-log] (local-1) [host] [2026-10-02 19:38:46.477] [pid:40332] [zcode-host] [rpc:listen] broadcast.onMessage subscribed
[2026-10-02 19:38:46.589] [pid:47904] [main] [host-log] (local-1) [host] [2026-10-02 19:38:46.487] [pid:40332] [oauthService] restoreCachedSession skipped: no active provider
[2026-10-02 19:38:46.590] [pid:47904] [main] [host-log] (local-1) [host] [2026-10-02 19:38:46.487] [pid:40332] [zcode-host] [rpc:call] oauth.restoreCachedSessionState OK (10.4ms)
[2026-10-02 19:38:46.591] [pid:47904] [main] [open-folder] Windows Explorer 右键菜单已安装或更新 {
  executablePath: 'E:\\Xiadie\\Xiadie\\.runtime\\P01\\desktop-source\\node_modules\\electron\\dist\\electron.exe',
  hasDefaultAppEntry: true,
  locale: 'zh-CN'
}
[2026-10-02 19:38:46.599] [pid:47904] [main] [cron-scheduler] scheduler process exited code=1
[2026-10-02 19:38:46.602] [pid:47904] [main] [open-folder] Windows Explorer 右键菜单已安装或更新 {
  executablePath: 'E:\\Xiadie\\Xiadie\\.runtime\\P01\\desktop-source\\node_modules\\electron\\dist\\electron.exe',
  hasDefaultAppEntry: true,
  locale: 'en-US'
}
[2026-10-02 19:38:46.608] [pid:47904] [main] [crash-capture] child-process-gone: {
  type: 'Utility',
  reason: 'killed',
  exitCode: 1,
  serviceName: 'node.mojom.NodeService',
  name: 'zcode-cron-scheduler'
}
[2026-10-02 19:38:46.609] [pid:47904] [main] [stability] perf_process_exit reported {
  exit_code: 1,
  exit_reason: 'killed',
  process_role: 'utility',
  exit_kind: 'normal',
  process_type: 'Utility',
  process_name: 'node.mojom.NodeService'
}
[2026-10-02 19:38:46.627] [pid:47904] [main] [host-log] (local-1) [host] [2026-10-02 19:38:46.626] [pid:40332] [provider-runtime][trace:Provider Registry 已就绪] {"configRevision":"[\"zcode-builtin:30:662e78439a958ee11818c89e5577d3f4a53b5abe33ed1e98e1a1dfa40f28f498\",\"2915b997aefbd6c7fe8ccfc87153713dc11851987034eec5a515e9660ac81b0e\"]","providerCount":0}
[2026-10-02 19:38:46.628] [pid:47904] [main] [host-log] (local-1) [host] [2026-10-02 19:38:46.628] [pid:40332] [zcode-host] [rpc:call] provider-settings.getView OK (162.5ms)
[2026-10-02 19:38:46.629] [pid:47904] [main] [host-log] (local-1) [host] [2026-10-02 19:38:46.628] [pid:40332] [zcode-host] [rpc:call] provider-settings.getView OK (157.3ms)
[2026-10-02 19:38:46.642] [pid:47904] [main] [host-log] (local-1) [host] [2026-10-02 19:38:46.642] [pid:40332] [zcode-host] [rpc:call] model-selection.getView OK (176.9ms)
[2026-10-02 19:38:46.643] [pid:47904] [main] [host-log] (local-1) [host] [2026-10-02 19:38:46.642] [pid:40332] [zcode-agent-service] provider/model 尚未就绪，ZCode agent 保持未启动 {"providerCount":0,"revision":"model-selection:1","workspaceKey":"E:\\Xiadie\\Xiadie\\.runtime\\P01\\u08-no-key-1790941116487135000\\workspace","workspacePath":"E:\\Xiadie\\Xiadie\\.runtime\\P01\\u08-no-key-1790941116487135000\\workspace"}
[2026-10-02 19:38:46.643] [pid:47904] [main] [host-log] (local-1) [host] [2026-10-02 19:38:46.643] [pid:40332] [zcode-agent] ZCode agent command resolved {"workspaceKey":"E:\\Xiadie\\Xiadie\\.runtime\\P01\\u08-no-key-1790941116487135000\\workspace","command":"E:\\Xiadie\\Xiadie\\.runtime\\P01\\desktop-source\\node_modules\\electron\\dist\\electron.exe","effectiveCommand":"E:\\Xiadie\\Xiadie\\.runtime\\P01\\desktop-source\\node_modules\\electron\\dist\\electron.exe","resolveCommandDurationMs":0}
[2026-10-02 19:38:46.643] [pid:47904] [main] [host-log] (local-1) [host] [2026-10-02 19:38:46.644] [pid:40332] [zcode-host] [rpc:call] model-selection.getView OK (167.5ms)
[2026-10-02 19:38:46.663] [pid:47904] [main] [host-log] (local-1) [host] [2026-10-02 19:38:46.663] [pid:40332] [zcode-agent] ZCode agent spawn preflight {"workspaceKey":"E:\\Xiadie\\Xiadie\\.runtime\\P01\\u08-no-key-1790941116487135000\\workspace","spawnPreflight":{"command":"E:\\Xiadie\\Xiadie\\.runtime\\P01\\desktop-source\\node_modules\\electron\\dist\\electron.exe","args":["E:\\Xiadie\\Xiadie\\.runtime\\P01\\u08-desktop-07\\apps\\zcode-cli\\packages\\cli\\dist\\zcode.cjs","app-server","--stdio"],"requestedCwd":"E:\\Xiadie\\Xiadie\\.runtime\\P01\\u08-no-key-1790941116487135000\\workspace","cwd":"E:\\Xiadie\\Xiadie\\.runtime\\P01\\u08-no-key-1790941116487135000\\workspace","cwdSource":"command","commandPathKind":"absolute","commandExists":true,"cwdExists":true}}
[2026-10-02 19:38:46.687] [pid:47904] [main] [stability] perf_agent_start reported {
  pid: 18964,
  runtimeGeneration: 1,
  runtimeInstanceId: 'agent-831e7289-bcc3-48f1-b1d5-7660d20790e8'
}
[2026-10-02 19:38:46.688] [pid:47904] [main] [host-log] (local-1) [host] [2026-10-02 19:38:46.687] [pid:40332] [zcode-agent] ZCode agent process started {"workspaceKey":"E:\\Xiadie\\Xiadie\\.runtime\\P01\\u08-no-key-1790941116487135000\\workspace","command":"E:\\Xiadie\\Xiadie\\.runtime\\P01\\desktop-source\\node_modules\\electron\\dist\\electron.exe","cwd":"E:\\Xiadie\\Xiadie\\.runtime\\P01\\u08-no-key-1790941116487135000\\workspace","pid":18964,"durationMs":44}
[2026-10-02 19:38:46.689] [pid:47904] [main] [host-log] (local-1) [host] [2026-10-02 19:38:46.688] [pid:40332] [zcode-host] [rpc:call] oauth.getProviders OK (0.1ms)
[2026-10-02 19:38:46.689] [pid:47904] [main] [host-log] (local-1) [host] [2026-10-02 19:38:46.688] [pid:40332] [zcode-host] [rpc:call] oauth.getProviders OK (0.0ms)
[2026-10-02 19:38:46.691] [pid:47904] [main] [host-log] (local-1) [host] [2026-10-02 19:38:46.691] [pid:40332] [zcode-host] [rpc:call] credential.load OK (28.9ms)
[2026-10-02 19:38:46.692] [pid:47904] [main] [host-log] (local-1) [host] [2026-10-02 19:38:46.692] [pid:40332] [zcode-host] [rpc:call] credential.load OK (29.0ms)
[2026-10-02 19:38:46.692] [pid:47904] [main] [host-log] (local-1) [host] [2026-10-02 19:38:46.692] [pid:40332] [zcode-host] [rpc:call] oauth.getActiveProvider OK (1.1ms)
[2026-10-02 19:38:46.693] [pid:47904] [main] [host-log] (local-1) [host] [2026-10-02 19:38:46.693] [pid:40332] [zcode-host] [rpc:call] oauth.getActiveProvider OK (1.2ms)
[2026-10-02 19:38:46.697] [pid:47904] [main] [host-log] (local-1) [host] [2026-10-02 19:38:46.696] [pid:40332] [zcode-host] [rpc:call] setting.get OK (8.2ms)
[2026-10-02 19:38:47.236] [pid:47904] [main] [stability] perf_app_start reported
[2026-10-02 19:38:47.609] [pid:47904] [main] [host-log] (local-1) [host] [2026-10-02 19:38:47.609] [pid:40332] [zcode-agent-service] 为只读会话控制面启动 ZCode agent {"workspaceKey":"E:\\Xiadie\\Xiadie\\.runtime\\P01\\u08-no-key-1790941116487135000\\workspace","workspacePath":"E:\\Xiadie\\Xiadie\\.runtime\\P01\\u08-no-key-1790941116487135000\\workspace"}
[2026-10-02 19:38:47.609] [pid:47904] [main] [host-log] (local-1) [host] [2026-10-02 19:38:47.609] [pid:40332] [zcode-agent-service] ZCode agent 初始化完成 {"durationMs":1186,"transportKind":"stdio","workspaceKey":"E:\\Xiadie\\Xiadie\\.runtime\\P01\\u08-no-key-1790941116487135000\\workspace","workspacePath":"E:\\Xiadie\\Xiadie\\.runtime\\P01\\u08-no-key-1790941116487135000\\workspace"}
[2026-10-02 19:38:47.610] [pid:47904] [main] [host-log] (local-1) [host] [2026-10-02 19:38:47.609] [pid:40332] [zcode-host] ZCode agent warmup ready (local host init (1/1)) workspace=E:\Xiadie\Xiadie\.runtime\P01\u08-no-key-1790941116487135000\workspace transport=stdio
[2026-10-02 19:38:49.836] [pid:47904] [main] [host-log] (local-1) [host] [2026-10-02 19:38:49.836] [pid:40332] [settingService] writing settings to: E:\Xiadie\Xiadie\.runtime\P01\u08-no-key-1790941116487135000\home\.zcode\v2\setting.json {"recentProjects":[],"locale":"zh-CN","localePreference":"en-US","terminalInheritSystemProfile":true,"embeddedBrowserAllowInsecureCertificates":false,"embeddedBrowserViewportPreference":{"mode":"normal","viewport":{"width":393,"height":852},"zoom":"fit"},"computerUseComposerEntryHidden":true,"taskAutoArchiveEnabled":false,"taskAutoArchiveOlderThanDays":7,"closeToTrayOnWindows":true,"closeToTrayOnWindowsMigrationInitialized":true,"keepAwakeWhileRunning":false,"desktopChromiumHardwareAccelerationEnabled":false,"messageStreamShowReasoning":true,"messageStreamShowReasoningMigrationInitialized":true,"messageStreamShowTodos":false,"toolGroupingExploreEnabled":true,"toolGroupingTerminalEnabled":true,"toolGroupingChangesEnabled":false,"zcodeInteractionBehavior":"queue","askUserQuestionAutoResolutionEnabled":true,"modelIoFullRetentionEnabled":false,"startPlanRecommendationDismissed":false,"providerFamilyConnectionSelections":{},"providerFamilyDomain":"zai","providerFamilyDomainUpdatedAt":1790941129834,"providerFamilyDomainMigrated":true,"nativeSearchEnhancementsEnabled":true,"memoryEnabled":false,"lastWorkspaceSession":[],"lastActiveTabIndex":0,"receivePreviewUpdates":false,"autoDownloadAndInstallUpdates":false,"skippedElectronUpdateVersions":{}}
[2026-10-02 19:38:49.840] [pid:47904] [main] [host-log] (local-1) [host] [2026-10-02 19:38:49.841] [pid:40332] [settingService] write done
[2026-10-02 19:38:49.841] [pid:47904] [main] [host-log] (local-1) [host] [2026-10-02 19:38:49.841] [pid:40332] [zcode-host] [rpc:call] setting.update OK (7.3ms)
[2026-10-02 19:38:49.887] [pid:47904] [main] [host-log] (local-1) [host] [2026-10-02 19:38:49.887] [pid:40332] [zcode-host] [rpc:call] setting.get OK (0.8ms)
[2026-10-02 19:38:49.889] [pid:47904] [main] [host-log] (local-1) [host] [2026-10-02 19:38:49.889] [pid:40332] [zcode-host] [rpc:call] file.ensureConversationWorkspace OK (0.8ms)
[2026-10-02 19:38:49.890] [pid:47904] [main] [task-realtime] updated host workspace scopes {
  hostId: 'e7847286-80f1-47a6-95b5-5ec76f5d27f6',
  workspaceKeyCount: 1
}
[2026-10-02 19:38:49.892] [pid:47904] [main] [host-log] (local-1) [host] [2026-10-02 19:38:49.892] [pid:40332] [zcode-host] [rpc:call] setting.get OK (0.5ms)
[2026-10-02 19:38:49.892] [pid:47904] [main] [host-log] (local-1) [host] [2026-10-02 19:38:49.893] [pid:40332] [zcode-host] [rpc:call] file.ensureConversationWorkspace OK (0.3ms)
[2026-10-02 19:38:49.894] [pid:47904] [main] [task-realtime] updated host workspace scopes {
  hostId: 'e7847286-80f1-47a6-95b5-5ec76f5d27f6',
  workspaceKeyCount: 1
}
[2026-10-02 19:38:49.897] [pid:47904] [main] [task-realtime] updated host workspace scopes {
  hostId: 'e7847286-80f1-47a6-95b5-5ec76f5d27f6',
  workspaceKeyCount: 2
}
[2026-10-02 19:38:49.898] [pid:47904] [main] [host-log] (local-1) [host] [2026-10-02 19:38:49.897] [pid:40332] [zcode-host] [rpc:call] onboarding-record.claimAnonymousRecord OK (0.4ms)
[2026-10-02 19:38:49.902] [pid:47904] [main] [host-log] (local-1) [host] [2026-10-02 19:38:49.897] [pid:40332] [zcode-host] [rpc:call] onboarding-record.getLatestEntry OK (0.6ms)
[2026-10-02 19:38:49.902] [pid:47904] [main] [host-log] (local-1) [host] [2026-10-02 19:38:49.898] [pid:40332] [zcode-host] [rpc:call] setting.get OK (1.4ms)
[2026-10-02 19:38:49.903] [pid:47904] [main] [host-log] (local-1) [host] [2026-10-02 19:38:49.902] [pid:40332] [zcode-host] [rpc:call] onboarding-record.shouldOnboard OK (4.8ms)
[2026-10-02 19:38:49.933] [pid:47904] [renderer] v4 conversation frame upstream attached {
  workspaceKey: 'E:\\Xiadie\\Xiadie\\.runtime\\P01\\u08-no-key-1790941116487135000\\workspace',
  workspacePath: 'E:\\Xiadie\\Xiadie\\.runtime\\P01\\u08-no-key-1790941116487135000\\workspace',
  event: 'v4.conversation.frames.upstream_attached',
  listenerCount: 1,
  module: 'ui.v4.conversation_transport',
  runtimeGeneration: 0,
  status: 'completed'
}
[2026-10-02 19:38:49.934] [pid:47904] [renderer] v4 workspace connection created {
  event: 'v4.workspace_connection.created',
  isRemote: false,
  key: '__base__ E:\\Xiadie\\Xiadie\\.runtime\\P01\\u08-no-key-1790941116487135000\\workspace',
  module: 'ui.v4.workspace_connection_registry',
  refCount: 1,
  serviceGeneration: 1,
  status: 'completed'
}
[2026-10-02 19:38:49.934] [pid:47904] [main] [host-log] (local-1) [host] [2026-10-02 19:38:49.933] [pid:40332] [zcode-host] [rpc:listen] zcode-agent.onDynamicLocalTtftFacts subscribed
[2026-10-02 19:38:49.935] [pid:47904] [main] [host-log] (local-1) [host] [2026-10-02 19:38:49.934] [pid:40332] [zcode-host] [rpc:listen] zcode-agent.onDynamicConversationFrame subscribed
[2026-10-02 19:38:49.984] [pid:47904] [main] [host-log] (local-1) [host] [2026-10-02 19:38:49.984] [pid:40332] [zcode-host] [rpc:listen] window-controller.onDynamicControllerFrame subscribed
[2026-10-02 19:38:49.985] [pid:47904] [main] [host-log] (local-1) [host] [2026-10-02 19:38:49.984] [pid:40332] [zcode-host] [rpc:call] window-controller.subscribeControllerV4 OK (0.2ms)
[2026-10-02 19:38:49.985] [pid:47904] [main] [host-log] (local-1) [host] [2026-10-02 19:38:49.984] [pid:40332] [zcode-host] [rpc:call] window-controller.subscribeControllerV4 OK (0.1ms)
[2026-10-02 19:38:49.986] [pid:47904] [main] [host-log] (local-1) [host] [2026-10-02 19:38:49.986] [pid:40332] [zcode-host] [rpc:call] window-controller.listTaskList OK (0.0ms)
[2026-10-02 19:38:49.986] [pid:47904] [main] [host-log] (local-1) [host] [2026-10-02 19:38:49.986] [pid:40332] [zcode-host] [rpc:listen] zcode-agent.onDynamicSessionsIndexFrame subscribed
[2026-10-02 19:38:49.987] [pid:47904] [main] [host-log] (local-1) [host] [2026-10-02 19:38:49.986] [pid:40332] [zcode-host] [rpc:listen] zcode-agent.onAgentRuntimeLifecycle subscribed
[2026-10-02 19:38:49.987] [pid:47904] [main] [host-log] (local-1) [host] [2026-10-02 19:38:49.986] [pid:40332] [zcode-host] [rpc:call] zcode-agent.helloConversationV4 OK (0.0ms)
[2026-10-02 19:38:49.988] [pid:47904] [main] [host-log] (local-1) [host] [2026-10-02 19:38:49.986] [pid:40332] [zcode-host] [rpc:call] zcode-task.listPinnedTaskIds OK (0.1ms)
[2026-10-02 19:38:49.988] [pid:47904] [main] [host-log] (local-1) [host] [2026-10-02 19:38:49.986] [pid:40332] [zcode-host] [rpc:call] zcode-task.listArchivedTasks OK (0.1ms)
[2026-10-02 19:38:49.989] [pid:47904] [main] [host-log] (local-1) [host] [2026-10-02 19:38:49.986] [pid:40332] [zcode-host] [rpc:call] zcode-task.listTasks OK (0.2ms)
[2026-10-02 19:38:49.990] [pid:47904] [main] [host-log] (local-1) [host] [2026-10-02 19:38:49.987] [pid:40332] [zcode-host] [rpc:call] zcode-task.listPinnedTasks OK (0.1ms)
[2026-10-02 19:38:49.990] [pid:47904] [main] [host-log] (local-1) [host] [2026-10-02 19:38:49.987] [pid:40332] [zcode-host] [rpc:call] zcode-task.listDeletedTaskIds OK (0.1ms)
[2026-10-02 19:38:49.991] [pid:47904] [main] [host-log] (local-1) [host] [2026-10-02 19:38:49.987] [pid:40332] [zcode-host] [rpc:listen] zcode-task.onDynamicWorkspaceEvent subscribed
[2026-10-02 19:38:49.992] [pid:47904] [main] [host-log] (local-1) [host] [2026-10-02 19:38:49.988] [pid:40332] [zcode-host] [rpc:call] window-controller.listTaskList OK (4.1ms)
[2026-10-02 19:38:49.992] [pid:47904] [main] [host-log] (local-1) [host] [2026-10-02 19:38:49.989] [pid:40332] [zcode-host] [rpc:call] setting.get OK (4.7ms)
[2026-10-02 19:38:49.993] [pid:47904] [main] [host-log] (local-1) [host] [2026-10-02 19:38:49.989] [pid:40332] [zcode-host] [rpc:listen] zcode-agent.onAgentRuntimeLifecycle subscribed
[2026-10-02 19:38:49.993] [pid:47904] [main] [host-log] (local-1) [host] [2026-10-02 19:38:49.990] [pid:40332] [zcode-host] [rpc:call] system.info OK (0.0ms)
[2026-10-02 19:38:49.993] [pid:47904] [main] [host-log] (local-1) [host] [2026-10-02 19:38:49.991] [pid:40332] [zcode-host] [rpc:listen] model-selection.onDidChange subscribed
[2026-10-02 19:38:49.994] [pid:47904] [main] [host-log] (local-1) [host] [2026-10-02 19:38:49.991] [pid:40332] [zcode-host] [rpc:listen] model-selection.onDidChange subscribed
[2026-10-02 19:38:49.994] [pid:47904] [main] [host-log] (local-1) [host] [2026-10-02 19:38:49.992] [pid:40332] [zcode-host] [rpc:listen] zcode-agent.onDynamicConversationTelemetryFact subscribed
[2026-10-02 19:38:49.995] [pid:47904] [main] [host-log] (local-1) [host] [2026-10-02 19:38:49.992] [pid:40332] [zcode-host] [rpc:call] model-selection.getView OK (0.9ms)
[2026-10-02 19:38:49.996] [pid:47904] [main] [host-log] (local-1) [host] [2026-10-02 19:38:49.992] [pid:40332] [zcode-host] [rpc:call] model-selection.getView OK (1.3ms)
[2026-10-02 19:38:49.996] [pid:47904] [main] [host-log] (local-1) [host] [2026-10-02 19:38:49.993] [pid:40332] [zcode-host] [rpc:call] subagents.list OK (4.7ms)
[2026-10-02 19:38:49.997] [pid:47904] [main] [host-log] (local-1) [host] [2026-10-02 19:38:49.993] [pid:40332] [zcode-host] [rpc:call] off-peak-task.list OK (0.2ms)
[2026-10-02 19:38:50.002] [pid:47904] [main] [host-log] (local-1) [host] [2026-10-02 19:38:50.001] [pid:40332] [zcode-host] [rpc:call] settings-sync.getFirstRunPromptState OK (1.0ms)
[2026-10-02 19:38:50.020] [pid:47904] [main] [host-log] (local-1) [host] [2026-10-02 19:38:50.020] [pid:40332] [zcode-host] [rpc:call] window-controller.listTaskList OK (0.1ms)
[2026-10-02 19:38:50.021] [pid:47904] [main] [host-log] (local-1) [host] [2026-10-02 19:38:50.020] [pid:40332] [zcode-host] [rpc:call] window-controller.listTaskList OK (0.1ms)
[2026-10-02 19:38:50.021] [pid:47904] [main] [host-log] (local-1) [host] [2026-10-02 19:38:50.021] [pid:40332] [zcode-host] [rpc:call] zcode-agent.initializeConversationV4 OK (0.5ms)
[2026-10-02 19:38:50.023] [pid:47904] [main] [host-log] (local-1) [host] [2026-10-02 19:38:50.024] [pid:40332] [zcode-host] [rpc:call] window-controller.listTaskList OK (0.1ms)
[2026-10-02 19:38:50.047] [pid:47904] [main] [host-log] (local-1) [host] [2026-10-02 19:38:50.047] [pid:40332] [zcode-host] [rpc:call] settings-sync.detect OK (0.1ms)
[2026-10-02 19:38:50.048] [pid:47904] [main] [host-log] (local-1) [host] [2026-10-02 19:38:50.049] [pid:40332] [zcode-host] [rpc:call] zcode-agent.subscribeSessionsIndexV4 OK (1.2ms)
[2026-10-02 19:38:50.049] [pid:47904] [main] [host-log] (local-1) [host] [2026-10-02 19:38:50.049] [pid:40332] [settingService] writing settings to: E:\Xiadie\Xiadie\.runtime\P01\u08-no-key-1790941116487135000\home\.zcode\v2\setting.json {"recentProjects":[],"locale":"zh-CN","localePreference":"en-US","terminalInheritSystemProfile":true,"embeddedBrowserAllowInsecureCertificates":false,"embeddedBrowserViewportPreference":{"mode":"normal","viewport":{"width":393,"height":852},"zoom":"fit"},"computerUseComposerEntryHidden":true,"taskAutoArchiveEnabled":false,"taskAutoArchiveOlderThanDays":7,"closeToTrayOnWindows":true,"closeToTrayOnWindowsMigrationInitialized":true,"keepAwakeWhileRunning":false,"desktopChromiumHardwareAccelerationEnabled":false,"messageStreamShowReasoning":true,"messageStreamShowReasoningMigrationInitialized":true,"messageStreamShowTodos":false,"toolGroupingExploreEnabled":true,"toolGroupingTerminalEnabled":true,"toolGroupingChangesEnabled":false,"zcodeInteractionBehavior":"queue","askUserQuestionAutoResolutionEnabled":true,"modelIoFullRetentionEnabled":false,"startPlanRecommendationDismissed":false,"providerFamilyConnectionSelections":{},"providerFamilyDomain":"zai","providerFamilyDomainUpdatedAt":1790941129834,"providerFamilyDomainMigrated":true,"nativeSearchEnhancementsEnabled":true,"memoryEnabled":false,"lastWorkspaceSession":[],"lastActiveTabIndex":0,"receivePreviewUpdates":false,"autoDownloadAndInstallUpdates":false,"skippedElectronUpdateVersions":{},"settingsSyncFirstRunPromptHandled":true}
[2026-10-02 19:38:50.053] [pid:47904] [main] [host-log] (local-1) [host] [2026-10-02 19:38:50.053] [pid:40332] [settingService] write done
[2026-10-02 19:38:50.053] [pid:47904] [main] [host-log] (local-1) [host] [2026-10-02 19:38:50.053] [pid:40332] [zcode-host] [rpc:call] settings-sync.markFirstRunPromptHandled OK (5.2ms)
[2026-10-02 19:38:50.102] [pid:47904] [main] [task-realtime] updated host workspace scopes {
  hostId: 'e7847286-80f1-47a6-95b5-5ec76f5d27f6',
  workspaceKeyCount: 2
}
[2026-10-02 19:38:50.103] [pid:47904] [main] [host-log] (local-1) [host] [2026-10-02 19:38:50.103] [pid:40332] [zcode-host] [rpc:call] system.info OK (0.0ms)
[2026-10-02 19:38:50.104] [pid:47904] [main] [host-log] (local-1) [host] [2026-10-02 19:38:50.103] [pid:40332] [zcode-host] [rpc:call] setting.get OK (1.5ms)
[2026-10-02 19:38:50.104] [pid:47904] [main] [host-log] (local-1) [host] [2026-10-02 19:38:50.104] [pid:40332] [zcode-host] [rpc:call] setting.get OK (1.3ms)
[2026-10-02 19:38:50.134] [pid:47904] [main] [host-log] (local-1) [host] [2026-10-02 19:38:50.134] [pid:40332] [zcode-host] [rpc:call] git.refresh OK (140.6ms)
[2026-10-02 19:38:50.184] [pid:47904] [main] [host-log] (local-1) [host] [2026-10-02 19:38:50.184] [pid:40332] [zcode-host] [rpc:call] system.listIntegratedTerminalShells OK (0.8ms)
[2026-10-02 19:38:50.370] [pid:47904] [main] [host-log] (local-1) [host] [2026-10-02 19:38:50.370] [pid:40332] [settingService] writing settings to: E:\Xiadie\Xiadie\.runtime\P01\u08-no-key-1790941116487135000\home\.zcode\v2\setting.json {"recentProjects":[],"locale":"zh-CN","localePreference":"en-US","terminalInheritSystemProfile":true,"embeddedBrowserAllowInsecureCertificates":false,"embeddedBrowserViewportPreference":{"mode":"normal","viewport":{"width":393,"height":852},"zoom":"fit"},"computerUseComposerEntryHidden":true,"taskAutoArchiveEnabled":false,"taskAutoArchiveOlderThanDays":7,"closeToTrayOnWindows":true,"closeToTrayOnWindowsMigrationInitialized":true,"keepAwakeWhileRunning":false,"desktopChromiumHardwareAccelerationEnabled":false,"messageStreamShowReasoning":true,"messageStreamShowReasoningMigrationInitialized":true,"messageStreamShowTodos":false,"toolGroupingExploreEnabled":true,"toolGroupingTerminalEnabled":true,"toolGroupingChangesEnabled":false,"zcodeInteractionBehavior":"queue","askUserQuestionAutoResolutionEnabled":true,"modelIoFullRetentionEnabled":false,"startPlanRecommendationDismissed":false,"providerFamilyConnectionSelections":{},"providerFamilyDomain":"zai","providerFamilyDomainUpdatedAt":1790941129834,"providerFamilyDomainMigrated":true,"nativeSearchEnhancementsEnabled":true,"memoryEnabled":false,"lastWorkspaceSession":[{"kind":"local","workspacePath":"E:\\Xiadie\\Xiadie\\.runtime\\P01\\u08-no-key-1790941116487135000\\workspace","workspacePurpose":"project"},{"kind":"local","workspacePath":"E:\\Xiadie\\Xiadie\\.runtime\\P01\\u08-no-key-1790941116487135000\\data\\.zcode\\workspace\\default","workspacePurpose":"conversation"}],"lastActiveTabIndex":0,"receivePreviewUpdates":false,"autoDownloadAndInstallUpdates":false,"skippedElectronUpdateVersions":{},"settingsSyncFirstRunPromptHandled":true}
[2026-10-02 19:38:50.374] [pid:47904] [main] [host-log] (local-1) [host] [2026-10-02 19:38:50.374] [pid:40332] [settingService] write done
[2026-10-02 19:38:50.375] [pid:47904] [main] [host-log] (local-1) [host] [2026-10-02 19:38:50.374] [pid:40332] [zcode-host] [rpc:call] setting.update OK (5.5ms)
[2026-10-02 19:38:51.885] [pid:47904] [main] [host-log] (local-1) [host] [2026-10-02 19:38:51.885] [pid:40332] [zcode-host] [rpc:call] system.info OK (0.0ms)
[2026-10-02 19:38:51.886] [pid:47904] [main] [host-log] (local-1) [host] [2026-10-02 19:38:51.886] [pid:40332] [zcode-host] [rpc:call] file-watcher.watch OK (0.5ms)
[2026-10-02 19:38:51.886] [pid:47904] [main] [host-log] (local-1) [host] [2026-10-02 19:38:51.886] [pid:40332] [zcode-host] [rpc:call] file-watcher.watch OK (0.2ms)
[2026-10-02 19:38:51.942] [pid:47904] [main] [host-log] (local-1) [host] [2026-10-02 19:38:51.942] [pid:40332] [zcode-host] [rpc:listen] file-watcher.onDynamicChange subscribed
[2026-10-02 19:38:51.943] [pid:47904] [main] [host-log] (local-1) [host] [2026-10-02 19:38:51.942] [pid:40332] [zcode-host] [rpc:listen] file-watcher.onDynamicChange subscribed
[2026-10-02 19:38:51.943] [pid:47904] [main] [host-log] (local-1) [host] [2026-10-02 19:38:51.943] [pid:40332] [zcode-host] [rpc:call] file-watcher.unwatch OK (0.1ms)
[2026-10-02 19:38:51.944] [pid:47904] [main] [host-log] (local-1) [host] [2026-10-02 19:38:51.943] [pid:40332] [zcode-host] [rpc:call] file-watcher.unwatch OK (0.0ms)
[2026-10-02 19:38:51.944] [pid:47904] [main] [host-log] (local-1) [host] [2026-10-02 19:38:51.943] [pid:40332] [zcode-host] [rpc:call] file-watcher.watch OK (0.4ms)
[2026-10-02 19:38:51.944] [pid:47904] [main] [host-log] (local-1) [host] [2026-10-02 19:38:51.944] [pid:40332] [zcode-host] [rpc:call] file-watcher.watch OK (0.2ms)
[2026-10-02 19:38:51.945] [pid:47904] [main] [host-log] (local-1) [host] [2026-10-02 19:38:51.944] [pid:40332] [zcode-host] [rpc:call] file-watcher.watch OK (0.2ms)
[2026-10-02 19:38:51.945] [pid:47904] [main] [host-log] (local-1) [host] [2026-10-02 19:38:51.944] [pid:40332] [zcode-host] [rpc:listen] file-watcher.onDynamicChange subscribed
[2026-10-02 19:38:51.945] [pid:47904] [main] [host-log] (local-1) [host] [2026-10-02 19:38:51.944] [pid:40332] [zcode-host] [rpc:listen] file-watcher.onDynamicChange subscribed
[2026-10-02 19:38:51.946] [pid:47904] [main] [host-log] (local-1) [host] [2026-10-02 19:38:51.944] [pid:40332] [zcode-host] [rpc:listen] file-watcher.onDynamicChange subscribed
[2026-10-02 19:38:52.173] [pid:47904] [main] [host-log] (local-1) [host] [2026-10-02 19:38:52.174] [pid:40332] [settingService] writing settings to: E:\Xiadie\Xiadie\.runtime\P01\u08-no-key-1790941116487135000\home\.zcode\v2\setting.json {"recentProjects":[],"locale":"zh-CN","localePreference":"en-US","terminalInheritSystemProfile":true,"embeddedBrowserAllowInsecureCertificates":false,"embeddedBrowserViewportPreference":{"mode":"normal","viewport":{"width":393,"height":852},"zoom":"fit"},"computerUseComposerEntryHidden":true,"taskAutoArchiveEnabled":false,"taskAutoArchiveOlderThanDays":7,"closeToTrayOnWindows":true,"closeToTrayOnWindowsMigrationInitialized":true,"keepAwakeWhileRunning":false,"desktopChromiumHardwareAccelerationEnabled":false,"messageStreamShowReasoning":true,"messageStreamShowReasoningMigrationInitialized":true,"messageStreamShowTodos":false,"toolGroupingExploreEnabled":true,"toolGroupingTerminalEnabled":true,"toolGroupingChangesEnabled":false,"zcodeInteractionBehavior":"queue","askUserQuestionAutoResolutionEnabled":true,"modelIoFullRetentionEnabled":false,"startPlanRecommendationDismissed":false,"providerFamilyConnectionSelections":{},"providerFamilyDomain":"zai","providerFamilyDomainUpdatedAt":1790941129834,"providerFamilyDomainMigrated":true,"nativeSearchEnhancementsEnabled":true,"memoryEnabled":false,"lastWorkspaceSession":[{"kind":"local","workspacePath":"E:\\Xiadie\\Xiadie\\.runtime\\P01\\u08-no-key-1790941116487135000\\workspace","workspacePurpose":"project"},{"kind":"local","workspacePath":"E:\\Xiadie\\Xiadie\\.runtime\\P01\\u08-no-key-1790941116487135000\\data\\.zcode\\workspace\\default","workspacePurpose":"conversation"}],"lastActiveTabIndex":0,"receivePreviewUpdates":false,"autoDownloadAndInstallUpdates":false,"skippedElectronUpdateVersions":{},"settingsSyncFirstRunPromptHandled":true}
[2026-10-02 19:38:52.177] [pid:47904] [main] [host-log] (local-1) [host] [2026-10-02 19:38:52.177] [pid:40332] [settingService] write done
[2026-10-02 19:38:52.178] [pid:47904] [main] [host-log] (local-1) [host] [2026-10-02 19:38:52.178] [pid:40332] [zcode-host] [rpc:call] setting.update OK (5.0ms)
[2026-10-02 19:38:54.067] [pid:47904] [main] [host-log] (local-1) [host] [2026-10-02 19:38:53.917] [pid:40332] [zcode-host] [rpc:call] zcode-task.getTaskSessionFilePath OK (0.1ms)
[2026-10-02 19:38:54.068] [pid:47904] [renderer] v4 conversation store connect started {
  event: 'v4.conversation.store.connect.started',
  generation: 1,
  hasBase: false,
  module: 'ui.v4.conversation_projection_store',
  status: 'started',
  topic: 'conversation/9b855798-45fa-45b8-8b49-029b54073e38'
}
[2026-10-02 19:38:54.068] [pid:47904] [renderer] v4 conversation subscription started {
  workspaceKey: 'E:\\Xiadie\\Xiadie\\.runtime\\P01\\u08-no-key-1790941116487135000\\workspace',
  workspacePath: 'E:\\Xiadie\\Xiadie\\.runtime\\P01\\u08-no-key-1790941116487135000\\workspace',
  event: 'v4.conversation.subscribe.started',
  module: 'ui.v4.conversation_transport',
  runtimeGeneration: 0,
  sessionId: '9b855798-45fa-45b8-8b49-029b54073e38',
  status: 'started',
  topic: 'conversation/9b855798-45fa-45b8-8b49-029b54073e38'
}
[2026-10-02 19:38:54.068] [pid:47904] [renderer] v4 session data lease acquired {
  event: 'v4.session_data.acquire',
  keepWarm: false,
  module: 'ui.v4.session_data_layer',
  openKind: 'cold',
  refCount: 1,
  sessionId: '9b855798-45fa-45b8-8b49-029b54073e38',
  status: 'completed',
  topic: 'conversation/9b855798-45fa-45b8-8b49-029b54073e38'
}
[2026-10-02 19:38:54.069] [pid:47904] [main] [host-log] (local-1) [host] [2026-10-02 19:38:53.917] [pid:40332] [zcode-host] [rpc:call] zcode-task.getTaskNativeSessionLogFile OK (0.3ms)
[2026-10-02 19:38:54.070] [pid:47904] [main] [host-log] (local-1) [host] [2026-10-02 19:38:53.918] [pid:40332] [zcode-agent-service] 开始请求 ZCode Protocol workspace/readPresentation {"workspaceKey":"E:\\Xiadie\\Xiadie\\.runtime\\P01\\u08-no-key-1790941116487135000\\workspace","workspacePath":"E:\\Xiadie\\Xiadie\\.runtime\\P01\\u08-no-key-1790941116487135000\\workspace"}
[2026-10-02 19:38:54.070] [pid:47904] [main] [host-log] (local-1) [host] [2026-10-02 19:38:53.918] [pid:40332] [zcode-host] [rpc:listen] zcode-agent.onAgentRuntimeRestarted subscribed
[2026-10-02 19:38:54.071] [pid:47904] [main] [host-log] (local-1) [host] [2026-10-02 19:38:53.919] [pid:40332] [zcode-host] [rpc:call] zcode-task.getTaskNativeSessionLogFile OK (0.2ms)
[2026-10-02 19:38:54.072] [pid:47904] [main] [host-log] (local-1) [host] [2026-10-02 19:38:53.919] [pid:40332] [zcode-host] [rpc:call] zcode-task.getTaskSessionFilePath OK (0.0ms)
[2026-10-02 19:38:54.072] [pid:47904] [main] [host-log] (local-1) [host] [2026-10-02 19:38:53.936] [pid:40332] [zcode-agent-service] account provider config 已交付到 ZCode agent {"providerCount":8,"reason":"workspace_read_presentation","receivedRevision":"account:[\"zcode-builtin:30:662e78439a958ee11818c89e5577d3f4a53b5abe33ed1e98e1a1dfa40f28f498\",[{\"providerId\":\"account:zai-individual-coding-plan\",\"config\":{\"access\":{\"type\":\"zhipu-account\",\"entitled\":false}}},{\"providerId\":\"account:zai-team-coding-plan\",\"config\":{\"access\":{\"type\":\"zhipu-account\",\"entitled\":false}}},{\"providerId\":\"account:zai-start-plan\",\"config\":{\"access\":{\"type\":\"zhipu-account\",\"entitled\":false}}},{\"providerId\":\"account:bigmodel-individual-coding-plan\",\"config\":{\"access\":{\"type\":\"zhipu-account\",\"entitled\":false}}},{\"providerId\":\"account:bigmodel-team-coding-plan\",\"config\":{\"access\":{\"type\":\"zhipu-account\",\"entitled\":false}}},{\"providerId\":\"account:bigmodel-start-plan\",\"config\":{\"access\":{\"type\":\"zhipu-account\",\"entitled\":false}}},{\"providerId\":\"account:zai-offpeak-idle-plan\",\"config\":{\"access\":{\"type\":\"zhipu-account\",\"entitled\":false}}},{\"providerId\":\"account:bigmodel-offpeak-idle-plan\",\"config\":{\"access\":{\"type\":\"zhipu-account\",\"entitled\":false}}}],{\"account:zai-individual-coding-plan\":{\"availability\":\"unavailable\",\"entitled\":false,\"unavailableReason\":\"not-connected\",\"current\":false,\"connectionKey\":\"41717a7a173a5e88981ed3b30d6c754715277dce3b302a8e7b1386cdf57b9b4c\"},\"account:zai-team-coding-plan\":{\"availability\":\"unavailable\",\"entitled\":false,\"unavailableReason\":\"not-connected\",\"current\":false,\"connectionKey\":\"41717a7a173a5e88981ed3b30d6c754715277dce3b302a8e7b1386cdf57b9b4c\"},\"account:zai-start-plan\":{\"availability\":\"unavailable\",\"entitled\":false,\"unavailableReason\":\"not-connected\",\"current\":false,\"connectionKey\":\"b20a8f39ea1865b9bdbc4f21e0774500034895a93cdf0c737917b6532ebedcea\"},\"account:bigmodel-individual-coding-plan\":{\"availability\":\"unavailable\",\"entitled\":false,\"unavailableReason\":\"not-connected\",\"current\":false,\"connectionKey\":\"145736c8450a04bf4ba21aee47794f53d87ea79c5dc4cc5b9f27fbf5b6038d53\"},\"account:bigmodel-team-coding-plan\":{\"availability\":\"unavailable\",\"entitled\":false,\"unavailableReason\":\"not-connected\",\"current\":false,\"connectionKey\":\"145736c8450a04bf4ba21aee47794f53d87ea79c5dc4cc5b9f27fbf5b6038d53\"},\"account:bigmodel-start-plan\":{\"availability\":\"unavailable\",\"entitled\":false,\"unavailableReason\":\"not-connected\",\"current\":false,\"connectionKey\":\"116fde2fcda0bb10f88164a63caadb0a0ec8611edcf75b35a9924684f9ba84bd\"},\"account:zai-offpeak-idle-plan\":{\"availability\":\"unavailable\",\"entitled\":false},\"account:bigmodel-offpeak-idle-plan\":{\"availability\":\"unavailable\",\"entitled\":false}}]","status":"received"}
[2026-10-02 19:38:54.205] [pid:47904] [main] [host-log] (local-1) [host] [2026-10-02 19:38:54.205] [pid:40332] [settingService] writing settings to: E:\Xiadie\Xiadie\.runtime\P01\u08-no-key-1790941116487135000\home\.zcode\v2\setting.json {"recentProjects":[],"locale":"zh-CN","localePreference":"en-US","terminalInheritSystemProfile":true,"embeddedBrowserAllowInsecureCertificates":false,"embeddedBrowserViewportPreference":{"mode":"normal","viewport":{"width":393,"height":852},"zoom":"fit"},"computerUseComposerEntryHidden":true,"taskAutoArchiveEnabled":false,"taskAutoArchiveOlderThanDays":7,"closeToTrayOnWindows":true,"closeToTrayOnWindowsMigrationInitialized":true,"keepAwakeWhileRunning":false,"desktopChromiumHardwareAccelerationEnabled":false,"messageStreamShowReasoning":true,"messageStreamShowReasoningMigrationInitialized":true,"messageStreamShowTodos":false,"toolGroupingExploreEnabled":true,"toolGroupingTerminalEnabled":true,"toolGroupingChangesEnabled":false,"zcodeInteractionBehavior":"queue","askUserQuestionAutoResolutionEnabled":true,"modelIoFullRetentionEnabled":false,"startPlanRecommendationDismissed":false,"providerFamilyConnectionSelections":{},"providerFamilyDomain":"zai","providerFamilyDomainUpdatedAt":1790941129834,"providerFamilyDomainMigrated":true,"nativeSearchEnhancementsEnabled":true,"memoryEnabled":false,"lastWorkspaceSession":[{"kind":"local","workspacePath":"E:\\Xiadie\\Xiadie\\.runtime\\P01\\u08-no-key-1790941116487135000\\workspace","workspacePurpose":"project"},{"kind":"local","workspacePath":"E:\\Xiadie\\Xiadie\\.runtime\\P01\\u08-no-key-1790941116487135000\\data\\.zcode\\workspace\\default","workspacePurpose":"conversation"}],"lastActiveTabIndex":0,"receivePreviewUpdates":false,"autoDownloadAndInstallUpdates":false,"skippedElectronUpdateVersions":{},"settingsSyncFirstRunPromptHandled":true}
[2026-10-02 19:38:54.209] [pid:47904] [main] [host-log] (local-1) [host] [2026-10-02 19:38:54.209] [pid:40332] [settingService] write done
[2026-10-02 19:38:54.210] [pid:47904] [main] [host-log] (local-1) [host] [2026-10-02 19:38:54.210] [pid:40332] [zcode-host] [rpc:call] setting.update OK (5.0ms)
[2026-10-02 19:38:54.348] [pid:47904] [main] [host-log] (local-1) [host] [2026-10-02 19:38:54.348] [pid:40332] [zcode-host] [rpc:call] zcode-agent.conversationWorkflowRunsV4 OK (419.9ms)
[2026-10-02 19:38:54.355] [pid:47904] [main] [host-log] (local-1) [host] [2026-10-02 19:38:54.355] [pid:40332] [zcode-agent-service] ZCode Protocol workspace/readPresentation 完成 {"durationMs":437,"slashCommandCount":4,"workspaceKey":"E:\\Xiadie\\Xiadie\\.runtime\\P01\\u08-no-key-1790941116487135000\\workspace","workspacePath":"E:\\Xiadie\\Xiadie\\.runtime\\P01\\u08-no-key-1790941116487135000\\workspace"}
[2026-10-02 19:38:54.355] [pid:47904] [main] [host-log] (local-1) [host] [2026-10-02 19:38:54.355] [pid:40332] [zcode-host] [rpc:call] zcode-session.readWorkspacePresentation OK (437.5ms)
[2026-10-02 19:38:54.363] [pid:47904] [main] [host-log] (local-1) [host] [2026-10-02 19:38:54.363] [pid:40332] [zcode-host] [rpc:call] zcode-agent.subscribeConversationV4 OK (434.6ms)
[2026-10-02 19:38:54.365] [pid:47904] [renderer] v4 conversation subscription acknowledged {
  workspaceKey: 'E:\\Xiadie\\Xiadie\\.runtime\\P01\\u08-no-key-1790941116487135000\\workspace',
  workspacePath: 'E:\\Xiadie\\Xiadie\\.runtime\\P01\\u08-no-key-1790941116487135000\\workspace',
  durationMs: 448,
  event: 'v4.conversation.subscribe.acknowledged',
  module: 'ui.v4.conversation_transport',
  runtimeGeneration: 0,
  sessionId: '9b855798-45fa-45b8-8b49-029b54073e38',
  status: 'completed',
  subscriptionId: 'sub-muqw3zew-ua3pxoo1-1',
  topic: 'conversation/9b855798-45fa-45b8-8b49-029b54073e38'
}
[2026-10-02 19:38:54.371] [pid:47904] [renderer] v4 conversation subscription activated {
  workspaceKey: 'E:\\Xiadie\\Xiadie\\.runtime\\P01\\u08-no-key-1790941116487135000\\workspace',
  workspacePath: 'E:\\Xiadie\\Xiadie\\.runtime\\P01\\u08-no-key-1790941116487135000\\workspace',
  event: 'v4.conversation.subscribe.activated',
  module: 'ui.v4.conversation_transport',
  runtimeGeneration: 0,
  status: 'completed',
  subscriptionId: 'sub-muqw3zew-ua3pxoo1-1',
  topic: 'conversation/9b855798-45fa-45b8-8b49-029b54073e38'
}
[2026-10-02 19:38:54.372] [pid:47904] [renderer] v4 conversation store connect completed {
  durationMs: 454,
  event: 'v4.conversation.store.connect.completed',
  generation: 1,
  logEpoch: 'muqw3zew-ua3pxoo1',
  mode: 'snapshot',
  module: 'ui.v4.conversation_projection_store',
  status: 'completed',
  subscriptionId: 'sub-muqw3zew-ua3pxoo1-1',
  topic: 'conversation/9b855798-45fa-45b8-8b49-029b54073e38'
}
[2026-10-02 19:38:54.409] [pid:47904] [main] [host-log] (local-1) [host] [2026-10-02 19:38:54.410] [pid:40332] [zcode-host] [rpc:call] zcode-agent.conversationPlansV4 OK (1.6ms)
[2026-10-02 19:38:55.222] [pid:47904] [main] [host-log] (local-1) [host] [2026-10-02 19:38:55.223] [pid:40332] [settingService] writing settings to: E:\Xiadie\Xiadie\.runtime\P01\u08-no-key-1790941116487135000\home\.zcode\v2\setting.json {"recentProjects":[],"locale":"zh-CN","localePreference":"en-US","terminalInheritSystemProfile":true,"embeddedBrowserAllowInsecureCertificates":false,"embeddedBrowserViewportPreference":{"mode":"normal","viewport":{"width":393,"height":852},"zoom":"fit"},"computerUseComposerEntryHidden":true,"taskAutoArchiveEnabled":false,"taskAutoArchiveOlderThanDays":7,"closeToTrayOnWindows":true,"closeToTrayOnWindowsMigrationInitialized":true,"keepAwakeWhileRunning":false,"desktopChromiumHardwareAccelerationEnabled":false,"messageStreamShowReasoning":true,"messageStreamShowReasoningMigrationInitialized":true,"messageStreamShowTodos":false,"toolGroupingExploreEnabled":true,"toolGroupingTerminalEnabled":true,"toolGroupingChangesEnabled":false,"zcodeInteractionBehavior":"queue","askUserQuestionAutoResolutionEnabled":true,"modelIoFullRetentionEnabled":false,"startPlanRecommendationDismissed":false,"providerFamilyConnectionSelections":{},"providerFamilyDomain":"zai","providerFamilyDomainUpdatedAt":1790941129834,"providerFamilyDomainMigrated":true,"nativeSearchEnhancementsEnabled":true,"memoryEnabled":false,"lastWorkspaceSession":[{"kind":"local","workspacePath":"E:\\Xiadie\\Xiadie\\.runtime\\P01\\u08-no-key-1790941116487135000\\workspace","workspacePurpose":"project"},{"kind":"local","workspacePath":"E:\\Xiadie\\Xiadie\\.runtime\\P01\\u08-no-key-1790941116487135000\\data\\.zcode\\workspace\\default","workspacePurpose":"conversation"}],"lastActiveTabIndex":0,"receivePreviewUpdates":false,"autoDownloadAndInstallUpdates":false,"skippedElectronUpdateVersions":{},"settingsSyncFirstRunPromptHandled":true}
[2026-10-02 19:38:55.226] [pid:47904] [main] [host-log] (local-1) [host] [2026-10-02 19:38:55.226] [pid:40332] [settingService] write done
[2026-10-02 19:38:55.227] [pid:47904] [main] [host-log] (local-1) [host] [2026-10-02 19:38:55.226] [pid:40332] [zcode-host] [rpc:call] setting.update OK (4.9ms)
[2026-10-02 19:38:56.111] [pid:47904] [main] [app-quit] forceQuit enabled (app-before-quit)
[2026-10-02 19:38:56.112] [pid:47904] [main] [stability] perf_app_exit reported { scene: 'app_quit', exitCode: 0 }
[2026-10-02 19:38:56.113] [pid:47904] [main] [app-quit] waiting for host process cleanup (app-before-quit), kind=normal, hosts=1, forceKillDelayMs=4000, waitTimeoutMs=4500
[2026-10-02 19:38:56.113] [pid:47904] [main] [disposeHostProcess] disposing host process (app-before-quit-1), pid=40332
[2026-10-02 19:38:56.115] [pid:47904] [main] [host-log] (local-1) [host] [2026-10-02 19:38:56.115] [pid:40332] [zcode-host] disposing host resources, reason=parent dispose
[2026-10-02 19:38:56.145] [pid:47904] [main] [host-log] (local-1) [host] [2026-10-02 19:38:56.145] [pid:40332] [zcode-agent] ZCode agent process exited {"workspaceKey":"E:\\Xiadie\\Xiadie\\.runtime\\P01\\u08-no-key-1790941116487135000\\workspace","pid":18964,"runtimeIdentity":"E:\\Xiadie\\Xiadie\\.runtime\\P01\\u08-no-key-1790941116487135000\\workspace:1:18964","code":0,"signal":null,"terminationKind":"expected","terminationReason":"manager-dispose"}
[2026-10-02 19:38:56.147] [pid:47904] [main] [host-log] (local-1) [host] [2026-10-02 19:38:56.146] [pid:40332] [zcode-agent] ZCode agent process cleanup completed {"workspaceKey":"E:\\Xiadie\\Xiadie\\.runtime\\P01\\u08-no-key-1790941116487135000\\workspace","pid":18964,"runtimeIdentity":"E:\\Xiadie\\Xiadie\\.runtime\\P01\\u08-no-key-1790941116487135000\\workspace:1:18964","reason":"manager-dispose"}
[2026-10-02 19:38:56.149] [pid:47904] [main] [task-realtime] unregistered host { hostId: 'e7847286-80f1-47a6-95b5-5ec76f5d27f6', windowId: 1 }
[2026-10-02 19:38:56.150] [pid:47904] [main] [spawnHostProcess] host process (local-1) exited with code 0
[2026-10-02 19:38:57.621] [pid:47904] [main] [app-quit] host process cleanup completed (app-before-quit)
[2026-10-02 19:38:57.621] [pid:47904] [main] [app-quit] preparation finished, resuming quit with windows=1
[2026-10-02 19:38:57.628] [pid:47904] [main] [createWindow] window closed, killing host process (local-1)
[2026-10-02 19:38:57.629] [pid:47904] [main] [app-quit] all windows closed after preparation, exiting app
[2026-10-02 19:38:57.630] [pid:47904] [main] [app-quit] exiting prepared app (all-windows-closed-after-preparation)
[2026-10-02 19:38:58.395] [pid:46944] [main] [open-folder] Windows Explorer 右键菜单已安装或更新 {
  executablePath: 'E:\\Xiadie\\Xiadie\\.runtime\\P01\\desktop-source\\node_modules\\electron\\dist\\electron.exe',
  hasDefaultAppEntry: true,
  locale: 'zh-CN'
}
[2026-10-02 19:38:58.396] [pid:46944] [main] [desktop-network] renderer proxy mode=direct bypass=disabled customCa=disabled insecureCerts=rejected
[2026-10-02 19:38:58.397] [pid:46944] [main] [desktop-network] renderer proxy mode=system bypass=disabled customCa=disabled insecureCerts=rejected
[2026-10-02 19:38:58.398] [pid:46944] [main] [auto-update] disabled for this desktop product flavor
[2026-10-02 19:38:58.407] [pid:46944] [main] [resource] sampling started interval=10000ms report=60000ms
[2026-10-02 19:38:58.408] [pid:46944] [main] [network] reporting started interval=60000ms
[2026-10-02 19:38:58.409] [pid:46944] [main] [force-update] Preview 跳过远端强制升级检查
[2026-10-02 19:38:58.409] [pid:46944] [main] [startup] 创建主窗口
[2026-10-02 19:38:58.409] [pid:46944] [main] [primary-window] creating main window (app-ready)
[2026-10-02 19:38:58.411] [pid:46944] [main] [startup-workspace] using explicit open workspace: E:\Xiadie\Xiadie\.runtime\P01\u08-no-key-1790941116487135000\workspace
[2026-10-02 19:38:58.986] [pid:46944] [main] [createWindow] dom-ready fired (local-1)
[2026-10-02 19:38:58.991] [pid:46944] [main] [desktop-context-prompt] first host spawn decision resolved { enabled: false, configVersion: undefined }
[2026-10-02 19:38:58.994] [pid:46944] [main] [spawnHostProcess] forked host process for (local-1), pid=undefined
[2026-10-02 19:38:58.994] [pid:46944] [main] [spawnHostProcess] host module path: E:\Xiadie\Xiadie\.runtime\P01\u08-desktop-07\packages\desktop\out\host\index.js
[2026-10-02 19:38:58.995] [pid:46944] [main] [spawnHostProcess] glm binary path: <not found>
[2026-10-02 19:38:58.995] [pid:46944] [main] [spawnHostProcess] BIGMODEL_OAUTH_APP_SECRET source: fallback
[2026-10-02 19:38:58.995] [pid:46944] [main] [task-realtime] registered host {
  hostId: '500d637e-5ede-4308-93b6-542eab99f388',
  windowId: 1,
  workspaceKeyCount: 0,
  deliveryKind: 'desktop_window'
}
[2026-10-02 19:39:01.061] [pid:46944] [main] [host-log] (local-1) [host] [2026-10-02 19:39:01.061] [pid:24632] [zcode-host] initializing local services
[2026-10-02 19:39:01.066] [pid:46944] [main] [host-log] (local-1) [host] [2026-10-02 19:39:01.065] [pid:24632] [cua-pip-session] [cua-pip-session] wiring resolved {"enabled":false,"platform":"win32","serviceAuthorityMode":"desktop-local","lifecycleWired":true}
[2026-10-02 19:39:01.071] [pid:46944] [main] [host-log] (local-1) [host] [2026-10-02 19:39:01.070] [pid:24632] [zcode-agent-service] 开始初始化 ZCode agent {"workspaceKey":"E:\\Xiadie\\Xiadie\\.runtime\\P01\\u08-no-key-1790941116487135000\\workspace","workspacePath":"E:\\Xiadie\\Xiadie\\.runtime\\P01\\u08-no-key-1790941116487135000\\workspace"}
[2026-10-02 19:39:01.072] [pid:46944] [main] [host-log] (local-1) [host] [2026-10-02 19:39:01.070] [pid:24632] [zcode-host] exposing services on ChannelServer...
[2026-10-02 19:39:01.074] [pid:46944] [main] [host-log] (local-1) [host] [2026-10-02 19:39:01.071] [pid:24632] [zcode-host] creating ChannelServer (deferInit=false)
[2026-10-02 19:39:01.074] [pid:46944] [main] [host-log] (local-1) [host] [2026-10-02 19:39:01.071] [pid:24632] [zcode-host] [rpc:register] channel "file"
[2026-10-02 19:39:01.075] [pid:46944] [main] [host-log] (local-1) [host] [2026-10-02 19:39:01.071] [pid:24632] [zcode-host] [rpc:register] channel "media-preview"
[2026-10-02 19:39:01.076] [pid:46944] [main] [host-log] (local-1) [host] [2026-10-02 19:39:01.072] [pid:24632] [zcode-host] [rpc:register] channel "git"
[2026-10-02 19:39:01.077] [pid:46944] [main] [host-log] (local-1) [host] [2026-10-02 19:39:01.072] [pid:24632] [zcode-host] [rpc:register] channel "git-checkpoint"
[2026-10-02 19:39:01.078] [pid:46944] [main] [host-log] (local-1) [host] [2026-10-02 19:39:01.072] [pid:24632] [zcode-host] [rpc:register] channel "system"
[2026-10-02 19:39:01.079] [pid:46944] [main] [host-log] (local-1) [host] [2026-10-02 19:39:01.072] [pid:24632] [zcode-host] [rpc:register] channel "terminal"
[2026-10-02 19:39:01.080] [pid:46944] [main] [host-log] (local-1) [host] [2026-10-02 19:39:01.072] [pid:24632] [zcode-host] [rpc:register] channel "setting"
[2026-10-02 19:39:01.080] [pid:46944] [main] [host-log] (local-1) [host] [2026-10-02 19:39:01.072] [pid:24632] [zcode-host] [rpc:register] channel "onboarding-record"
[2026-10-02 19:39:01.080] [pid:46944] [main] [host-log] (local-1) [host] [2026-10-02 19:39:01.072] [pid:24632] [zcode-host] [rpc:register] channel "credential"
[2026-10-02 19:39:01.081] [pid:46944] [main] [host-log] (local-1) [host] [2026-10-02 19:39:01.072] [pid:24632] [zcode-host] [rpc:register] channel "broadcast"
[2026-10-02 19:39:01.081] [pid:46944] [main] [host-log] (local-1) [host] [2026-10-02 19:39:01.072] [pid:24632] [zcode-host] [rpc:register] channel "zcode-task"
[2026-10-02 19:39:01.081] [pid:46944] [main] [host-log] (local-1) [host] [2026-10-02 19:39:01.072] [pid:24632] [zcode-host] [rpc:register] channel "zcode-agent"
[2026-10-02 19:39:01.082] [pid:46944] [main] [host-log] (local-1) [host] [2026-10-02 19:39:01.072] [pid:24632] [zcode-host] [rpc:register] channel "zcode-session"
[2026-10-02 19:39:01.082] [pid:46944] [main] [host-log] (local-1) [host] [2026-10-02 19:39:01.072] [pid:24632] [zcode-host] [rpc:register] channel "cua-permission"
[2026-10-02 19:39:01.082] [pid:46944] [main] [host-log] (local-1) [host] [2026-10-02 19:39:01.072] [pid:24632] [zcode-host] [rpc:register] channel "cua-pip-session"
[2026-10-02 19:39:01.083] [pid:46944] [main] [host-log] (local-1) [host] [2026-10-02 19:39:01.072] [pid:24632] [zcode-host] [rpc:register] channel "conversation-share"
[2026-10-02 19:39:01.083] [pid:46944] [main] [host-log] (local-1) [host] [2026-10-02 19:39:01.072] [pid:24632] [zcode-host] [rpc:register] channel "bots"
[2026-10-02 19:39:01.084] [pid:46944] [main] [host-log] (local-1) [host] [2026-10-02 19:39:01.072] [pid:24632] [zcode-host] [rpc:register] channel "file-watcher"
[2026-10-02 19:39:01.084] [pid:46944] [main] [host-log] (local-1) [host] [2026-10-02 19:39:01.072] [pid:24632] [zcode-host] [rpc:register] channel "oauth"
[2026-10-02 19:39:01.085] [pid:46944] [main] [host-log] (local-1) [host] [2026-10-02 19:39:01.072] [pid:24632] [zcode-host] [rpc:register] channel "usage-stats"
[2026-10-02 19:39:01.085] [pid:46944] [main] [host-log] (local-1) [host] [2026-10-02 19:39:01.072] [pid:24632] [zcode-host] [rpc:register] channel "coding-plan-subscription"
[2026-10-02 19:39:01.086] [pid:46944] [main] [host-log] (local-1) [host] [2026-10-02 19:39:01.072] [pid:24632] [zcode-host] [rpc:register] channel "client-config"
[2026-10-02 19:39:01.086] [pid:46944] [main] [host-log] (local-1) [host] [2026-10-02 19:39:01.072] [pid:24632] [zcode-host] [rpc:register] channel "client-scenes"
[2026-10-02 19:39:01.087] [pid:46944] [main] [host-log] (local-1) [host] [2026-10-02 19:39:01.072] [pid:24632] [zcode-host] [rpc:register] channel "off-peak-task"
[2026-10-02 19:39:01.087] [pid:46944] [main] [host-log] (local-1) [host] [2026-10-02 19:39:01.072] [pid:24632] [zcode-host] [rpc:register] channel "skills"
[2026-10-02 19:39:01.088] [pid:46944] [main] [host-log] (local-1) [host] [2026-10-02 19:39:01.072] [pid:24632] [zcode-host] [rpc:register] channel "skill-sync"
[2026-10-02 19:39:01.088] [pid:46944] [main] [host-log] (local-1) [host] [2026-10-02 19:39:01.072] [pid:24632] [zcode-host] [rpc:register] channel "mcp-sync"
[2026-10-02 19:39:01.089] [pid:46944] [main] [host-log] (local-1) [host] [2026-10-02 19:39:01.072] [pid:24632] [zcode-host] [rpc:register] channel "plugin-sync"
[2026-10-02 19:39:01.089] [pid:46944] [main] [host-log] (local-1) [host] [2026-10-02 19:39:01.072] [pid:24632] [zcode-host] [rpc:register] channel "plugins"
[2026-10-02 19:39:01.090] [pid:46944] [main] [host-log] (local-1) [host] [2026-10-02 19:39:01.072] [pid:24632] [zcode-host] [rpc:register] channel "plugin-management"
[2026-10-02 19:39:01.090] [pid:46944] [main] [host-log] (local-1) [host] [2026-10-02 19:39:01.072] [pid:24632] [zcode-host] [rpc:register] channel "subagents"
[2026-10-02 19:39:01.091] [pid:46944] [main] [host-log] (local-1) [host] [2026-10-02 19:39:01.072] [pid:24632] [zcode-host] [rpc:register] channel "commands"
[2026-10-02 19:39:01.091] [pid:46944] [main] [host-log] (local-1) [host] [2026-10-02 19:39:01.072] [pid:24632] [zcode-host] [rpc:register] channel "hooks"
[2026-10-02 19:39:01.091] [pid:46944] [main] [host-log] (local-1) [host] [2026-10-02 19:39:01.072] [pid:24632] [zcode-host] [rpc:register] channel "memory"
[2026-10-02 19:39:01.092] [pid:46944] [main] [host-log] (local-1) [host] [2026-10-02 19:39:01.072] [pid:24632] [zcode-host] [rpc:register] channel "settings-sync"
[2026-10-02 19:39:01.092] [pid:46944] [main] [host-log] (local-1) [host] [2026-10-02 19:39:01.072] [pid:24632] [zcode-host] [rpc:register] channel "feedback"
[2026-10-02 19:39:01.093] [pid:46944] [main] [host-log] (local-1) [host] [2026-10-02 19:39:01.072] [pid:24632] [zcode-host] [rpc:register] channel "prompt-attachment-transfer"
[2026-10-02 19:39:01.093] [pid:46944] [main] [host-log] (local-1) [host] [2026-10-02 19:39:01.072] [pid:24632] [zcode-host] [rpc:register] channel "provider-settings"
[2026-10-02 19:39:01.093] [pid:46944] [main] [host-log] (local-1) [host] [2026-10-02 19:39:01.072] [pid:24632] [zcode-host] [rpc:register] channel "model-selection"
[2026-10-02 19:39:01.094] [pid:46944] [main] [host-log] (local-1) [host] [2026-10-02 19:39:01.072] [pid:24632] [zcode-host] [rpc:register] channel "window-controller"
[2026-10-02 19:39:01.094] [pid:46944] [main] [host-log] (local-1) [host] [2026-10-02 19:39:01.072] [pid:24632] [zcode-host] service connection ready mode=desktop-continuous
[2026-10-02 19:39:01.094] [pid:46944] [main] [host-log] (local-1) [host] [2026-10-02 19:39:01.072] [pid:24632] [zcode-host] window Host topology, reason=base-attachment-ready, pid=24632, connections=0, logicalSessions=0, attachments=1
[2026-10-02 19:39:01.095] [pid:46944] [main] [host-log] (local-1) [host] [2026-10-02 19:39:01.072] [pid:24632] [zcode-host] local services ready, all channels registered
[2026-10-02 19:39:01.095] [pid:46944] [main] [database-startup] terminal {
  attemptId: 'dbc0572b-9a74-4e81-b340-2396c8562526',
  status: 'ready',
  durationMs: 1769,
  errorCode: undefined,
  disk: [
    {
      scopeId: 'df81e191609143170757a1d69e37b8a237e4ca4bd99588ddaf1f2f5467edaaaf',
      observedAvailableDropPeakBytes: 0,
      minAvailableBytes: 274441162752,
      quality: 'complete',
      sampledAt: 1790941140044
    }
  ]
}
[2026-10-02 19:39:01.097] [pid:46944] [main] [cron-scheduler] forked scheduler process pid=undefined
[2026-10-02 19:39:01.102] [pid:46944] [main] [host-log] (local-1) [host] [2026-10-02 19:39:01.101] [pid:24632] [zcode-host] [rpc:listen] broadcast.onMessage subscribed
[2026-10-02 19:39:01.107] [pid:46944] [main] [host-log] (local-1) [host] [2026-10-02 19:39:01.106] [pid:24632] [zcode-host] [rpc:listen] zcode-agent.onDynamicCuaPermissionObservation subscribed
[2026-10-02 19:39:01.108] [pid:46944] [main] [task-realtime] updated host workspace scopes {
  hostId: '500d637e-5ede-4308-93b6-542eab99f388',
  workspaceKeyCount: 0
}
[2026-10-02 19:39:01.148] [pid:46944] [main] [host-log] (local-1) [host] [2026-10-02 19:39:01.107] [pid:24632] [zcode-host] [rpc:listen] model-selection.onDidChange subscribed
[2026-10-02 19:39:01.199] [pid:46944] [main] [open-folder] Windows Explorer 右键菜单已安装或更新 {
  executablePath: 'E:\\Xiadie\\Xiadie\\.runtime\\P01\\desktop-source\\node_modules\\electron\\dist\\electron.exe',
  hasDefaultAppEntry: true,
  locale: 'zh-CN'
}
[2026-10-02 19:39:01.201] [pid:46944] [main] [host-log] (local-1) [host] [2026-10-02 19:39:01.107] [pid:24632] [zcode-host] [rpc:listen] broadcast.onMessage subscribed
[2026-10-02 19:39:01.202] [pid:46944] [main] [host-log] (local-1) [host] [2026-10-02 19:39:01.107] [pid:24632] [zcode-host] [rpc:listen] provider-settings.onDidChange subscribed
[2026-10-02 19:39:01.203] [pid:46944] [main] [host-log] (local-1) [host] [2026-10-02 19:39:01.108] [pid:24632] [zcode-host] [rpc:listen] broadcast.onMessage subscribed
[2026-10-02 19:39:01.203] [pid:46944] [main] [host-log] (local-1) [host] [2026-10-02 19:39:01.108] [pid:24632] [zcode-host] [rpc:listen] provider-settings.onDidChange subscribed
[2026-10-02 19:39:01.204] [pid:46944] [main] [host-log] (local-1) [host] [2026-10-02 19:39:01.108] [pid:24632] [zcode-host] [rpc:listen] broadcast.onMessage subscribed
[2026-10-02 19:39:01.204] [pid:46944] [main] [host-log] (local-1) [host] [2026-10-02 19:39:01.108] [pid:24632] [zcode-host] [rpc:listen] broadcast.onMessage subscribed
[2026-10-02 19:39:01.205] [pid:46944] [main] [host-log] (local-1) [host] [2026-10-02 19:39:01.109] [pid:24632] [oauthService] restoreCachedSession skipped: no active provider
[2026-10-02 19:39:01.206] [pid:46944] [main] [host-log] (local-1) [host] [2026-10-02 19:39:01.109] [pid:24632] [zcode-host] [rpc:call] oauth.restoreCachedSessionState OK (0.9ms)
[2026-10-02 19:39:01.206] [pid:46944] [main] [host-log] (local-1) [host] [2026-10-02 19:39:01.112] [pid:24632] [zcode-host] [rpc:call] setting.get OK (4.3ms)
[2026-10-02 19:39:01.207] [pid:46944] [main] [host-log] (local-1) [host] [2026-10-02 19:39:01.112] [pid:24632] [zcode-host] [rpc:call] setting.get OK (5.1ms)
[2026-10-02 19:39:01.208] [pid:46944] [main] [host-log] (local-1) [host] [2026-10-02 19:39:01.113] [pid:24632] [zcode-host] [rpc:call] setting.get OK (4.3ms)
[2026-10-02 19:39:01.209] [pid:46944] [main] [host-log] (local-1) [host] [2026-10-02 19:39:01.115] [pid:24632] [zcode-host] [rpc:call] coding-plan-subscription.getDynamicWorkflowClientConfig OK (8.8ms)
[2026-10-02 19:39:01.210] [pid:46944] [main] [host-log] (local-1) [host] [2026-10-02 19:39:01.116] [pid:24632] [zcode-host] [rpc:call] zcode-agent.syncAppRuntimePreferences OK (0.1ms)
[2026-10-02 19:39:01.210] [pid:46944] [main] [host-log] (local-1) [host] [2026-10-02 19:39:01.116] [pid:24632] [zcode-host] [rpc:call] bots.syncAppRuntimePreferences OK (0.1ms)
[2026-10-02 19:39:01.211] [pid:46944] [main] [host-log] (local-1) [host] [2026-10-02 19:39:01.116] [pid:24632] [zcode-host] [rpc:listen] zcode-agent.onDynamicCuaPermissionObservation subscribed
[2026-10-02 19:39:01.211] [pid:46944] [main] [host-log] (local-1) [host] [2026-10-02 19:39:01.116] [pid:24632] [zcode-host] [rpc:listen] broadcast.onMessage subscribed
[2026-10-02 19:39:01.212] [pid:46944] [main] [host-log] (local-1) [host] [2026-10-02 19:39:01.117] [pid:24632] [oauthService] restoreCachedSession skipped: no active provider
[2026-10-02 19:39:01.212] [pid:46944] [main] [host-log] (local-1) [host] [2026-10-02 19:39:01.117] [pid:24632] [zcode-host] [rpc:call] oauth.restoreCachedSessionState OK (0.5ms)
[2026-10-02 19:39:01.213] [pid:46944] [main] [cron-scheduler] scheduler process exited code=1
[2026-10-02 19:39:01.215] [pid:46944] [main] [host-log] (local-1) [host] [2026-10-02 19:39:01.193] [pid:24632] [provider-runtime][trace:Provider Registry 已就绪] {"configRevision":"[\"zcode-builtin:30:662e78439a958ee11818c89e5577d3f4a53b5abe33ed1e98e1a1dfa40f28f498\",\"2915b997aefbd6c7fe8ccfc87153713dc11851987034eec5a515e9660ac81b0e\"]","providerCount":0}
[2026-10-02 19:39:01.216] [pid:46944] [main] [host-log] (local-1) [host] [2026-10-02 19:39:01.193] [pid:24632] [zcode-host] [rpc:call] provider-settings.getView OK (85.7ms)
[2026-10-02 19:39:01.216] [pid:46944] [main] [host-log] (local-1) [host] [2026-10-02 19:39:01.193] [pid:24632] [zcode-host] [rpc:call] provider-settings.getView OK (85.5ms)
[2026-10-02 19:39:01.217] [pid:46944] [main] [host-log] (local-1) [host] [2026-10-02 19:39:01.194] [pid:24632] [zcode-agent-service] provider/model 尚未就绪，ZCode agent 保持未启动 {"providerCount":0,"revision":"model-selection:1","workspaceKey":"E:\\Xiadie\\Xiadie\\.runtime\\P01\\u08-no-key-1790941116487135000\\workspace","workspacePath":"E:\\Xiadie\\Xiadie\\.runtime\\P01\\u08-no-key-1790941116487135000\\workspace"}
[2026-10-02 19:39:01.217] [pid:46944] [main] [host-log] (local-1) [host] [2026-10-02 19:39:01.195] [pid:24632] [zcode-agent] ZCode agent command resolved {"workspaceKey":"E:\\Xiadie\\Xiadie\\.runtime\\P01\\u08-no-key-1790941116487135000\\workspace","command":"E:\\Xiadie\\Xiadie\\.runtime\\P01\\desktop-source\\node_modules\\electron\\dist\\electron.exe","effectiveCommand":"E:\\Xiadie\\Xiadie\\.runtime\\P01\\desktop-source\\node_modules\\electron\\dist\\electron.exe","resolveCommandDurationMs":0}
[2026-10-02 19:39:01.218] [pid:46944] [main] [host-log] (local-1) [host] [2026-10-02 19:39:01.197] [pid:24632] [zcode-host] [rpc:call] model-selection.getView OK (89.2ms)
[2026-10-02 19:39:01.218] [pid:46944] [main] [host-log] (local-1) [host] [2026-10-02 19:39:01.197] [pid:24632] [zcode-host] [rpc:call] credential.load OK (0.6ms)
[2026-10-02 19:39:01.219] [pid:46944] [main] [host-log] (local-1) [host] [2026-10-02 19:39:01.197] [pid:24632] [zcode-host] [rpc:call] credential.load OK (0.6ms)
[2026-10-02 19:39:01.220] [pid:46944] [main] [host-log] (local-1) [host] [2026-10-02 19:39:01.202] [pid:24632] [zcode-host] [rpc:call] oauth.getProviders OK (0.1ms)
[2026-10-02 19:39:01.221] [pid:46944] [main] [host-log] (local-1) [host] [2026-10-02 19:39:01.203] [pid:24632] [zcode-host] [rpc:call] oauth.getProviders OK (0.0ms)
[2026-10-02 19:39:01.221] [pid:46944] [main] [open-folder] Windows Explorer 右键菜单已安装或更新 {
  executablePath: 'E:\\Xiadie\\Xiadie\\.runtime\\P01\\desktop-source\\node_modules\\electron\\dist\\electron.exe',
  hasDefaultAppEntry: true,
  locale: 'en-US'
}
[2026-10-02 19:39:01.223] [pid:46944] [main] [crash-capture] child-process-gone: {
  type: 'Utility',
  reason: 'killed',
  exitCode: 1,
  serviceName: 'node.mojom.NodeService',
  name: 'zcode-cron-scheduler'
}
[2026-10-02 19:39:01.223] [pid:46944] [main] [stability] perf_process_exit reported {
  exit_code: 1,
  exit_reason: 'killed',
  process_role: 'utility',
  exit_kind: 'normal',
  process_type: 'Utility',
  process_name: 'node.mojom.NodeService'
}
[2026-10-02 19:39:01.224] [pid:46944] [main] [host-log] (local-1) [host] [2026-10-02 19:39:01.205] [pid:24632] [zcode-host] [rpc:call] oauth.getActiveProvider OK (1.1ms)
[2026-10-02 19:39:01.224] [pid:46944] [main] [host-log] (local-1) [host] [2026-10-02 19:39:01.205] [pid:24632] [zcode-host] [rpc:call] oauth.getActiveProvider OK (1.1ms)
[2026-10-02 19:39:01.225] [pid:46944] [main] [host-log] (local-1) [host] [2026-10-02 19:39:01.215] [pid:24632] [zcode-agent] ZCode agent spawn preflight {"workspaceKey":"E:\\Xiadie\\Xiadie\\.runtime\\P01\\u08-no-key-1790941116487135000\\workspace","spawnPreflight":{"command":"E:\\Xiadie\\Xiadie\\.runtime\\P01\\desktop-source\\node_modules\\electron\\dist\\electron.exe","args":["E:\\Xiadie\\Xiadie\\.runtime\\P01\\u08-desktop-07\\apps\\zcode-cli\\packages\\cli\\dist\\zcode.cjs","app-server","--stdio"],"requestedCwd":"E:\\Xiadie\\Xiadie\\.runtime\\P01\\u08-no-key-1790941116487135000\\workspace","cwd":"E:\\Xiadie\\Xiadie\\.runtime\\P01\\u08-no-key-1790941116487135000\\workspace","cwdSource":"command","commandPathKind":"absolute","commandExists":true,"cwdExists":true}}
[2026-10-02 19:39:01.232] [pid:46944] [main] [stability] perf_agent_start reported {
  pid: 50552,
  runtimeGeneration: 1,
  runtimeInstanceId: 'agent-232820c4-a31c-4239-8188-aa2eb2a85909'
}
[2026-10-02 19:39:01.234] [pid:46944] [main] [host-log] (local-1) [host] [2026-10-02 19:39:01.230] [pid:24632] [zcode-agent] ZCode agent process started {"workspaceKey":"E:\\Xiadie\\Xiadie\\.runtime\\P01\\u08-no-key-1790941116487135000\\workspace","command":"E:\\Xiadie\\Xiadie\\.runtime\\P01\\desktop-source\\node_modules\\electron\\dist\\electron.exe","cwd":"E:\\Xiadie\\Xiadie\\.runtime\\P01\\u08-no-key-1790941116487135000\\workspace","pid":50552,"durationMs":35}
[2026-10-02 19:39:01.974] [pid:46944] [main] [host-log] (local-1) [host] [2026-10-02 19:39:01.973] [pid:24632] [zcode-agent-service] 为只读会话控制面启动 ZCode agent {"workspaceKey":"E:\\Xiadie\\Xiadie\\.runtime\\P01\\u08-no-key-1790941116487135000\\workspace","workspacePath":"E:\\Xiadie\\Xiadie\\.runtime\\P01\\u08-no-key-1790941116487135000\\workspace"}
[2026-10-02 19:39:01.974] [pid:46944] [main] [host-log] (local-1) [host] [2026-10-02 19:39:01.973] [pid:24632] [zcode-agent-service] ZCode agent 初始化完成 {"durationMs":903,"transportKind":"stdio","workspaceKey":"E:\\Xiadie\\Xiadie\\.runtime\\P01\\u08-no-key-1790941116487135000\\workspace","workspacePath":"E:\\Xiadie\\Xiadie\\.runtime\\P01\\u08-no-key-1790941116487135000\\workspace"}
[2026-10-02 19:39:01.975] [pid:46944] [main] [host-log] (local-1) [host] [2026-10-02 19:39:01.973] [pid:24632] [zcode-host] ZCode agent warmup ready (local host init (1/1)) workspace=E:\Xiadie\Xiadie\.runtime\P01\u08-no-key-1790941116487135000\workspace transport=stdio
[2026-10-02 19:39:02.196] [pid:46944] [main] [stability] perf_app_start reported
[2026-10-02 19:39:04.836] [pid:46944] [main] [host-log] (local-1) [host] [2026-10-02 19:39:04.835] [pid:24632] [settingService] writing settings to: E:\Xiadie\Xiadie\.runtime\P01\u08-no-key-1790941116487135000\home\.zcode\v2\setting.json {"recentProjects":[],"locale":"zh-CN","localePreference":"en-US","terminalInheritSystemProfile":true,"embeddedBrowserAllowInsecureCertificates":false,"embeddedBrowserViewportPreference":{"mode":"normal","viewport":{"width":393,"height":852},"zoom":"fit"},"computerUseComposerEntryHidden":true,"taskAutoArchiveEnabled":false,"taskAutoArchiveOlderThanDays":7,"closeToTrayOnWindows":true,"closeToTrayOnWindowsMigrationInitialized":true,"keepAwakeWhileRunning":false,"desktopChromiumHardwareAccelerationEnabled":false,"messageStreamShowReasoning":true,"messageStreamShowReasoningMigrationInitialized":true,"messageStreamShowTodos":false,"toolGroupingExploreEnabled":true,"toolGroupingTerminalEnabled":true,"toolGroupingChangesEnabled":false,"zcodeInteractionBehavior":"queue","askUserQuestionAutoResolutionEnabled":true,"modelIoFullRetentionEnabled":false,"startPlanRecommendationDismissed":false,"providerFamilyConnectionSelections":{},"providerFamilyDomain":"zai","providerFamilyDomainUpdatedAt":1790941144832,"providerFamilyDomainMigrated":true,"nativeSearchEnhancementsEnabled":true,"memoryEnabled":false,"lastWorkspaceSession":[{"kind":"local","workspacePath":"E:\\Xiadie\\Xiadie\\.runtime\\P01\\u08-no-key-1790941116487135000\\workspace","workspacePurpose":"project"},{"kind":"local","workspacePath":"E:\\Xiadie\\Xiadie\\.runtime\\P01\\u08-no-key-1790941116487135000\\data\\.zcode\\workspace\\default","workspacePurpose":"conversation"}],"lastActiveTabIndex":0,"receivePreviewUpdates":false,"autoDownloadAndInstallUpdates":false,"skippedElectronUpdateVersions":{},"settingsSyncFirstRunPromptHandled":true}
[2026-10-02 19:39:04.842] [pid:46944] [main] [host-log] (local-1) [host] [2026-10-02 19:39:04.841] [pid:24632] [settingService] write done
[2026-10-02 19:39:04.843] [pid:46944] [main] [host-log] (local-1) [host] [2026-10-02 19:39:04.842] [pid:24632] [zcode-host] [rpc:call] setting.update OK (10.0ms)
[2026-10-02 19:39:04.886] [pid:46944] [main] [host-log] (local-1) [host] [2026-10-02 19:39:04.885] [pid:24632] [zcode-host] [rpc:call] setting.get OK (0.8ms)
[2026-10-02 19:39:04.887] [pid:46944] [main] [host-log] (local-1) [host] [2026-10-02 19:39:04.887] [pid:24632] [zcode-host] [rpc:call] file.ensureConversationWorkspace OK (0.4ms)
[2026-10-02 19:39:04.889] [pid:46944] [main] [task-realtime] updated host workspace scopes {
  hostId: '500d637e-5ede-4308-93b6-542eab99f388',
  workspaceKeyCount: 1
}
[2026-10-02 19:39:04.891] [pid:46944] [main] [host-log] (local-1) [host] [2026-10-02 19:39:04.890] [pid:24632] [zcode-host] [rpc:call] setting.get OK (0.6ms)
[2026-10-02 19:39:04.892] [pid:46944] [main] [host-log] (local-1) [host] [2026-10-02 19:39:04.891] [pid:24632] [zcode-host] [rpc:call] file.ensureConversationWorkspace OK (0.4ms)
[2026-10-02 19:39:04.894] [pid:46944] [main] [host-log] (local-1) [host] [2026-10-02 19:39:04.893] [pid:24632] [settingService] writing settings to: E:\Xiadie\Xiadie\.runtime\P01\u08-no-key-1790941116487135000\home\.zcode\v2\setting.json {"recentProjects":["E:\\Xiadie\\Xiadie\\.runtime\\P01\\u08-no-key-1790941116487135000\\workspace"],"locale":"zh-CN","localePreference":"en-US","terminalInheritSystemProfile":true,"embeddedBrowserAllowInsecureCertificates":false,"embeddedBrowserViewportPreference":{"mode":"normal","viewport":{"width":393,"height":852},"zoom":"fit"},"computerUseComposerEntryHidden":true,"taskAutoArchiveEnabled":false,"taskAutoArchiveOlderThanDays":7,"closeToTrayOnWindows":true,"closeToTrayOnWindowsMigrationInitialized":true,"keepAwakeWhileRunning":false,"desktopChromiumHardwareAccelerationEnabled":false,"messageStreamShowReasoning":true,"messageStreamShowReasoningMigrationInitialized":true,"messageStreamShowTodos":false,"toolGroupingExploreEnabled":true,"toolGroupingTerminalEnabled":true,"toolGroupingChangesEnabled":false,"zcodeInteractionBehavior":"queue","askUserQuestionAutoResolutionEnabled":true,"modelIoFullRetentionEnabled":false,"startPlanRecommendationDismissed":false,"providerFamilyConnectionSelections":{},"providerFamilyDomain":"zai","providerFamilyDomainUpdatedAt":1790941144832,"providerFamilyDomainMigrated":true,"nativeSearchEnhancementsEnabled":true,"memoryEnabled":false,"lastWorkspaceSession":[{"kind":"local","workspacePath":"E:\\Xiadie\\Xiadie\\.runtime\\P01\\u08-no-key-1790941116487135000\\workspace","workspacePurpose":"project"},{"kind":"local","workspacePath":"E:\\Xiadie\\Xiadie\\.runtime\\P01\\u08-no-key-1790941116487135000\\data\\.zcode\\workspace\\default","workspacePurpose":"conversation"}],"lastActiveTabIndex":0,"receivePreviewUpdates":false,"autoDownloadAndInstallUpdates":false,"skippedElectronUpdateVersions":{},"settingsSyncFirstRunPromptHandled":true}
[2026-10-02 19:39:04.896] [pid:46944] [main] [host-log] (local-1) [host] [2026-10-02 19:39:04.895] [pid:24632] [zcode-host] [rpc:call] onboarding-record.claimAnonymousRecord OK (0.3ms)
[2026-10-02 19:39:04.900] [pid:46944] [main] [host-log] (local-1) [host] [2026-10-02 19:39:04.896] [pid:24632] [zcode-host] [rpc:call] onboarding-record.getLatestEntry OK (1.8ms)
[2026-10-02 19:39:04.900] [pid:46944] [main] [host-log] (local-1) [host] [2026-10-02 19:39:04.897] [pid:24632] [zcode-host] [rpc:call] onboarding-record.shouldOnboard OK (0.7ms)
[2026-10-02 19:39:04.901] [pid:46944] [main] [host-log] (local-1) [host] [2026-10-02 19:39:04.899] [pid:24632] [settingService] write done
[2026-10-02 19:39:04.901] [pid:46944] [main] [host-log] (local-1) [host] [2026-10-02 19:39:04.899] [pid:24632] [zcode-host] [rpc:call] setting.update OK (6.2ms)
[2026-10-02 19:39:04.905] [pid:46944] [main] [host-log] (local-1) [host] [2026-10-02 19:39:04.904] [pid:24632] [zcode-host] [rpc:call] setting.get OK (9.6ms)
[2026-10-02 19:39:04.925] [pid:46944] [renderer] v4 conversation frame upstream attached {
  workspaceKey: 'E:\\Xiadie\\Xiadie\\.runtime\\P01\\u08-no-key-1790941116487135000\\workspace',
  workspacePath: 'E:\\Xiadie\\Xiadie\\.runtime\\P01\\u08-no-key-1790941116487135000\\workspace',
  event: 'v4.conversation.frames.upstream_attached',
  listenerCount: 1,
  module: 'ui.v4.conversation_transport',
  runtimeGeneration: 0,
  status: 'completed'
}
[2026-10-02 19:39:04.926] [pid:46944] [renderer] v4 workspace connection created {
  event: 'v4.workspace_connection.created',
  isRemote: false,
  key: '__base__ E:\\Xiadie\\Xiadie\\.runtime\\P01\\u08-no-key-1790941116487135000\\workspace',
  module: 'ui.v4.workspace_connection_registry',
  refCount: 1,
  serviceGeneration: 1,
  status: 'completed'
}
[2026-10-02 19:39:04.927] [pid:46944] [main] [host-log] (local-1) [host] [2026-10-02 19:39:04.925] [pid:24632] [zcode-host] [rpc:listen] zcode-agent.onDynamicLocalTtftFacts subscribed
[2026-10-02 19:39:04.928] [pid:46944] [main] [host-log] (local-1) [host] [2026-10-02 19:39:04.925] [pid:24632] [zcode-host] [rpc:listen] zcode-agent.onDynamicConversationFrame subscribed
[2026-10-02 19:39:04.973] [pid:46944] [main] [host-log] (local-1) [host] [2026-10-02 19:39:04.972] [pid:24632] [zcode-host] [rpc:listen] window-controller.onDynamicControllerFrame subscribed
[2026-10-02 19:39:04.974] [pid:46944] [main] [host-log] (local-1) [host] [2026-10-02 19:39:04.973] [pid:24632] [zcode-host] [rpc:call] window-controller.subscribeControllerV4 OK (0.2ms)
[2026-10-02 19:39:04.974] [pid:46944] [main] [host-log] (local-1) [host] [2026-10-02 19:39:04.973] [pid:24632] [zcode-host] [rpc:call] window-controller.subscribeControllerV4 OK (0.1ms)
[2026-10-02 19:39:04.975] [pid:46944] [main] [host-log] (local-1) [host] [2026-10-02 19:39:04.974] [pid:24632] [zcode-host] [rpc:listen] zcode-agent.onDynamicSessionsIndexFrame subscribed
[2026-10-02 19:39:04.975] [pid:46944] [main] [host-log] (local-1) [host] [2026-10-02 19:39:04.974] [pid:24632] [zcode-host] [rpc:listen] zcode-agent.onAgentRuntimeLifecycle subscribed
[2026-10-02 19:39:04.975] [pid:46944] [main] [host-log] (local-1) [host] [2026-10-02 19:39:04.974] [pid:24632] [zcode-host] [rpc:call] zcode-agent.helloConversationV4 OK (0.1ms)
[2026-10-02 19:39:04.976] [pid:46944] [main] [host-log] (local-1) [host] [2026-10-02 19:39:04.974] [pid:24632] [zcode-host] [rpc:call] zcode-task.listPinnedTaskIds OK (0.2ms)
[2026-10-02 19:39:04.976] [pid:46944] [main] [host-log] (local-1) [host] [2026-10-02 19:39:04.975] [pid:24632] [zcode-host] [rpc:call] zcode-task.listArchivedTasks OK (0.2ms)
[2026-10-02 19:39:04.977] [pid:46944] [main] [host-log] (local-1) [host] [2026-10-02 19:39:04.975] [pid:24632] [zcode-host] [rpc:call] zcode-task.listTasks OK (0.3ms)
[2026-10-02 19:39:04.977] [pid:46944] [main] [host-log] (local-1) [host] [2026-10-02 19:39:04.975] [pid:24632] [zcode-host] [rpc:call] zcode-task.listPinnedTasks OK (0.1ms)
[2026-10-02 19:39:04.978] [pid:46944] [main] [host-log] (local-1) [host] [2026-10-02 19:39:04.976] [pid:24632] [zcode-host] [rpc:call] zcode-task.listDeletedTaskIds OK (0.1ms)
[2026-10-02 19:39:04.978] [pid:46944] [main] [host-log] (local-1) [host] [2026-10-02 19:39:04.976] [pid:24632] [zcode-host] [rpc:listen] zcode-task.onDynamicWorkspaceEvent subscribed
[2026-10-02 19:39:04.979] [pid:46944] [main] [host-log] (local-1) [host] [2026-10-02 19:39:04.978] [pid:24632] [zcode-host] [rpc:call] window-controller.listTaskList OK (4.7ms)
[2026-10-02 19:39:04.979] [pid:46944] [main] [host-log] (local-1) [host] [2026-10-02 19:39:04.978] [pid:24632] [zcode-host] [rpc:listen] zcode-agent.onAgentRuntimeLifecycle subscribed
[2026-10-02 19:39:04.980] [pid:46944] [main] [host-log] (local-1) [host] [2026-10-02 19:39:04.978] [pid:24632] [zcode-host] [rpc:call] system.info OK (0.1ms)
[2026-10-02 19:39:04.980] [pid:46944] [main] [host-log] (local-1) [host] [2026-10-02 19:39:04.978] [pid:24632] [zcode-host] [rpc:listen] model-selection.onDidChange subscribed
[2026-10-02 19:39:04.981] [pid:46944] [main] [host-log] (local-1) [host] [2026-10-02 19:39:04.978] [pid:24632] [zcode-host] [rpc:listen] model-selection.onDidChange subscribed
[2026-10-02 19:39:04.981] [pid:46944] [main] [host-log] (local-1) [host] [2026-10-02 19:39:04.979] [pid:24632] [zcode-host] [rpc:call] model-selection.getView OK (0.9ms)
[2026-10-02 19:39:04.982] [pid:46944] [main] [host-log] (local-1) [host] [2026-10-02 19:39:04.979] [pid:24632] [zcode-host] [rpc:call] model-selection.getView OK (0.9ms)
[2026-10-02 19:39:04.983] [pid:46944] [main] [host-log] (local-1) [host] [2026-10-02 19:39:04.980] [pid:24632] [zcode-host] [rpc:listen] zcode-agent.onDynamicConversationTelemetryFact subscribed
[2026-10-02 19:39:04.983] [pid:46944] [main] [host-log] (local-1) [host] [2026-10-02 19:39:04.982] [pid:24632] [zcode-host] [rpc:call] off-peak-task.list OK (0.3ms)
[2026-10-02 19:39:04.989] [pid:46944] [main] [host-log] (local-1) [host] [2026-10-02 19:39:04.989] [pid:24632] [zcode-host] [rpc:call] settings-sync.getFirstRunPromptState OK (0.6ms)
[2026-10-02 19:39:04.990] [pid:46944] [main] [host-log] (local-1) [host] [2026-10-02 19:39:04.989] [pid:24632] [zcode-host] [rpc:call] subagents.list OK (13.5ms)
[2026-10-02 19:39:05.025] [pid:46944] [main] [host-log] (local-1) [host] [2026-10-02 19:39:05.024] [pid:24632] [zcode-host] [rpc:call] window-controller.listTaskList OK (0.1ms)
[2026-10-02 19:39:05.026] [pid:46944] [main] [host-log] (local-1) [host] [2026-10-02 19:39:05.025] [pid:24632] [zcode-host] [rpc:call] zcode-agent.initializeConversationV4 OK (0.5ms)
[2026-10-02 19:39:05.029] [pid:46944] [main] [host-log] (local-1) [host] [2026-10-02 19:39:05.028] [pid:24632] [zcode-host] [rpc:call] window-controller.listTaskList OK (0.1ms)
[2026-10-02 19:39:05.045] [pid:46944] [main] [host-log] (local-1) [host] [2026-10-02 19:39:05.044] [pid:24632] [zcode-host] [rpc:call] zcode-agent.subscribeSessionsIndexV4 OK (1.1ms)
[2026-10-02 19:39:05.101] [pid:46944] [main] [host-log] (local-1) [host] [2026-10-02 19:39:05.100] [pid:24632] [zcode-host] [rpc:call] system.info OK (0.0ms)
[2026-10-02 19:39:05.102] [pid:46944] [main] [host-log] (local-1) [host] [2026-10-02 19:39:05.100] [pid:24632] [zcode-host] [rpc:call] setting.get OK (0.9ms)
[2026-10-02 19:39:05.102] [pid:46944] [main] [host-log] (local-1) [host] [2026-10-02 19:39:05.101] [pid:24632] [zcode-host] [rpc:call] setting.get OK (0.8ms)
[2026-10-02 19:39:05.110] [pid:46944] [main] [host-log] (local-1) [host] [2026-10-02 19:39:05.109] [pid:24632] [zcode-host] [rpc:call] git.refresh OK (127.1ms)
[2026-10-02 19:39:05.179] [pid:46944] [main] [host-log] (local-1) [host] [2026-10-02 19:39:05.179] [pid:24632] [zcode-host] [rpc:call] system.listIntegratedTerminalShells OK (0.4ms)
[2026-10-02 19:39:05.867] [pid:46944] [main] [task-realtime] updated host workspace scopes {
  hostId: '500d637e-5ede-4308-93b6-542eab99f388',
  workspaceKeyCount: 2
}
[2026-10-02 19:39:05.868] [pid:46944] [main] [host-log] (local-1) [host] [2026-10-02 19:39:05.867] [pid:24632] [zcode-host] [rpc:call] window-controller.listTaskList OK (0.6ms)
[2026-10-02 19:39:05.869] [pid:46944] [main] [host-log] (local-1) [host] [2026-10-02 19:39:05.867] [pid:24632] [zcode-host] [rpc:call] window-controller.listTaskList OK (0.0ms)
[2026-10-02 19:39:06.170] [pid:46944] [main] [host-log] (local-1) [host] [2026-10-02 19:39:06.169] [pid:24632] [settingService] writing settings to: E:\Xiadie\Xiadie\.runtime\P01\u08-no-key-1790941116487135000\home\.zcode\v2\setting.json {"recentProjects":["E:\\Xiadie\\Xiadie\\.runtime\\P01\\u08-no-key-1790941116487135000\\workspace"],"locale":"zh-CN","localePreference":"en-US","terminalInheritSystemProfile":true,"embeddedBrowserAllowInsecureCertificates":false,"embeddedBrowserViewportPreference":{"mode":"normal","viewport":{"width":393,"height":852},"zoom":"fit"},"computerUseComposerEntryHidden":true,"taskAutoArchiveEnabled":false,"taskAutoArchiveOlderThanDays":7,"closeToTrayOnWindows":true,"closeToTrayOnWindowsMigrationInitialized":true,"keepAwakeWhileRunning":false,"desktopChromiumHardwareAccelerationEnabled":false,"messageStreamShowReasoning":true,"messageStreamShowReasoningMigrationInitialized":true,"messageStreamShowTodos":false,"toolGroupingExploreEnabled":true,"toolGroupingTerminalEnabled":true,"toolGroupingChangesEnabled":false,"zcodeInteractionBehavior":"queue","askUserQuestionAutoResolutionEnabled":true,"modelIoFullRetentionEnabled":false,"startPlanRecommendationDismissed":false,"providerFamilyConnectionSelections":{},"providerFamilyDomain":"zai","providerFamilyDomainUpdatedAt":1790941144832,"providerFamilyDomainMigrated":true,"nativeSearchEnhancementsEnabled":true,"memoryEnabled":false,"lastWorkspaceSession":[{"kind":"local","workspacePath":"E:\\Xiadie\\Xiadie\\.runtime\\P01\\u08-no-key-1790941116487135000\\workspace","workspacePurpose":"project"},{"kind":"local","workspacePath":"E:\\Xiadie\\Xiadie\\.runtime\\P01\\u08-no-key-1790941116487135000\\data\\.zcode\\workspace\\default","workspacePurpose":"conversation"}],"lastActiveTabIndex":0,"receivePreviewUpdates":false,"autoDownloadAndInstallUpdates":false,"skippedElectronUpdateVersions":{},"settingsSyncFirstRunPromptHandled":true}
[2026-10-02 19:39:06.173] [pid:46944] [main] [host-log] (local-1) [host] [2026-10-02 19:39:06.173] [pid:24632] [settingService] write done
[2026-10-02 19:39:06.174] [pid:46944] [main] [host-log] (local-1) [host] [2026-10-02 19:39:06.173] [pid:24632] [zcode-host] [rpc:call] setting.update OK (4.5ms)
[2026-10-02 19:39:06.885] [pid:46944] [main] [host-log] (local-1) [host] [2026-10-02 19:39:06.885] [pid:24632] [zcode-host] [rpc:call] system.info OK (0.0ms)
[2026-10-02 19:39:06.886] [pid:46944] [main] [host-log] (local-1) [host] [2026-10-02 19:39:06.885] [pid:24632] [zcode-host] [rpc:call] file-watcher.watch OK (0.5ms)
[2026-10-02 19:39:06.886] [pid:46944] [main] [host-log] (local-1) [host] [2026-10-02 19:39:06.886] [pid:24632] [zcode-host] [rpc:call] file-watcher.watch OK (0.2ms)
[2026-10-02 19:39:06.940] [pid:46944] [main] [host-log] (local-1) [host] [2026-10-02 19:39:06.940] [pid:24632] [zcode-host] [rpc:listen] file-watcher.onDynamicChange subscribed
[2026-10-02 19:39:06.941] [pid:46944] [main] [host-log] (local-1) [host] [2026-10-02 19:39:06.940] [pid:24632] [zcode-host] [rpc:listen] file-watcher.onDynamicChange subscribed
[2026-10-02 19:39:06.941] [pid:46944] [main] [host-log] (local-1) [host] [2026-10-02 19:39:06.940] [pid:24632] [zcode-host] [rpc:call] file-watcher.unwatch OK (0.1ms)
[2026-10-02 19:39:06.942] [pid:46944] [main] [host-log] (local-1) [host] [2026-10-02 19:39:06.940] [pid:24632] [zcode-host] [rpc:call] file-watcher.unwatch OK (0.0ms)
[2026-10-02 19:39:06.942] [pid:46944] [main] [host-log] (local-1) [host] [2026-10-02 19:39:06.941] [pid:24632] [zcode-host] [rpc:call] file-watcher.watch OK (0.4ms)
[2026-10-02 19:39:06.942] [pid:46944] [main] [host-log] (local-1) [host] [2026-10-02 19:39:06.941] [pid:24632] [zcode-host] [rpc:call] file-watcher.watch OK (0.2ms)
[2026-10-02 19:39:06.943] [pid:46944] [main] [host-log] (local-1) [host] [2026-10-02 19:39:06.941] [pid:24632] [zcode-host] [rpc:call] file-watcher.watch OK (0.5ms)
[2026-10-02 19:39:06.944] [pid:46944] [main] [host-log] (local-1) [host] [2026-10-02 19:39:06.942] [pid:24632] [zcode-host] [rpc:listen] file-watcher.onDynamicChange subscribed
[2026-10-02 19:39:06.944] [pid:46944] [main] [host-log] (local-1) [host] [2026-10-02 19:39:06.942] [pid:24632] [zcode-host] [rpc:listen] file-watcher.onDynamicChange subscribed
[2026-10-02 19:39:06.945] [pid:46944] [main] [host-log] (local-1) [host] [2026-10-02 19:39:06.942] [pid:24632] [zcode-host] [rpc:listen] file-watcher.onDynamicChange subscribed
[2026-10-02 19:39:07.186] [pid:46944] [main] [host-log] (local-1) [host] [2026-10-02 19:39:07.186] [pid:24632] [settingService] writing settings to: E:\Xiadie\Xiadie\.runtime\P01\u08-no-key-1790941116487135000\home\.zcode\v2\setting.json {"recentProjects":["E:\\Xiadie\\Xiadie\\.runtime\\P01\\u08-no-key-1790941116487135000\\workspace"],"locale":"zh-CN","localePreference":"en-US","terminalInheritSystemProfile":true,"embeddedBrowserAllowInsecureCertificates":false,"embeddedBrowserViewportPreference":{"mode":"normal","viewport":{"width":393,"height":852},"zoom":"fit"},"computerUseComposerEntryHidden":true,"taskAutoArchiveEnabled":false,"taskAutoArchiveOlderThanDays":7,"closeToTrayOnWindows":true,"closeToTrayOnWindowsMigrationInitialized":true,"keepAwakeWhileRunning":false,"desktopChromiumHardwareAccelerationEnabled":false,"messageStreamShowReasoning":true,"messageStreamShowReasoningMigrationInitialized":true,"messageStreamShowTodos":false,"toolGroupingExploreEnabled":true,"toolGroupingTerminalEnabled":true,"toolGroupingChangesEnabled":false,"zcodeInteractionBehavior":"queue","askUserQuestionAutoResolutionEnabled":true,"modelIoFullRetentionEnabled":false,"startPlanRecommendationDismissed":false,"providerFamilyConnectionSelections":{},"providerFamilyDomain":"zai","providerFamilyDomainUpdatedAt":1790941144832,"providerFamilyDomainMigrated":true,"nativeSearchEnhancementsEnabled":true,"memoryEnabled":false,"lastWorkspaceSession":[{"kind":"local","workspacePath":"E:\\Xiadie\\Xiadie\\.runtime\\P01\\u08-no-key-1790941116487135000\\workspace","workspacePurpose":"project"},{"kind":"local","workspacePath":"E:\\Xiadie\\Xiadie\\.runtime\\P01\\u08-no-key-1790941116487135000\\data\\.zcode\\workspace\\default","workspacePurpose":"conversation"}],"lastActiveTabIndex":0,"receivePreviewUpdates":false,"autoDownloadAndInstallUpdates":false,"skippedElectronUpdateVersions":{},"settingsSyncFirstRunPromptHandled":true}
[2026-10-02 19:39:07.191] [pid:46944] [main] [host-log] (local-1) [host] [2026-10-02 19:39:07.190] [pid:24632] [settingService] write done
[2026-10-02 19:39:07.191] [pid:46944] [main] [host-log] (local-1) [host] [2026-10-02 19:39:07.190] [pid:24632] [zcode-host] [rpc:call] setting.update OK (5.7ms)
[2026-10-02 19:39:09.028] [pid:46944] [main] [host-log] (local-1) [host] [2026-10-02 19:39:08.916] [pid:24632] [zcode-host] [rpc:call] zcode-task.getTaskSessionFilePath OK (0.1ms)
[2026-10-02 19:39:09.028] [pid:46944] [renderer] v4 conversation store connect started {
  event: 'v4.conversation.store.connect.started',
  generation: 1,
  hasBase: false,
  module: 'ui.v4.conversation_projection_store',
  status: 'started',
  topic: 'conversation/9b855798-45fa-45b8-8b49-029b54073e38'
}
[2026-10-02 19:39:09.029] [pid:46944] [renderer] v4 conversation subscription started {
  workspaceKey: 'E:\\Xiadie\\Xiadie\\.runtime\\P01\\u08-no-key-1790941116487135000\\workspace',
  workspacePath: 'E:\\Xiadie\\Xiadie\\.runtime\\P01\\u08-no-key-1790941116487135000\\workspace',
  event: 'v4.conversation.subscribe.started',
  module: 'ui.v4.conversation_transport',
  runtimeGeneration: 0,
  sessionId: '9b855798-45fa-45b8-8b49-029b54073e38',
  status: 'started',
  topic: 'conversation/9b855798-45fa-45b8-8b49-029b54073e38'
}
[2026-10-02 19:39:09.029] [pid:46944] [renderer] v4 session data lease acquired {
  event: 'v4.session_data.acquire',
  keepWarm: false,
  module: 'ui.v4.session_data_layer',
  openKind: 'cold',
  refCount: 1,
  sessionId: '9b855798-45fa-45b8-8b49-029b54073e38',
  status: 'completed',
  topic: 'conversation/9b855798-45fa-45b8-8b49-029b54073e38'
}
[2026-10-02 19:39:09.030] [pid:46944] [main] [host-log] (local-1) [host] [2026-10-02 19:39:08.917] [pid:24632] [zcode-host] [rpc:call] zcode-task.getTaskNativeSessionLogFile OK (0.3ms)
[2026-10-02 19:39:09.030] [pid:46944] [main] [host-log] (local-1) [host] [2026-10-02 19:39:08.918] [pid:24632] [zcode-agent-service] 开始请求 ZCode Protocol workspace/readPresentation {"workspaceKey":"E:\\Xiadie\\Xiadie\\.runtime\\P01\\u08-no-key-1790941116487135000\\workspace","workspacePath":"E:\\Xiadie\\Xiadie\\.runtime\\P01\\u08-no-key-1790941116487135000\\workspace"}
[2026-10-02 19:39:09.030] [pid:46944] [main] [host-log] (local-1) [host] [2026-10-02 19:39:08.918] [pid:24632] [zcode-host] [rpc:listen] zcode-agent.onAgentRuntimeRestarted subscribed
[2026-10-02 19:39:09.031] [pid:46944] [main] [host-log] (local-1) [host] [2026-10-02 19:39:08.919] [pid:24632] [zcode-host] [rpc:call] zcode-task.getTaskNativeSessionLogFile OK (0.3ms)
[2026-10-02 19:39:09.031] [pid:46944] [main] [host-log] (local-1) [host] [2026-10-02 19:39:08.920] [pid:24632] [zcode-host] [rpc:call] zcode-task.getTaskSessionFilePath OK (0.0ms)
[2026-10-02 19:39:09.032] [pid:46944] [main] [host-log] (local-1) [host] [2026-10-02 19:39:08.938] [pid:24632] [zcode-agent-service] account provider config 已交付到 ZCode agent {"providerCount":8,"reason":"workspace_read_presentation","receivedRevision":"account:[\"zcode-builtin:30:662e78439a958ee11818c89e5577d3f4a53b5abe33ed1e98e1a1dfa40f28f498\",[{\"providerId\":\"account:zai-individual-coding-plan\",\"config\":{\"access\":{\"type\":\"zhipu-account\",\"entitled\":false}}},{\"providerId\":\"account:zai-team-coding-plan\",\"config\":{\"access\":{\"type\":\"zhipu-account\",\"entitled\":false}}},{\"providerId\":\"account:zai-start-plan\",\"config\":{\"access\":{\"type\":\"zhipu-account\",\"entitled\":false}}},{\"providerId\":\"account:bigmodel-individual-coding-plan\",\"config\":{\"access\":{\"type\":\"zhipu-account\",\"entitled\":false}}},{\"providerId\":\"account:bigmodel-team-coding-plan\",\"config\":{\"access\":{\"type\":\"zhipu-account\",\"entitled\":false}}},{\"providerId\":\"account:bigmodel-start-plan\",\"config\":{\"access\":{\"type\":\"zhipu-account\",\"entitled\":false}}},{\"providerId\":\"account:zai-offpeak-idle-plan\",\"config\":{\"access\":{\"type\":\"zhipu-account\",\"entitled\":false}}},{\"providerId\":\"account:bigmodel-offpeak-idle-plan\",\"config\":{\"access\":{\"type\":\"zhipu-account\",\"entitled\":false}}}],{\"account:zai-individual-coding-plan\":{\"availability\":\"unavailable\",\"entitled\":false,\"unavailableReason\":\"not-connected\",\"current\":false,\"connectionKey\":\"41717a7a173a5e88981ed3b30d6c754715277dce3b302a8e7b1386cdf57b9b4c\"},\"account:zai-team-coding-plan\":{\"availability\":\"unavailable\",\"entitled\":false,\"unavailableReason\":\"not-connected\",\"current\":false,\"connectionKey\":\"41717a7a173a5e88981ed3b30d6c754715277dce3b302a8e7b1386cdf57b9b4c\"},\"account:zai-start-plan\":{\"availability\":\"unavailable\",\"entitled\":false,\"unavailableReason\":\"not-connected\",\"current\":false,\"connectionKey\":\"b20a8f39ea1865b9bdbc4f21e0774500034895a93cdf0c737917b6532ebedcea\"},\"account:bigmodel-individual-coding-plan\":{\"availability\":\"unavailable\",\"entitled\":false,\"unavailableReason\":\"not-connected\",\"current\":false,\"connectionKey\":\"145736c8450a04bf4ba21aee47794f53d87ea79c5dc4cc5b9f27fbf5b6038d53\"},\"account:bigmodel-team-coding-plan\":{\"availability\":\"unavailable\",\"entitled\":false,\"unavailableReason\":\"not-connected\",\"current\":false,\"connectionKey\":\"145736c8450a04bf4ba21aee47794f53d87ea79c5dc4cc5b9f27fbf5b6038d53\"},\"account:bigmodel-start-plan\":{\"availability\":\"unavailable\",\"entitled\":false,\"unavailableReason\":\"not-connected\",\"current\":false,\"connectionKey\":\"116fde2fcda0bb10f88164a63caadb0a0ec8611edcf75b35a9924684f9ba84bd\"},\"account:zai-offpeak-idle-plan\":{\"availability\":\"unavailable\",\"entitled\":false},\"account:bigmodel-offpeak-idle-plan\":{\"availability\":\"unavailable\",\"entitled\":false}}]","status":"received"}
[2026-10-02 19:39:09.219] [pid:46944] [main] [host-log] (local-1) [host] [2026-10-02 19:39:09.219] [pid:24632] [settingService] writing settings to: E:\Xiadie\Xiadie\.runtime\P01\u08-no-key-1790941116487135000\home\.zcode\v2\setting.json {"recentProjects":["E:\\Xiadie\\Xiadie\\.runtime\\P01\\u08-no-key-1790941116487135000\\workspace"],"locale":"zh-CN","localePreference":"en-US","terminalInheritSystemProfile":true,"embeddedBrowserAllowInsecureCertificates":false,"embeddedBrowserViewportPreference":{"mode":"normal","viewport":{"width":393,"height":852},"zoom":"fit"},"computerUseComposerEntryHidden":true,"taskAutoArchiveEnabled":false,"taskAutoArchiveOlderThanDays":7,"closeToTrayOnWindows":true,"closeToTrayOnWindowsMigrationInitialized":true,"keepAwakeWhileRunning":false,"desktopChromiumHardwareAccelerationEnabled":false,"messageStreamShowReasoning":true,"messageStreamShowReasoningMigrationInitialized":true,"messageStreamShowTodos":false,"toolGroupingExploreEnabled":true,"toolGroupingTerminalEnabled":true,"toolGroupingChangesEnabled":false,"zcodeInteractionBehavior":"queue","askUserQuestionAutoResolutionEnabled":true,"modelIoFullRetentionEnabled":false,"startPlanRecommendationDismissed":false,"providerFamilyConnectionSelections":{},"providerFamilyDomain":"zai","providerFamilyDomainUpdatedAt":1790941144832,"providerFamilyDomainMigrated":true,"nativeSearchEnhancementsEnabled":true,"memoryEnabled":false,"lastWorkspaceSession":[{"kind":"local","workspacePath":"E:\\Xiadie\\Xiadie\\.runtime\\P01\\u08-no-key-1790941116487135000\\workspace","workspacePurpose":"project"},{"kind":"local","workspacePath":"E:\\Xiadie\\Xiadie\\.runtime\\P01\\u08-no-key-1790941116487135000\\data\\.zcode\\workspace\\default","workspacePurpose":"conversation"}],"lastActiveTabIndex":0,"receivePreviewUpdates":false,"autoDownloadAndInstallUpdates":false,"skippedElectronUpdateVersions":{},"settingsSyncFirstRunPromptHandled":true}
[2026-10-02 19:39:09.223] [pid:46944] [main] [host-log] (local-1) [host] [2026-10-02 19:39:09.222] [pid:24632] [settingService] write done
[2026-10-02 19:39:09.223] [pid:46944] [main] [host-log] (local-1) [host] [2026-10-02 19:39:09.222] [pid:24632] [zcode-host] [rpc:call] setting.update OK (4.6ms)
[2026-10-02 19:39:09.318] [pid:46944] [main] [host-log] (local-1) [host] [2026-10-02 19:39:09.318] [pid:24632] [zcode-host] [rpc:call] zcode-agent.conversationWorkflowRunsV4 OK (388.2ms)
[2026-10-02 19:39:09.323] [pid:46944] [main] [host-log] (local-1) [host] [2026-10-02 19:39:09.323] [pid:24632] [zcode-agent-service] ZCode Protocol workspace/readPresentation 完成 {"durationMs":405,"slashCommandCount":4,"workspaceKey":"E:\\Xiadie\\Xiadie\\.runtime\\P01\\u08-no-key-1790941116487135000\\workspace","workspacePath":"E:\\Xiadie\\Xiadie\\.runtime\\P01\\u08-no-key-1790941116487135000\\workspace"}
[2026-10-02 19:39:09.324] [pid:46944] [main] [host-log] (local-1) [host] [2026-10-02 19:39:09.323] [pid:24632] [zcode-host] [rpc:call] zcode-session.readWorkspacePresentation OK (405.4ms)
[2026-10-02 19:39:09.332] [pid:46944] [main] [host-log] (local-1) [host] [2026-10-02 19:39:09.331] [pid:24632] [zcode-host] [rpc:call] zcode-agent.subscribeConversationV4 OK (401.4ms)
[2026-10-02 19:39:09.334] [pid:46944] [renderer] v4 conversation subscription acknowledged {
  workspaceKey: 'E:\\Xiadie\\Xiadie\\.runtime\\P01\\u08-no-key-1790941116487135000\\workspace',
  workspacePath: 'E:\\Xiadie\\Xiadie\\.runtime\\P01\\u08-no-key-1790941116487135000\\workspace',
  durationMs: 415,
  event: 'v4.conversation.subscribe.acknowledged',
  module: 'ui.v4.conversation_transport',
  runtimeGeneration: 0,
  sessionId: '9b855798-45fa-45b8-8b49-029b54073e38',
  status: 'completed',
  subscriptionId: 'sub-muqw4ayq-ykmupdh8-1',
  topic: 'conversation/9b855798-45fa-45b8-8b49-029b54073e38'
}
[2026-10-02 19:39:09.339] [pid:46944] [renderer] v4 conversation subscription activated {
  workspaceKey: 'E:\\Xiadie\\Xiadie\\.runtime\\P01\\u08-no-key-1790941116487135000\\workspace',
  workspacePath: 'E:\\Xiadie\\Xiadie\\.runtime\\P01\\u08-no-key-1790941116487135000\\workspace',
  event: 'v4.conversation.subscribe.activated',
  module: 'ui.v4.conversation_transport',
  runtimeGeneration: 0,
  status: 'completed',
  subscriptionId: 'sub-muqw4ayq-ykmupdh8-1',
  topic: 'conversation/9b855798-45fa-45b8-8b49-029b54073e38'
}
[2026-10-02 19:39:09.340] [pid:46944] [renderer] v4 conversation store connect completed {
  durationMs: 420,
  event: 'v4.conversation.store.connect.completed',
  generation: 1,
  logEpoch: 'muqw4ayq-ykmupdh8',
  mode: 'snapshot',
  module: 'ui.v4.conversation_projection_store',
  status: 'completed',
  subscriptionId: 'sub-muqw4ayq-ykmupdh8-1',
  topic: 'conversation/9b855798-45fa-45b8-8b49-029b54073e38'
}
[2026-10-02 19:39:09.372] [pid:46944] [main] [host-log] (local-1) [host] [2026-10-02 19:39:09.371] [pid:24632] [zcode-host] [rpc:call] zcode-agent.conversationPlansV4 OK (1.7ms)
[2026-10-02 19:39:10.225] [pid:46944] [main] [host-log] (local-1) [host] [2026-10-02 19:39:10.224] [pid:24632] [settingService] writing settings to: E:\Xiadie\Xiadie\.runtime\P01\u08-no-key-1790941116487135000\home\.zcode\v2\setting.json {"recentProjects":["E:\\Xiadie\\Xiadie\\.runtime\\P01\\u08-no-key-1790941116487135000\\workspace"],"locale":"zh-CN","localePreference":"en-US","terminalInheritSystemProfile":true,"embeddedBrowserAllowInsecureCertificates":false,"embeddedBrowserViewportPreference":{"mode":"normal","viewport":{"width":393,"height":852},"zoom":"fit"},"computerUseComposerEntryHidden":true,"taskAutoArchiveEnabled":false,"taskAutoArchiveOlderThanDays":7,"closeToTrayOnWindows":true,"closeToTrayOnWindowsMigrationInitialized":true,"keepAwakeWhileRunning":false,"desktopChromiumHardwareAccelerationEnabled":false,"messageStreamShowReasoning":true,"messageStreamShowReasoningMigrationInitialized":true,"messageStreamShowTodos":false,"toolGroupingExploreEnabled":true,"toolGroupingTerminalEnabled":true,"toolGroupingChangesEnabled":false,"zcodeInteractionBehavior":"queue","askUserQuestionAutoResolutionEnabled":true,"modelIoFullRetentionEnabled":false,"startPlanRecommendationDismissed":false,"providerFamilyConnectionSelections":{},"providerFamilyDomain":"zai","providerFamilyDomainUpdatedAt":1790941144832,"providerFamilyDomainMigrated":true,"nativeSearchEnhancementsEnabled":true,"memoryEnabled":false,"lastWorkspaceSession":[{"kind":"local","workspacePath":"E:\\Xiadie\\Xiadie\\.runtime\\P01\\u08-no-key-1790941116487135000\\workspace","workspacePurpose":"project"},{"kind":"local","workspacePath":"E:\\Xiadie\\Xiadie\\.runtime\\P01\\u08-no-key-1790941116487135000\\data\\.zcode\\workspace\\default","workspacePurpose":"conversation"}],"lastActiveTabIndex":0,"receivePreviewUpdates":false,"autoDownloadAndInstallUpdates":false,"skippedElectronUpdateVersions":{},"settingsSyncFirstRunPromptHandled":true}
[2026-10-02 19:39:10.229] [pid:46944] [main] [host-log] (local-1) [host] [2026-10-02 19:39:10.228] [pid:24632] [settingService] write done
[2026-10-02 19:39:10.229] [pid:46944] [main] [host-log] (local-1) [host] [2026-10-02 19:39:10.228] [pid:24632] [zcode-host] [rpc:call] setting.update OK (5.0ms)
[2026-10-02 19:39:10.920] [pid:46944] [main] [app-quit] forceQuit enabled (app-before-quit)
[2026-10-02 19:39:10.921] [pid:46944] [main] [stability] perf_app_exit reported { scene: 'app_quit', exitCode: 0 }
[2026-10-02 19:39:10.921] [pid:46944] [main] [app-quit] waiting for host process cleanup (app-before-quit), kind=normal, hosts=1, forceKillDelayMs=4000, waitTimeoutMs=4500
[2026-10-02 19:39:10.922] [pid:46944] [main] [disposeHostProcess] disposing host process (app-before-quit-1), pid=24632
[2026-10-02 19:39:10.923] [pid:46944] [main] [host-log] (local-1) [host] [2026-10-02 19:39:10.922] [pid:24632] [zcode-host] disposing host resources, reason=parent dispose
[2026-10-02 19:39:10.949] [pid:46944] [main] [host-log] (local-1) [host] [2026-10-02 19:39:10.948] [pid:24632] [zcode-agent] ZCode agent process exited {"workspaceKey":"E:\\Xiadie\\Xiadie\\.runtime\\P01\\u08-no-key-1790941116487135000\\workspace","pid":50552,"runtimeIdentity":"E:\\Xiadie\\Xiadie\\.runtime\\P01\\u08-no-key-1790941116487135000\\workspace:1:50552","code":0,"signal":null,"terminationKind":"expected","terminationReason":"manager-dispose"}
[2026-10-02 19:39:10.950] [pid:46944] [main] [host-log] (local-1) [host] [2026-10-02 19:39:10.949] [pid:24632] [zcode-agent] ZCode agent process cleanup completed {"workspaceKey":"E:\\Xiadie\\Xiadie\\.runtime\\P01\\u08-no-key-1790941116487135000\\workspace","pid":50552,"runtimeIdentity":"E:\\Xiadie\\Xiadie\\.runtime\\P01\\u08-no-key-1790941116487135000\\workspace:1:50552","reason":"manager-dispose"}
[2026-10-02 19:39:10.952] [pid:46944] [main] [task-realtime] unregistered host { hostId: '500d637e-5ede-4308-93b6-542eab99f388', windowId: 1 }
[2026-10-02 19:39:10.953] [pid:46944] [main] [spawnHostProcess] host process (local-1) exited with code 0
[2026-10-02 19:39:12.422] [pid:46944] [main] [app-quit] host process cleanup completed (app-before-quit)
[2026-10-02 19:39:12.422] [pid:46944] [main] [app-quit] preparation finished, resuming quit with windows=1
[2026-10-02 19:39:12.429] [pid:46944] [main] [createWindow] window closed, killing host process (local-1)
[2026-10-02 19:39:12.430] [pid:46944] [main] [app-quit] all windows closed after preparation, exiting app
[2026-10-02 19:39:12.430] [pid:46944] [main] [app-quit] exiting prepared app (all-windows-closed-after-preparation)
