[2026-10-02 19:29:02.735] [pid:13304] [settingService] write done
[2026-10-02 19:29:02.819] [pid:13304] [main] [open-folder] Windows Explorer 右键菜单已安装或更新 {
  executablePath: 'E:\\Xiadie\\Xiadie\\.runtime\\P01\\desktop-source\\node_modules\\electron\\dist\\electron.exe',
  hasDefaultAppEntry: true,
  locale: 'zh-CN'
}
[2026-10-02 19:29:02.822] [pid:13304] [main] [desktop-network] renderer proxy mode=direct bypass=disabled customCa=disabled insecureCerts=rejected
[2026-10-02 19:29:02.822] [pid:13304] [main] [desktop-network] renderer proxy mode=system bypass=disabled customCa=disabled insecureCerts=rejected
[2026-10-02 19:29:02.823] [pid:13304] [main] [auto-update] disabled for this desktop product flavor
[2026-10-02 19:29:02.918] [pid:13304] [main] [resource] sampling started interval=10000ms report=60000ms
[2026-10-02 19:29:02.918] [pid:13304] [main] [network] reporting started interval=60000ms
[2026-10-02 19:29:02.919] [pid:13304] [main] [force-update] Preview 跳过远端强制升级检查
[2026-10-02 19:29:02.919] [pid:13304] [main] [startup] 创建主窗口
[2026-10-02 19:29:02.919] [pid:13304] [main] [primary-window] creating main window (app-ready)
[2026-10-02 19:29:02.923] [pid:13304] [main] [startup-workspace] using explicit open workspace: E:\Xiadie\Xiadie\.runtime\P01\u08-no-key-1790940517353035900\workspace
[2026-10-02 19:29:03.684] [pid:13304] [main] [createWindow] dom-ready fired (local-1)
[2026-10-02 19:29:03.692] [pid:13304] [main] [desktop-context-prompt] first host spawn decision resolved { enabled: false, configVersion: undefined }
[2026-10-02 19:29:03.696] [pid:13304] [main] [spawnHostProcess] forked host process for (local-1), pid=undefined
[2026-10-02 19:29:03.696] [pid:13304] [main] [spawnHostProcess] host module path: E:\Xiadie\Xiadie\.runtime\P01\u08-desktop-07\packages\desktop\out\host\index.js
[2026-10-02 19:29:03.697] [pid:13304] [main] [spawnHostProcess] glm binary path: <not found>
[2026-10-02 19:29:03.697] [pid:13304] [main] [spawnHostProcess] BIGMODEL_OAUTH_APP_SECRET source: fallback
[2026-10-02 19:29:03.698] [pid:13304] [main] [task-realtime] registered host {
  hostId: '380e3a4d-b2d0-4120-b08d-e9860bb02f66',
  windowId: 1,
  workspaceKeyCount: 0,
  deliveryKind: 'desktop_window'
}
[2026-10-02 19:29:05.881] [pid:13304] [main] [host-log] (local-1) [host] [2026-10-02 19:29:05.880] [pid:39148] [zcode-host] initializing local services
[2026-10-02 19:29:05.965] [pid:13304] [main] [host-log] (local-1) [host] [2026-10-02 19:29:05.964] [pid:39148] [cua-pip-session] [cua-pip-session] wiring resolved {"enabled":false,"platform":"win32","serviceAuthorityMode":"desktop-local","lifecycleWired":true}
[2026-10-02 19:29:05.970] [pid:13304] [main] [host-log] (local-1) [host] [2026-10-02 19:29:05.969] [pid:39148] [zcode-agent-service] 开始初始化 ZCode agent {"workspaceKey":"E:\\Xiadie\\Xiadie\\.runtime\\P01\\u08-no-key-1790940517353035900\\workspace","workspacePath":"E:\\Xiadie\\Xiadie\\.runtime\\P01\\u08-no-key-1790940517353035900\\workspace"}
[2026-10-02 19:29:05.970] [pid:13304] [main] [host-log] (local-1) [host] [2026-10-02 19:29:05.970] [pid:39148] [zcode-host] exposing services on ChannelServer...
[2026-10-02 19:29:05.971] [pid:13304] [main] [host-log] (local-1) [host] [2026-10-02 19:29:05.970] [pid:39148] [zcode-host] creating ChannelServer (deferInit=false)
[2026-10-02 19:29:05.971] [pid:13304] [main] [host-log] (local-1) [host] [2026-10-02 19:29:05.971] [pid:39148] [zcode-host] [rpc:register] channel "file"
[2026-10-02 19:29:05.972] [pid:13304] [main] [host-log] (local-1) [host] [2026-10-02 19:29:05.971] [pid:39148] [zcode-host] [rpc:register] channel "media-preview"
[2026-10-02 19:29:05.972] [pid:13304] [main] [host-log] (local-1) [host] [2026-10-02 19:29:05.971] [pid:39148] [zcode-host] [rpc:register] channel "git"
[2026-10-02 19:29:05.972] [pid:13304] [main] [host-log] (local-1) [host] [2026-10-02 19:29:05.971] [pid:39148] [zcode-host] [rpc:register] channel "git-checkpoint"
[2026-10-02 19:29:05.973] [pid:13304] [main] [host-log] (local-1) [host] [2026-10-02 19:29:05.971] [pid:39148] [zcode-host] [rpc:register] channel "system"
[2026-10-02 19:29:05.973] [pid:13304] [main] [host-log] (local-1) [host] [2026-10-02 19:29:05.971] [pid:39148] [zcode-host] [rpc:register] channel "terminal"
[2026-10-02 19:29:05.974] [pid:13304] [main] [host-log] (local-1) [host] [2026-10-02 19:29:05.971] [pid:39148] [zcode-host] [rpc:register] channel "setting"
[2026-10-02 19:29:05.975] [pid:13304] [main] [host-log] (local-1) [host] [2026-10-02 19:29:05.971] [pid:39148] [zcode-host] [rpc:register] channel "onboarding-record"
[2026-10-02 19:29:05.975] [pid:13304] [main] [host-log] (local-1) [host] [2026-10-02 19:29:05.971] [pid:39148] [zcode-host] [rpc:register] channel "credential"
[2026-10-02 19:29:05.976] [pid:13304] [main] [host-log] (local-1) [host] [2026-10-02 19:29:05.971] [pid:39148] [zcode-host] [rpc:register] channel "broadcast"
[2026-10-02 19:29:05.976] [pid:13304] [main] [host-log] (local-1) [host] [2026-10-02 19:29:05.971] [pid:39148] [zcode-host] [rpc:register] channel "zcode-task"
[2026-10-02 19:29:05.977] [pid:13304] [main] [host-log] (local-1) [host] [2026-10-02 19:29:05.971] [pid:39148] [zcode-host] [rpc:register] channel "zcode-agent"
[2026-10-02 19:29:05.977] [pid:13304] [main] [host-log] (local-1) [host] [2026-10-02 19:29:05.971] [pid:39148] [zcode-host] [rpc:register] channel "zcode-session"
[2026-10-02 19:29:05.978] [pid:13304] [main] [host-log] (local-1) [host] [2026-10-02 19:29:05.971] [pid:39148] [zcode-host] [rpc:register] channel "cua-permission"
[2026-10-02 19:29:05.978] [pid:13304] [main] [host-log] (local-1) [host] [2026-10-02 19:29:05.971] [pid:39148] [zcode-host] [rpc:register] channel "cua-pip-session"
[2026-10-02 19:29:05.979] [pid:13304] [main] [host-log] (local-1) [host] [2026-10-02 19:29:05.971] [pid:39148] [zcode-host] [rpc:register] channel "conversation-share"
[2026-10-02 19:29:05.979] [pid:13304] [main] [host-log] (local-1) [host] [2026-10-02 19:29:05.971] [pid:39148] [zcode-host] [rpc:register] channel "bots"
[2026-10-02 19:29:05.980] [pid:13304] [main] [host-log] (local-1) [host] [2026-10-02 19:29:05.971] [pid:39148] [zcode-host] [rpc:register] channel "file-watcher"
[2026-10-02 19:29:05.980] [pid:13304] [main] [host-log] (local-1) [host] [2026-10-02 19:29:05.971] [pid:39148] [zcode-host] [rpc:register] channel "oauth"
[2026-10-02 19:29:05.981] [pid:13304] [main] [host-log] (local-1) [host] [2026-10-02 19:29:05.971] [pid:39148] [zcode-host] [rpc:register] channel "usage-stats"
[2026-10-02 19:29:05.981] [pid:13304] [main] [host-log] (local-1) [host] [2026-10-02 19:29:05.971] [pid:39148] [zcode-host] [rpc:register] channel "coding-plan-subscription"
[2026-10-02 19:29:05.982] [pid:13304] [main] [host-log] (local-1) [host] [2026-10-02 19:29:05.971] [pid:39148] [zcode-host] [rpc:register] channel "client-config"
[2026-10-02 19:29:05.982] [pid:13304] [main] [host-log] (local-1) [host] [2026-10-02 19:29:05.971] [pid:39148] [zcode-host] [rpc:register] channel "client-scenes"
[2026-10-02 19:29:05.983] [pid:13304] [main] [host-log] (local-1) [host] [2026-10-02 19:29:05.971] [pid:39148] [zcode-host] [rpc:register] channel "off-peak-task"
[2026-10-02 19:29:05.983] [pid:13304] [main] [host-log] (local-1) [host] [2026-10-02 19:29:05.971] [pid:39148] [zcode-host] [rpc:register] channel "skills"
[2026-10-02 19:29:05.984] [pid:13304] [main] [host-log] (local-1) [host] [2026-10-02 19:29:05.972] [pid:39148] [zcode-host] [rpc:register] channel "skill-sync"
[2026-10-02 19:29:05.984] [pid:13304] [main] [host-log] (local-1) [host] [2026-10-02 19:29:05.972] [pid:39148] [zcode-host] [rpc:register] channel "mcp-sync"
[2026-10-02 19:29:05.985] [pid:13304] [main] [host-log] (local-1) [host] [2026-10-02 19:29:05.972] [pid:39148] [zcode-host] [rpc:register] channel "plugin-sync"
[2026-10-02 19:29:05.985] [pid:13304] [main] [host-log] (local-1) [host] [2026-10-02 19:29:05.972] [pid:39148] [zcode-host] [rpc:register] channel "plugins"
[2026-10-02 19:29:05.986] [pid:13304] [main] [host-log] (local-1) [host] [2026-10-02 19:29:05.972] [pid:39148] [zcode-host] [rpc:register] channel "plugin-management"
[2026-10-02 19:29:05.986] [pid:13304] [main] [host-log] (local-1) [host] [2026-10-02 19:29:05.972] [pid:39148] [zcode-host] [rpc:register] channel "subagents"
[2026-10-02 19:29:05.987] [pid:13304] [main] [host-log] (local-1) [host] [2026-10-02 19:29:05.972] [pid:39148] [zcode-host] [rpc:register] channel "commands"
[2026-10-02 19:29:05.987] [pid:13304] [main] [host-log] (local-1) [host] [2026-10-02 19:29:05.972] [pid:39148] [zcode-host] [rpc:register] channel "hooks"
[2026-10-02 19:29:05.988] [pid:13304] [main] [host-log] (local-1) [host] [2026-10-02 19:29:05.972] [pid:39148] [zcode-host] [rpc:register] channel "memory"
[2026-10-02 19:29:05.988] [pid:13304] [main] [host-log] (local-1) [host] [2026-10-02 19:29:05.972] [pid:39148] [zcode-host] [rpc:register] channel "settings-sync"
[2026-10-02 19:29:05.989] [pid:13304] [main] [host-log] (local-1) [host] [2026-10-02 19:29:05.972] [pid:39148] [zcode-host] [rpc:register] channel "feedback"
[2026-10-02 19:29:05.989] [pid:13304] [main] [host-log] (local-1) [host] [2026-10-02 19:29:05.972] [pid:39148] [zcode-host] [rpc:register] channel "prompt-attachment-transfer"
[2026-10-02 19:29:05.990] [pid:13304] [main] [host-log] (local-1) [host] [2026-10-02 19:29:05.972] [pid:39148] [zcode-host] [rpc:register] channel "provider-settings"
[2026-10-02 19:29:05.991] [pid:13304] [main] [host-log] (local-1) [host] [2026-10-02 19:29:05.972] [pid:39148] [zcode-host] [rpc:register] channel "model-selection"
[2026-10-02 19:29:05.991] [pid:13304] [main] [host-log] (local-1) [host] [2026-10-02 19:29:05.972] [pid:39148] [zcode-host] [rpc:register] channel "window-controller"
[2026-10-02 19:29:05.992] [pid:13304] [main] [host-log] (local-1) [host] [2026-10-02 19:29:05.972] [pid:39148] [zcode-host] service connection ready mode=desktop-continuous
[2026-10-02 19:29:05.992] [pid:13304] [main] [host-log] (local-1) [host] [2026-10-02 19:29:05.972] [pid:39148] [zcode-host] window Host topology, reason=base-attachment-ready, pid=39148, connections=0, logicalSessions=0, attachments=1
[2026-10-02 19:29:05.993] [pid:13304] [main] [host-log] (local-1) [host] [2026-10-02 19:29:05.972] [pid:39148] [zcode-host] local services ready, all channels registered
[2026-10-02 19:29:05.994] [pid:13304] [main] [database-startup] terminal {
  attemptId: '4507b43b-2b4f-43c9-aa48-223bd01a38b6',
  status: 'ready',
  durationMs: 1903,
  errorCode: undefined,
  disk: [
    {
      scopeId: 'df81e191609143170757a1d69e37b8a237e4ca4bd99588ddaf1f2f5467edaaaf',
      observedAvailableDropPeakBytes: 151552,
      minAvailableBytes: 274497482752,
      quality: 'complete',
      sampledAt: 1790940544856
    }
  ]
}
[2026-10-02 19:29:05.996] [pid:13304] [main] [cron-scheduler] forked scheduler process pid=undefined
[2026-10-02 19:29:06.003] [pid:13304] [main] [host-log] (local-1) [host] [2026-10-02 19:29:06.003] [pid:39148] [zcode-host] [rpc:listen] broadcast.onMessage subscribed
[2026-10-02 19:29:06.009] [pid:13304] [main] [host-log] (local-1) [host] [2026-10-02 19:29:06.008] [pid:39148] [zcode-host] [rpc:listen] zcode-agent.onDynamicCuaPermissionObservation subscribed
[2026-10-02 19:29:06.010] [pid:13304] [main] [host-log] (local-1) [host] [2026-10-02 19:29:06.010] [pid:39148] [zcode-host] [rpc:listen] model-selection.onDidChange subscribed
[2026-10-02 19:29:06.012] [pid:13304] [main] [task-realtime] updated host workspace scopes {
  hostId: '380e3a4d-b2d0-4120-b08d-e9860bb02f66',
  workspaceKeyCount: 0
}
[2026-10-02 19:29:06.048] [pid:13304] [main] [host-log] (local-1) [host] [2026-10-02 19:29:06.010] [pid:39148] [zcode-host] [rpc:listen] broadcast.onMessage subscribed
[2026-10-02 19:29:06.049] [pid:13304] [main] [host-log] (local-1) [host] [2026-10-02 19:29:06.010] [pid:39148] [zcode-host] [rpc:listen] provider-settings.onDidChange subscribed
[2026-10-02 19:29:06.050] [pid:13304] [main] [host-log] (local-1) [host] [2026-10-02 19:29:06.010] [pid:39148] [zcode-host] [rpc:listen] broadcast.onMessage subscribed
[2026-10-02 19:29:06.107] [pid:13304] [main] [host-log] (local-1) [host] [2026-10-02 19:29:06.016] [pid:39148] [zcode-host] [rpc:call] setting.get OK (6.5ms)
[2026-10-02 19:29:06.108] [pid:13304] [main] [host-log] (local-1) [host] [2026-10-02 19:29:06.016] [pid:39148] [zcode-host] [rpc:listen] provider-settings.onDidChange subscribed
[2026-10-02 19:29:06.109] [pid:13304] [main] [host-log] (local-1) [host] [2026-10-02 19:29:06.017] [pid:39148] [zcode-host] [rpc:listen] broadcast.onMessage subscribed
[2026-10-02 19:29:06.110] [pid:13304] [main] [host-log] (local-1) [host] [2026-10-02 19:29:06.017] [pid:39148] [zcode-host] [rpc:listen] broadcast.onMessage subscribed
[2026-10-02 19:29:06.111] [pid:13304] [main] [host-log] (local-1) [host] [2026-10-02 19:29:06.018] [pid:39148] [zcode-host] [rpc:call] setting.get OK (7.5ms)
[2026-10-02 19:29:06.112] [pid:13304] [main] [host-log] (local-1) [host] [2026-10-02 19:29:06.018] [pid:39148] [oauthService] restoreCachedSession skipped: no active provider
[2026-10-02 19:29:06.113] [pid:13304] [main] [host-log] (local-1) [host] [2026-10-02 19:29:06.018] [pid:39148] [zcode-host] [rpc:call] oauth.restoreCachedSessionState OK (1.4ms)
[2026-10-02 19:29:06.114] [pid:13304] [main] [host-log] (local-1) [host] [2026-10-02 19:29:06.021] [pid:39148] [zcode-host] [rpc:call] zcode-agent.syncAppRuntimePreferences OK (0.1ms)
[2026-10-02 19:29:06.115] [pid:13304] [main] [host-log] (local-1) [host] [2026-10-02 19:29:06.021] [pid:39148] [zcode-host] [rpc:call] bots.syncAppRuntimePreferences OK (0.1ms)
[2026-10-02 19:29:06.116] [pid:13304] [main] [host-log] (local-1) [host] [2026-10-02 19:29:06.022] [pid:39148] [zcode-host] [rpc:call] oauth.getActiveProvider OK (1.1ms)
[2026-10-02 19:29:06.118] [pid:13304] [main] [host-log] (local-1) [host] [2026-10-02 19:29:06.023] [pid:39148] [zcode-host] [rpc:call] coding-plan-subscription.getDynamicWorkflowClientConfig OK (14.2ms)
[2026-10-02 19:29:06.118] [pid:13304] [main] [host-log] (local-1) [host] [2026-10-02 19:29:06.023] [pid:39148] [zcode-host] [rpc:call] setting.get OK (5.9ms)
[2026-10-02 19:29:06.119] [pid:13304] [main] [host-log] (local-1) [host] [2026-10-02 19:29:06.025] [pid:39148] [zcode-host] [rpc:listen] zcode-agent.onDynamicCuaPermissionObservation subscribed
[2026-10-02 19:29:06.120] [pid:13304] [main] [host-log] (local-1) [host] [2026-10-02 19:29:06.025] [pid:39148] [zcode-host] [rpc:listen] broadcast.onMessage subscribed
[2026-10-02 19:29:06.121] [pid:13304] [main] [host-log] (local-1) [host] [2026-10-02 19:29:06.026] [pid:39148] [oauthService] restoreCachedSession skipped: no active provider
[2026-10-02 19:29:06.122] [pid:13304] [main] [host-log] (local-1) [host] [2026-10-02 19:29:06.026] [pid:39148] [zcode-host] [rpc:call] oauth.restoreCachedSessionState OK (0.4ms)
[2026-10-02 19:29:06.123] [pid:13304] [main] [open-folder] Windows Explorer 右键菜单已安装或更新 {
  executablePath: 'E:\\Xiadie\\Xiadie\\.runtime\\P01\\desktop-source\\node_modules\\electron\\dist\\electron.exe',
  hasDefaultAppEntry: true,
  locale: 'zh-CN'
}
[2026-10-02 19:29:06.136] [pid:13304] [main] [cron-scheduler] scheduler process exited code=1
[2026-10-02 19:29:06.140] [pid:13304] [main] [open-folder] Windows Explorer 右键菜单已安装或更新 {
  executablePath: 'E:\\Xiadie\\Xiadie\\.runtime\\P01\\desktop-source\\node_modules\\electron\\dist\\electron.exe',
  hasDefaultAppEntry: true,
  locale: 'en-US'
}
[2026-10-02 19:29:06.144] [pid:13304] [main] [crash-capture] child-process-gone: {
  type: 'Utility',
  reason: 'killed',
  exitCode: 1,
  serviceName: 'node.mojom.NodeService',
  name: 'zcode-cron-scheduler'
}
[2026-10-02 19:29:06.146] [pid:13304] [main] [stability] perf_process_exit reported {
  exit_code: 1,
  exit_reason: 'killed',
  process_role: 'utility',
  exit_kind: 'normal',
  process_type: 'Utility',
  process_name: 'node.mojom.NodeService'
}
[2026-10-02 19:29:06.181] [pid:13304] [main] [host-log] (local-1) [host] [2026-10-02 19:29:06.179] [pid:39148] [provider-runtime][trace:Provider Registry 已就绪] {"configRevision":"[\"zcode-builtin:30:05a22f3fcb1c5561a8aae9124de30f9c9adf5ffc4cdd0adcbf91abd1354d3bb2\",\"2915b997aefbd6c7fe8ccfc87153713dc11851987034eec5a515e9660ac81b0e\"]","providerCount":0}
[2026-10-02 19:29:06.182] [pid:13304] [main] [host-log] (local-1) [host] [2026-10-02 19:29:06.180] [pid:39148] [zcode-host] [rpc:call] provider-settings.getView OK (169.4ms)
[2026-10-02 19:29:06.183] [pid:13304] [main] [host-log] (local-1) [host] [2026-10-02 19:29:06.180] [pid:39148] [zcode-host] [rpc:call] provider-settings.getView OK (163.0ms)
[2026-10-02 19:29:06.184] [pid:13304] [main] [host-log] (local-1) [host] [2026-10-02 19:29:06.181] [pid:39148] [zcode-host] [rpc:call] model-selection.getView OK (170.9ms)
[2026-10-02 19:29:06.185] [pid:13304] [main] [host-log] (local-1) [host] [2026-10-02 19:29:06.181] [pid:39148] [zcode-agent-service] provider/model 尚未就绪，ZCode agent 保持未启动 {"providerCount":0,"revision":"model-selection:1","workspaceKey":"E:\\Xiadie\\Xiadie\\.runtime\\P01\\u08-no-key-1790940517353035900\\workspace","workspacePath":"E:\\Xiadie\\Xiadie\\.runtime\\P01\\u08-no-key-1790940517353035900\\workspace"}
[2026-10-02 19:29:06.185] [pid:13304] [main] [host-log] (local-1) [host] [2026-10-02 19:29:06.182] [pid:39148] [zcode-agent] ZCode agent command resolved {"workspaceKey":"E:\\Xiadie\\Xiadie\\.runtime\\P01\\u08-no-key-1790940517353035900\\workspace","command":"E:\\Xiadie\\Xiadie\\.runtime\\P01\\desktop-source\\node_modules\\electron\\dist\\electron.exe","effectiveCommand":"E:\\Xiadie\\Xiadie\\.runtime\\P01\\desktop-source\\node_modules\\electron\\dist\\electron.exe","resolveCommandDurationMs":0}
[2026-10-02 19:29:06.186] [pid:13304] [main] [host-log] (local-1) [host] [2026-10-02 19:29:06.183] [pid:39148] [zcode-host] [rpc:call] model-selection.getView OK (159.1ms)
[2026-10-02 19:29:06.187] [pid:13304] [main] [host-log] (local-1) [host] [2026-10-02 19:29:06.183] [pid:39148] [zcode-host] [rpc:call] credential.load OK (1.0ms)
[2026-10-02 19:29:06.188] [pid:13304] [main] [host-log] (local-1) [host] [2026-10-02 19:29:06.183] [pid:39148] [zcode-host] [rpc:call] credential.load OK (1.1ms)
[2026-10-02 19:29:06.191] [pid:13304] [main] [host-log] (local-1) [host] [2026-10-02 19:29:06.191] [pid:39148] [zcode-host] [rpc:call] setting.get OK (3.7ms)
[2026-10-02 19:29:06.195] [pid:13304] [main] [host-log] (local-1) [host] [2026-10-02 19:29:06.194] [pid:39148] [zcode-host] [rpc:call] oauth.getProviders OK (0.1ms)
[2026-10-02 19:29:06.196] [pid:13304] [main] [host-log] (local-1) [host] [2026-10-02 19:29:06.195] [pid:39148] [zcode-host] [rpc:call] oauth.getProviders OK (0.0ms)
[2026-10-02 19:29:06.205] [pid:13304] [main] [host-log] (local-1) [host] [2026-10-02 19:29:06.204] [pid:39148] [zcode-agent] ZCode agent spawn preflight {"workspaceKey":"E:\\Xiadie\\Xiadie\\.runtime\\P01\\u08-no-key-1790940517353035900\\workspace","spawnPreflight":{"command":"E:\\Xiadie\\Xiadie\\.runtime\\P01\\desktop-source\\node_modules\\electron\\dist\\electron.exe","args":["E:\\Xiadie\\Xiadie\\.runtime\\P01\\u08-desktop-07\\apps\\zcode-cli\\packages\\cli\\dist\\zcode.cjs","app-server","--stdio"],"requestedCwd":"E:\\Xiadie\\Xiadie\\.runtime\\P01\\u08-no-key-1790940517353035900\\workspace","cwd":"E:\\Xiadie\\Xiadie\\.runtime\\P01\\u08-no-key-1790940517353035900\\workspace","cwdSource":"command","commandPathKind":"absolute","commandExists":true,"cwdExists":true}}
[2026-10-02 19:29:06.220] [pid:13304] [main] [stability] perf_agent_start reported {
  pid: 52272,
  runtimeGeneration: 1,
  runtimeInstanceId: 'agent-9e8f3e83-54b7-4032-b545-441e9de83f82'
}
[2026-10-02 19:29:06.221] [pid:13304] [main] [host-log] (local-1) [host] [2026-10-02 19:29:06.219] [pid:39148] [zcode-agent] ZCode agent process started {"workspaceKey":"E:\\Xiadie\\Xiadie\\.runtime\\P01\\u08-no-key-1790940517353035900\\workspace","command":"E:\\Xiadie\\Xiadie\\.runtime\\P01\\desktop-source\\node_modules\\electron\\dist\\electron.exe","cwd":"E:\\Xiadie\\Xiadie\\.runtime\\P01\\u08-no-key-1790940517353035900\\workspace","pid":52272,"durationMs":37}
[2026-10-02 19:29:06.222] [pid:13304] [main] [host-log] (local-1) [host] [2026-10-02 19:29:06.220] [pid:39148] [zcode-host] [rpc:call] oauth.getActiveProvider OK (16.0ms)
[2026-10-02 19:29:06.223] [pid:13304] [main] [host-log] (local-1) [host] [2026-10-02 19:29:06.220] [pid:39148] [zcode-host] [rpc:call] oauth.getActiveProvider OK (16.0ms)
[2026-10-02 19:29:06.897] [pid:13304] [main] [stability] perf_app_start reported
[2026-10-02 19:29:07.026] [pid:13304] [main] [host-log] (local-1) [host] [2026-10-02 19:29:07.025] [pid:39148] [zcode-agent-service] 为只读会话控制面启动 ZCode agent {"workspaceKey":"E:\\Xiadie\\Xiadie\\.runtime\\P01\\u08-no-key-1790940517353035900\\workspace","workspacePath":"E:\\Xiadie\\Xiadie\\.runtime\\P01\\u08-no-key-1790940517353035900\\workspace"}
[2026-10-02 19:29:07.027] [pid:13304] [main] [host-log] (local-1) [host] [2026-10-02 19:29:07.026] [pid:39148] [zcode-agent-service] ZCode agent 初始化完成 {"durationMs":1057,"transportKind":"stdio","workspaceKey":"E:\\Xiadie\\Xiadie\\.runtime\\P01\\u08-no-key-1790940517353035900\\workspace","workspacePath":"E:\\Xiadie\\Xiadie\\.runtime\\P01\\u08-no-key-1790940517353035900\\workspace"}
[2026-10-02 19:29:07.028] [pid:13304] [main] [host-log] (local-1) [host] [2026-10-02 19:29:07.026] [pid:39148] [zcode-host] ZCode agent warmup ready (local host init (1/1)) workspace=E:\Xiadie\Xiadie\.runtime\P01\u08-no-key-1790940517353035900\workspace transport=stdio
[2026-10-02 19:29:09.559] [pid:13304] [main] [host-log] (local-1) [host] [2026-10-02 19:29:09.559] [pid:39148] [settingService] writing settings to: E:\Xiadie\Xiadie\.runtime\P01\u08-no-key-1790940517353035900\home\.zcode\v2\setting.json {"recentProjects":[],"locale":"zh-CN","localePreference":"en-US","terminalInheritSystemProfile":true,"embeddedBrowserAllowInsecureCertificates":false,"embeddedBrowserViewportPreference":{"mode":"normal","viewport":{"width":393,"height":852},"zoom":"fit"},"computerUseComposerEntryHidden":true,"taskAutoArchiveEnabled":false,"taskAutoArchiveOlderThanDays":7,"closeToTrayOnWindows":true,"closeToTrayOnWindowsMigrationInitialized":true,"keepAwakeWhileRunning":false,"desktopChromiumHardwareAccelerationEnabled":false,"messageStreamShowReasoning":true,"messageStreamShowReasoningMigrationInitialized":true,"messageStreamShowTodos":false,"toolGroupingExploreEnabled":true,"toolGroupingTerminalEnabled":true,"toolGroupingChangesEnabled":false,"zcodeInteractionBehavior":"queue","askUserQuestionAutoResolutionEnabled":true,"modelIoFullRetentionEnabled":false,"startPlanRecommendationDismissed":false,"providerFamilyConnectionSelections":{},"providerFamilyDomain":"zai","providerFamilyDomainUpdatedAt":1790940549557,"providerFamilyDomainMigrated":true,"nativeSearchEnhancementsEnabled":true,"memoryEnabled":false,"lastWorkspaceSession":[],"lastActiveTabIndex":0,"receivePreviewUpdates":false,"autoDownloadAndInstallUpdates":false,"skippedElectronUpdateVersions":{}}
[2026-10-02 19:29:09.565] [pid:13304] [main] [host-log] (local-1) [host] [2026-10-02 19:29:09.564] [pid:39148] [settingService] write done
[2026-10-02 19:29:09.566] [pid:13304] [main] [host-log] (local-1) [host] [2026-10-02 19:29:09.565] [pid:39148] [zcode-host] [rpc:call] setting.update OK (8.0ms)
[2026-10-02 19:29:09.615] [pid:13304] [main] [host-log] (local-1) [host] [2026-10-02 19:29:09.614] [pid:39148] [zcode-host] [rpc:call] setting.get OK (0.8ms)
[2026-10-02 19:29:09.617] [pid:13304] [main] [host-log] (local-1) [host] [2026-10-02 19:29:09.617] [pid:39148] [zcode-host] [rpc:call] file.ensureConversationWorkspace OK (1.0ms)
[2026-10-02 19:29:09.619] [pid:13304] [main] [task-realtime] updated host workspace scopes {
  hostId: '380e3a4d-b2d0-4120-b08d-e9860bb02f66',
  workspaceKeyCount: 1
}
[2026-10-02 19:29:09.622] [pid:13304] [main] [host-log] (local-1) [host] [2026-10-02 19:29:09.622] [pid:39148] [zcode-host] [rpc:call] setting.get OK (0.7ms)
[2026-10-02 19:29:09.622] [pid:13304] [main] [host-log] (local-1) [host] [2026-10-02 19:29:09.622] [pid:39148] [zcode-host] [rpc:call] file.ensureConversationWorkspace OK (0.4ms)
[2026-10-02 19:29:09.624] [pid:13304] [main] [task-realtime] updated host workspace scopes {
  hostId: '380e3a4d-b2d0-4120-b08d-e9860bb02f66',
  workspaceKeyCount: 1
}
[2026-10-02 19:29:09.627] [pid:13304] [main] [task-realtime] updated host workspace scopes {
  hostId: '380e3a4d-b2d0-4120-b08d-e9860bb02f66',
  workspaceKeyCount: 2
}
[2026-10-02 19:29:09.628] [pid:13304] [main] [host-log] (local-1) [host] [2026-10-02 19:29:09.626] [pid:39148] [zcode-host] [rpc:call] onboarding-record.claimAnonymousRecord OK (0.3ms)
[2026-10-02 19:29:09.632] [pid:13304] [main] [host-log] (local-1) [host] [2026-10-02 19:29:09.626] [pid:39148] [zcode-host] [rpc:call] setting.get OK (0.9ms)
[2026-10-02 19:29:09.633] [pid:13304] [main] [host-log] (local-1) [host] [2026-10-02 19:29:09.626] [pid:39148] [zcode-host] [rpc:call] onboarding-record.getLatestEntry OK (0.9ms)
[2026-10-02 19:29:09.634] [pid:13304] [main] [host-log] (local-1) [host] [2026-10-02 19:29:09.632] [pid:39148] [zcode-host] [rpc:call] onboarding-record.shouldOnboard OK (5.4ms)
[2026-10-02 19:29:09.668] [pid:13304] [renderer] v4 conversation frame upstream attached {
  workspaceKey: 'E:\\Xiadie\\Xiadie\\.runtime\\P01\\u08-no-key-1790940517353035900\\workspace',
  workspacePath: 'E:\\Xiadie\\Xiadie\\.runtime\\P01\\u08-no-key-1790940517353035900\\workspace',
  event: 'v4.conversation.frames.upstream_attached',
  listenerCount: 1,
  module: 'ui.v4.conversation_transport',
  runtimeGeneration: 0,
  status: 'completed'
}
[2026-10-02 19:29:09.669] [pid:13304] [renderer] v4 workspace connection created {
  event: 'v4.workspace_connection.created',
  isRemote: false,
  key: '__base__ E:\\Xiadie\\Xiadie\\.runtime\\P01\\u08-no-key-1790940517353035900\\workspace',
  module: 'ui.v4.workspace_connection_registry',
  refCount: 1,
  serviceGeneration: 1,
  status: 'completed'
}
[2026-10-02 19:29:09.670] [pid:13304] [main] [host-log] (local-1) [host] [2026-10-02 19:29:09.668] [pid:39148] [zcode-host] [rpc:listen] zcode-agent.onDynamicLocalTtftFacts subscribed
[2026-10-02 19:29:09.671] [pid:13304] [main] [host-log] (local-1) [host] [2026-10-02 19:29:09.668] [pid:39148] [zcode-host] [rpc:listen] zcode-agent.onDynamicConversationFrame subscribed
[2026-10-02 19:29:09.731] [pid:13304] [main] [host-log] (local-1) [host] [2026-10-02 19:29:09.730] [pid:39148] [zcode-host] [rpc:listen] window-controller.onDynamicControllerFrame subscribed
[2026-10-02 19:29:09.732] [pid:13304] [main] [host-log] (local-1) [host] [2026-10-02 19:29:09.730] [pid:39148] [zcode-host] [rpc:call] window-controller.subscribeControllerV4 OK (0.3ms)
[2026-10-02 19:29:09.732] [pid:13304] [main] [host-log] (local-1) [host] [2026-10-02 19:29:09.731] [pid:39148] [zcode-host] [rpc:call] window-controller.subscribeControllerV4 OK (0.1ms)
[2026-10-02 19:29:09.733] [pid:13304] [main] [host-log] (local-1) [host] [2026-10-02 19:29:09.733] [pid:39148] [zcode-host] [rpc:call] window-controller.listTaskList OK (0.1ms)
[2026-10-02 19:29:09.734] [pid:13304] [main] [host-log] (local-1) [host] [2026-10-02 19:29:09.733] [pid:39148] [zcode-host] [rpc:listen] zcode-agent.onDynamicSessionsIndexFrame subscribed
[2026-10-02 19:29:09.734] [pid:13304] [main] [host-log] (local-1) [host] [2026-10-02 19:29:09.734] [pid:39148] [zcode-host] [rpc:listen] zcode-agent.onAgentRuntimeLifecycle subscribed
[2026-10-02 19:29:09.735] [pid:13304] [main] [host-log] (local-1) [host] [2026-10-02 19:29:09.734] [pid:39148] [zcode-host] [rpc:call] zcode-agent.helloConversationV4 OK (0.1ms)
[2026-10-02 19:29:09.735] [pid:13304] [main] [host-log] (local-1) [host] [2026-10-02 19:29:09.734] [pid:39148] [zcode-host] [rpc:call] zcode-task.listPinnedTaskIds OK (0.2ms)
[2026-10-02 19:29:09.736] [pid:13304] [main] [host-log] (local-1) [host] [2026-10-02 19:29:09.735] [pid:39148] [zcode-host] [rpc:call] zcode-task.listArchivedTasks OK (0.1ms)
[2026-10-02 19:29:09.736] [pid:13304] [main] [host-log] (local-1) [host] [2026-10-02 19:29:09.735] [pid:39148] [zcode-host] [rpc:call] zcode-task.listTasks OK (0.3ms)
[2026-10-02 19:29:09.737] [pid:13304] [main] [host-log] (local-1) [host] [2026-10-02 19:29:09.735] [pid:39148] [zcode-host] [rpc:call] zcode-task.listPinnedTasks OK (0.1ms)
[2026-10-02 19:29:09.737] [pid:13304] [main] [host-log] (local-1) [host] [2026-10-02 19:29:09.735] [pid:39148] [zcode-host] [rpc:call] zcode-task.listDeletedTaskIds OK (0.1ms)
[2026-10-02 19:29:09.738] [pid:13304] [main] [host-log] (local-1) [host] [2026-10-02 19:29:09.735] [pid:39148] [zcode-host] [rpc:listen] zcode-task.onDynamicWorkspaceEvent subscribed
[2026-10-02 19:29:09.738] [pid:13304] [main] [host-log] (local-1) [host] [2026-10-02 19:29:09.738] [pid:39148] [zcode-host] [rpc:call] window-controller.listTaskList OK (6.6ms)
[2026-10-02 19:29:09.739] [pid:13304] [main] [host-log] (local-1) [host] [2026-10-02 19:29:09.738] [pid:39148] [zcode-host] [rpc:listen] zcode-agent.onAgentRuntimeLifecycle subscribed
[2026-10-02 19:29:09.739] [pid:13304] [main] [host-log] (local-1) [host] [2026-10-02 19:29:09.738] [pid:39148] [zcode-host] [rpc:call] setting.get OK (7.3ms)
[2026-10-02 19:29:09.740] [pid:13304] [main] [host-log] (local-1) [host] [2026-10-02 19:29:09.739] [pid:39148] [zcode-host] [rpc:call] system.info OK (0.0ms)
[2026-10-02 19:29:09.740] [pid:13304] [main] [host-log] (local-1) [host] [2026-10-02 19:29:09.739] [pid:39148] [zcode-host] [rpc:listen] model-selection.onDidChange subscribed
[2026-10-02 19:29:09.741] [pid:13304] [main] [host-log] (local-1) [host] [2026-10-02 19:29:09.739] [pid:39148] [zcode-host] [rpc:listen] model-selection.onDidChange subscribed
[2026-10-02 19:29:09.741] [pid:13304] [main] [host-log] (local-1) [host] [2026-10-02 19:29:09.740] [pid:39148] [zcode-host] [rpc:call] model-selection.getView OK (0.4ms)
[2026-10-02 19:29:09.741] [pid:13304] [main] [host-log] (local-1) [host] [2026-10-02 19:29:09.740] [pid:39148] [zcode-host] [rpc:listen] zcode-agent.onDynamicConversationTelemetryFact subscribed
[2026-10-02 19:29:09.742] [pid:13304] [main] [host-log] (local-1) [host] [2026-10-02 19:29:09.740] [pid:39148] [zcode-host] [rpc:call] model-selection.getView OK (0.9ms)
[2026-10-02 19:29:09.743] [pid:13304] [main] [host-log] (local-1) [host] [2026-10-02 19:29:09.742] [pid:39148] [zcode-host] [rpc:call] off-peak-task.list OK (0.3ms)
[2026-10-02 19:29:09.750] [pid:13304] [main] [host-log] (local-1) [host] [2026-10-02 19:29:09.749] [pid:39148] [zcode-host] [rpc:call] subagents.list OK (13.4ms)
[2026-10-02 19:29:09.751] [pid:13304] [main] [host-log] (local-1) [host] [2026-10-02 19:29:09.750] [pid:39148] [zcode-host] [rpc:call] settings-sync.getFirstRunPromptState OK (2.1ms)
[2026-10-02 19:29:09.779] [pid:13304] [main] [host-log] (local-1) [host] [2026-10-02 19:29:09.779] [pid:39148] [zcode-host] [rpc:call] window-controller.listTaskList OK (0.1ms)
[2026-10-02 19:29:09.780] [pid:13304] [main] [host-log] (local-1) [host] [2026-10-02 19:29:09.779] [pid:39148] [zcode-host] [rpc:call] window-controller.listTaskList OK (0.0ms)
[2026-10-02 19:29:09.782] [pid:13304] [main] [host-log] (local-1) [host] [2026-10-02 19:29:09.782] [pid:39148] [zcode-host] [rpc:call] zcode-agent.initializeConversationV4 OK (0.7ms)
[2026-10-02 19:29:09.786] [pid:13304] [main] [host-log] (local-1) [host] [2026-10-02 19:29:09.785] [pid:39148] [zcode-host] [rpc:call] window-controller.listTaskList OK (0.1ms)
[2026-10-02 19:29:09.810] [pid:13304] [main] [host-log] (local-1) [host] [2026-10-02 19:29:09.810] [pid:39148] [zcode-host] [rpc:call] settings-sync.detect OK (0.1ms)
[2026-10-02 19:29:09.812] [pid:13304] [main] [host-log] (local-1) [host] [2026-10-02 19:29:09.812] [pid:39148] [zcode-host] [rpc:call] zcode-agent.subscribeSessionsIndexV4 OK (1.3ms)
[2026-10-02 19:29:09.813] [pid:13304] [main] [host-log] (local-1) [host] [2026-10-02 19:29:09.812] [pid:39148] [settingService] writing settings to: E:\Xiadie\Xiadie\.runtime\P01\u08-no-key-1790940517353035900\home\.zcode\v2\setting.json {"recentProjects":[],"locale":"zh-CN","localePreference":"en-US","terminalInheritSystemProfile":true,"embeddedBrowserAllowInsecureCertificates":false,"embeddedBrowserViewportPreference":{"mode":"normal","viewport":{"width":393,"height":852},"zoom":"fit"},"computerUseComposerEntryHidden":true,"taskAutoArchiveEnabled":false,"taskAutoArchiveOlderThanDays":7,"closeToTrayOnWindows":true,"closeToTrayOnWindowsMigrationInitialized":true,"keepAwakeWhileRunning":false,"desktopChromiumHardwareAccelerationEnabled":false,"messageStreamShowReasoning":true,"messageStreamShowReasoningMigrationInitialized":true,"messageStreamShowTodos":false,"toolGroupingExploreEnabled":true,"toolGroupingTerminalEnabled":true,"toolGroupingChangesEnabled":false,"zcodeInteractionBehavior":"queue","askUserQuestionAutoResolutionEnabled":true,"modelIoFullRetentionEnabled":false,"startPlanRecommendationDismissed":false,"providerFamilyConnectionSelections":{},"providerFamilyDomain":"zai","providerFamilyDomainUpdatedAt":1790940549557,"providerFamilyDomainMigrated":true,"nativeSearchEnhancementsEnabled":true,"memoryEnabled":false,"lastWorkspaceSession":[],"lastActiveTabIndex":0,"receivePreviewUpdates":false,"autoDownloadAndInstallUpdates":false,"skippedElectronUpdateVersions":{},"settingsSyncFirstRunPromptHandled":true}
[2026-10-02 19:29:09.818] [pid:13304] [main] [host-log] (local-1) [host] [2026-10-02 19:29:09.817] [pid:39148] [settingService] write done
[2026-10-02 19:29:09.819] [pid:13304] [main] [host-log] (local-1) [host] [2026-10-02 19:29:09.818] [pid:39148] [zcode-host] [rpc:call] settings-sync.markFirstRunPromptHandled OK (6.7ms)
[2026-10-02 19:29:09.887] [pid:13304] [main] [task-realtime] updated host workspace scopes {
  hostId: '380e3a4d-b2d0-4120-b08d-e9860bb02f66',
  workspaceKeyCount: 2
}
[2026-10-02 19:29:09.888] [pid:13304] [main] [host-log] (local-1) [host] [2026-10-02 19:29:09.887] [pid:39148] [zcode-host] [rpc:call] setting.get OK (1.1ms)
[2026-10-02 19:29:09.888] [pid:13304] [main] [host-log] (local-1) [host] [2026-10-02 19:29:09.887] [pid:39148] [zcode-host] [rpc:call] system.info OK (0.0ms)
[2026-10-02 19:29:09.889] [pid:13304] [main] [host-log] (local-1) [host] [2026-10-02 19:29:09.887] [pid:39148] [zcode-host] [rpc:call] setting.get OK (0.6ms)
[2026-10-02 19:29:09.898] [pid:13304] [main] [host-log] (local-1) [host] [2026-10-02 19:29:09.898] [pid:39148] [zcode-host] [rpc:call] git.refresh OK (155.3ms)
[2026-10-02 19:29:09.974] [pid:13304] [main] [host-log] (local-1) [host] [2026-10-02 19:29:09.974] [pid:39148] [zcode-host] [rpc:call] system.listIntegratedTerminalShells OK (1.4ms)
[2026-10-02 19:29:10.145] [pid:13304] [main] [host-log] (local-1) [host] [2026-10-02 19:29:10.144] [pid:39148] [settingService] writing settings to: E:\Xiadie\Xiadie\.runtime\P01\u08-no-key-1790940517353035900\home\.zcode\v2\setting.json {"recentProjects":[],"locale":"zh-CN","localePreference":"en-US","terminalInheritSystemProfile":true,"embeddedBrowserAllowInsecureCertificates":false,"embeddedBrowserViewportPreference":{"mode":"normal","viewport":{"width":393,"height":852},"zoom":"fit"},"computerUseComposerEntryHidden":true,"taskAutoArchiveEnabled":false,"taskAutoArchiveOlderThanDays":7,"closeToTrayOnWindows":true,"closeToTrayOnWindowsMigrationInitialized":true,"keepAwakeWhileRunning":false,"desktopChromiumHardwareAccelerationEnabled":false,"messageStreamShowReasoning":true,"messageStreamShowReasoningMigrationInitialized":true,"messageStreamShowTodos":false,"toolGroupingExploreEnabled":true,"toolGroupingTerminalEnabled":true,"toolGroupingChangesEnabled":false,"zcodeInteractionBehavior":"queue","askUserQuestionAutoResolutionEnabled":true,"modelIoFullRetentionEnabled":false,"startPlanRecommendationDismissed":false,"providerFamilyConnectionSelections":{},"providerFamilyDomain":"zai","providerFamilyDomainUpdatedAt":1790940549557,"providerFamilyDomainMigrated":true,"nativeSearchEnhancementsEnabled":true,"memoryEnabled":false,"lastWorkspaceSession":[{"kind":"local","workspacePath":"E:\\Xiadie\\Xiadie\\.runtime\\P01\\u08-no-key-1790940517353035900\\workspace","workspacePurpose":"project"},{"kind":"local","workspacePath":"E:\\Xiadie\\Xiadie\\.runtime\\P01\\u08-no-key-1790940517353035900\\data\\.zcode\\workspace\\default","workspacePurpose":"conversation"}],"lastActiveTabIndex":0,"receivePreviewUpdates":false,"autoDownloadAndInstallUpdates":false,"skippedElectronUpdateVersions":{},"settingsSyncFirstRunPromptHandled":true}
[2026-10-02 19:29:10.150] [pid:13304] [main] [host-log] (local-1) [host] [2026-10-02 19:29:10.150] [pid:39148] [settingService] write done
[2026-10-02 19:29:10.151] [pid:13304] [main] [host-log] (local-1) [host] [2026-10-02 19:29:10.150] [pid:39148] [zcode-host] [rpc:call] setting.update OK (7.2ms)
[2026-10-02 19:29:11.611] [pid:13304] [main] [host-log] (local-1) [host] [2026-10-02 19:29:11.610] [pid:39148] [zcode-host] [rpc:call] system.info OK (0.0ms)
[2026-10-02 19:29:11.612] [pid:13304] [main] [host-log] (local-1) [host] [2026-10-02 19:29:11.612] [pid:39148] [zcode-host] [rpc:call] file-watcher.watch OK (1.0ms)
[2026-10-02 19:29:11.612] [pid:13304] [main] [host-log] (local-1) [host] [2026-10-02 19:29:11.612] [pid:39148] [zcode-host] [rpc:call] file-watcher.watch OK (0.4ms)
[2026-10-02 19:29:11.666] [pid:13304] [main] [host-log] (local-1) [host] [2026-10-02 19:29:11.666] [pid:39148] [zcode-host] [rpc:listen] file-watcher.onDynamicChange subscribed
[2026-10-02 19:29:11.667] [pid:13304] [main] [host-log] (local-1) [host] [2026-10-02 19:29:11.666] [pid:39148] [zcode-host] [rpc:listen] file-watcher.onDynamicChange subscribed
[2026-10-02 19:29:11.667] [pid:13304] [main] [host-log] (local-1) [host] [2026-10-02 19:29:11.666] [pid:39148] [zcode-host] [rpc:call] file-watcher.unwatch OK (0.1ms)
[2026-10-02 19:29:11.668] [pid:13304] [main] [host-log] (local-1) [host] [2026-10-02 19:29:11.666] [pid:39148] [zcode-host] [rpc:call] file-watcher.unwatch OK (0.0ms)
[2026-10-02 19:29:11.668] [pid:13304] [main] [host-log] (local-1) [host] [2026-10-02 19:29:11.667] [pid:39148] [zcode-host] [rpc:call] file-watcher.watch OK (0.5ms)
[2026-10-02 19:29:11.669] [pid:13304] [main] [host-log] (local-1) [host] [2026-10-02 19:29:11.667] [pid:39148] [zcode-host] [rpc:call] file-watcher.watch OK (0.2ms)
[2026-10-02 19:29:11.669] [pid:13304] [main] [host-log] (local-1) [host] [2026-10-02 19:29:11.668] [pid:39148] [zcode-host] [rpc:call] file-watcher.watch OK (0.2ms)
[2026-10-02 19:29:11.669] [pid:13304] [main] [host-log] (local-1) [host] [2026-10-02 19:29:11.668] [pid:39148] [zcode-host] [rpc:listen] file-watcher.onDynamicChange subscribed
[2026-10-02 19:29:11.670] [pid:13304] [main] [host-log] (local-1) [host] [2026-10-02 19:29:11.668] [pid:39148] [zcode-host] [rpc:listen] file-watcher.onDynamicChange subscribed
[2026-10-02 19:29:11.670] [pid:13304] [main] [host-log] (local-1) [host] [2026-10-02 19:29:11.668] [pid:39148] [zcode-host] [rpc:listen] file-watcher.onDynamicChange subscribed
[2026-10-02 19:29:11.897] [pid:13304] [main] [host-log] (local-1) [host] [2026-10-02 19:29:11.897] [pid:39148] [settingService] writing settings to: E:\Xiadie\Xiadie\.runtime\P01\u08-no-key-1790940517353035900\home\.zcode\v2\setting.json {"recentProjects":[],"locale":"zh-CN","localePreference":"en-US","terminalInheritSystemProfile":true,"embeddedBrowserAllowInsecureCertificates":false,"embeddedBrowserViewportPreference":{"mode":"normal","viewport":{"width":393,"height":852},"zoom":"fit"},"computerUseComposerEntryHidden":true,"taskAutoArchiveEnabled":false,"taskAutoArchiveOlderThanDays":7,"closeToTrayOnWindows":true,"closeToTrayOnWindowsMigrationInitialized":true,"keepAwakeWhileRunning":false,"desktopChromiumHardwareAccelerationEnabled":false,"messageStreamShowReasoning":true,"messageStreamShowReasoningMigrationInitialized":true,"messageStreamShowTodos":false,"toolGroupingExploreEnabled":true,"toolGroupingTerminalEnabled":true,"toolGroupingChangesEnabled":false,"zcodeInteractionBehavior":"queue","askUserQuestionAutoResolutionEnabled":true,"modelIoFullRetentionEnabled":false,"startPlanRecommendationDismissed":false,"providerFamilyConnectionSelections":{},"providerFamilyDomain":"zai","providerFamilyDomainUpdatedAt":1790940549557,"providerFamilyDomainMigrated":true,"nativeSearchEnhancementsEnabled":true,"memoryEnabled":false,"lastWorkspaceSession":[{"kind":"local","workspacePath":"E:\\Xiadie\\Xiadie\\.runtime\\P01\\u08-no-key-1790940517353035900\\workspace","workspacePurpose":"project"},{"kind":"local","workspacePath":"E:\\Xiadie\\Xiadie\\.runtime\\P01\\u08-no-key-1790940517353035900\\data\\.zcode\\workspace\\default","workspacePurpose":"conversation"}],"lastActiveTabIndex":0,"receivePreviewUpdates":false,"autoDownloadAndInstallUpdates":false,"skippedElectronUpdateVersions":{},"settingsSyncFirstRunPromptHandled":true}
[2026-10-02 19:29:11.900] [pid:13304] [main] [host-log] (local-1) [host] [2026-10-02 19:29:11.900] [pid:39148] [settingService] write done
[2026-10-02 19:29:11.901] [pid:13304] [main] [host-log] (local-1) [host] [2026-10-02 19:29:11.900] [pid:39148] [zcode-host] [rpc:call] setting.update OK (4.6ms)
[2026-10-02 19:29:13.794] [pid:13304] [main] [host-log] (local-1) [host] [2026-10-02 19:29:13.646] [pid:39148] [zcode-host] [rpc:call] zcode-task.getTaskSessionFilePath OK (0.2ms)
[2026-10-02 19:29:13.795] [pid:13304] [renderer] v4 conversation store connect started {
  event: 'v4.conversation.store.connect.started',
  generation: 1,
  hasBase: false,
  module: 'ui.v4.conversation_projection_store',
  status: 'started',
  topic: 'conversation/6ddec092-395d-499b-861f-05bf80b1f2ed'
}
[2026-10-02 19:29:13.796] [pid:13304] [renderer] v4 conversation subscription started {
  workspaceKey: 'E:\\Xiadie\\Xiadie\\.runtime\\P01\\u08-no-key-1790940517353035900\\workspace',
  workspacePath: 'E:\\Xiadie\\Xiadie\\.runtime\\P01\\u08-no-key-1790940517353035900\\workspace',
  event: 'v4.conversation.subscribe.started',
  module: 'ui.v4.conversation_transport',
  runtimeGeneration: 0,
  sessionId: '6ddec092-395d-499b-861f-05bf80b1f2ed',
  status: 'started',
  topic: 'conversation/6ddec092-395d-499b-861f-05bf80b1f2ed'
}
[2026-10-02 19:29:13.797] [pid:13304] [renderer] v4 session data lease acquired {
  event: 'v4.session_data.acquire',
  keepWarm: false,
  module: 'ui.v4.session_data_layer',
  openKind: 'cold',
  refCount: 1,
  sessionId: '6ddec092-395d-499b-861f-05bf80b1f2ed',
  status: 'completed',
  topic: 'conversation/6ddec092-395d-499b-861f-05bf80b1f2ed'
}
[2026-10-02 19:29:13.798] [pid:13304] [main] [host-log] (local-1) [host] [2026-10-02 19:29:13.647] [pid:39148] [zcode-host] [rpc:call] zcode-task.getTaskNativeSessionLogFile OK (0.4ms)
[2026-10-02 19:29:13.799] [pid:13304] [main] [host-log] (local-1) [host] [2026-10-02 19:29:13.647] [pid:39148] [zcode-agent-service] 开始请求 ZCode Protocol workspace/readPresentation {"workspaceKey":"E:\\Xiadie\\Xiadie\\.runtime\\P01\\u08-no-key-1790940517353035900\\workspace","workspacePath":"E:\\Xiadie\\Xiadie\\.runtime\\P01\\u08-no-key-1790940517353035900\\workspace"}
[2026-10-02 19:29:13.799] [pid:13304] [main] [host-log] (local-1) [host] [2026-10-02 19:29:13.648] [pid:39148] [zcode-host] [rpc:listen] zcode-agent.onAgentRuntimeRestarted subscribed
[2026-10-02 19:29:13.799] [pid:13304] [main] [host-log] (local-1) [host] [2026-10-02 19:29:13.648] [pid:39148] [zcode-host] [rpc:call] zcode-task.getTaskNativeSessionLogFile OK (0.2ms)
[2026-10-02 19:29:13.800] [pid:13304] [main] [host-log] (local-1) [host] [2026-10-02 19:29:13.648] [pid:39148] [zcode-host] [rpc:call] zcode-task.getTaskSessionFilePath OK (0.0ms)
[2026-10-02 19:29:13.800] [pid:13304] [main] [host-log] (local-1) [host] [2026-10-02 19:29:13.672] [pid:39148] [zcode-agent-service] account provider config 已交付到 ZCode agent {"providerCount":8,"reason":"workspace_read_presentation","receivedRevision":"account:[\"zcode-builtin:30:05a22f3fcb1c5561a8aae9124de30f9c9adf5ffc4cdd0adcbf91abd1354d3bb2\",[{\"providerId\":\"account:zai-individual-coding-plan\",\"config\":{\"access\":{\"type\":\"zhipu-account\",\"entitled\":false}}},{\"providerId\":\"account:zai-team-coding-plan\",\"config\":{\"access\":{\"type\":\"zhipu-account\",\"entitled\":false}}},{\"providerId\":\"account:zai-start-plan\",\"config\":{\"access\":{\"type\":\"zhipu-account\",\"entitled\":false}}},{\"providerId\":\"account:bigmodel-individual-coding-plan\",\"config\":{\"access\":{\"type\":\"zhipu-account\",\"entitled\":false}}},{\"providerId\":\"account:bigmodel-team-coding-plan\",\"config\":{\"access\":{\"type\":\"zhipu-account\",\"entitled\":false}}},{\"providerId\":\"account:bigmodel-start-plan\",\"config\":{\"access\":{\"type\":\"zhipu-account\",\"entitled\":false}}},{\"providerId\":\"account:zai-offpeak-idle-plan\",\"config\":{\"access\":{\"type\":\"zhipu-account\",\"entitled\":false}}},{\"providerId\":\"account:bigmodel-offpeak-idle-plan\",\"config\":{\"access\":{\"type\":\"zhipu-account\",\"entitled\":false}}}],{\"account:zai-individual-coding-plan\":{\"availability\":\"unavailable\",\"entitled\":false,\"unavailableReason\":\"not-connected\",\"current\":false,\"connectionKey\":\"41717a7a173a5e88981ed3b30d6c754715277dce3b302a8e7b1386cdf57b9b4c\"},\"account:zai-team-coding-plan\":{\"availability\":\"unavailable\",\"entitled\":false,\"unavailableReason\":\"not-connected\",\"current\":false,\"connectionKey\":\"41717a7a173a5e88981ed3b30d6c754715277dce3b302a8e7b1386cdf57b9b4c\"},\"account:zai-start-plan\":{\"availability\":\"unavailable\",\"entitled\":false,\"unavailableReason\":\"not-connected\",\"current\":false,\"connectionKey\":\"b20a8f39ea1865b9bdbc4f21e0774500034895a93cdf0c737917b6532ebedcea\"},\"account:bigmodel-individual-coding-plan\":{\"availability\":\"unavailable\",\"entitled\":false,\"unavailableReason\":\"not-connected\",\"current\":false,\"connectionKey\":\"145736c8450a04bf4ba21aee47794f53d87ea79c5dc4cc5b9f27fbf5b6038d53\"},\"account:bigmodel-team-coding-plan\":{\"availability\":\"unavailable\",\"entitled\":false,\"unavailableReason\":\"not-connected\",\"current\":false,\"connectionKey\":\"145736c8450a04bf4ba21aee47794f53d87ea79c5dc4cc5b9f27fbf5b6038d53\"},\"account:bigmodel-start-plan\":{\"availability\":\"unavailable\",\"entitled\":false,\"unavailableReason\":\"not-connected\",\"current\":false,\"connectionKey\":\"116fde2fcda0bb10f88164a63caadb0a0ec8611edcf75b35a9924684f9ba84bd\"},\"account:zai-offpeak-idle-plan\":{\"availability\":\"unavailable\",\"entitled\":false},\"account:bigmodel-offpeak-idle-plan\":{\"availability\":\"unavailable\",\"entitled\":false}}]","status":"received"}
[2026-10-02 19:29:13.942] [pid:13304] [main] [host-log] (local-1) [host] [2026-10-02 19:29:13.942] [pid:39148] [settingService] writing settings to: E:\Xiadie\Xiadie\.runtime\P01\u08-no-key-1790940517353035900\home\.zcode\v2\setting.json {"recentProjects":[],"locale":"zh-CN","localePreference":"en-US","terminalInheritSystemProfile":true,"embeddedBrowserAllowInsecureCertificates":false,"embeddedBrowserViewportPreference":{"mode":"normal","viewport":{"width":393,"height":852},"zoom":"fit"},"computerUseComposerEntryHidden":true,"taskAutoArchiveEnabled":false,"taskAutoArchiveOlderThanDays":7,"closeToTrayOnWindows":true,"closeToTrayOnWindowsMigrationInitialized":true,"keepAwakeWhileRunning":false,"desktopChromiumHardwareAccelerationEnabled":false,"messageStreamShowReasoning":true,"messageStreamShowReasoningMigrationInitialized":true,"messageStreamShowTodos":false,"toolGroupingExploreEnabled":true,"toolGroupingTerminalEnabled":true,"toolGroupingChangesEnabled":false,"zcodeInteractionBehavior":"queue","askUserQuestionAutoResolutionEnabled":true,"modelIoFullRetentionEnabled":false,"startPlanRecommendationDismissed":false,"providerFamilyConnectionSelections":{},"providerFamilyDomain":"zai","providerFamilyDomainUpdatedAt":1790940549557,"providerFamilyDomainMigrated":true,"nativeSearchEnhancementsEnabled":true,"memoryEnabled":false,"lastWorkspaceSession":[{"kind":"local","workspacePath":"E:\\Xiadie\\Xiadie\\.runtime\\P01\\u08-no-key-1790940517353035900\\workspace","workspacePurpose":"project"},{"kind":"local","workspacePath":"E:\\Xiadie\\Xiadie\\.runtime\\P01\\u08-no-key-1790940517353035900\\data\\.zcode\\workspace\\default","workspacePurpose":"conversation"}],"lastActiveTabIndex":0,"receivePreviewUpdates":false,"autoDownloadAndInstallUpdates":false,"skippedElectronUpdateVersions":{},"settingsSyncFirstRunPromptHandled":true}
[2026-10-02 19:29:13.947] [pid:13304] [main] [host-log] (local-1) [host] [2026-10-02 19:29:13.947] [pid:39148] [settingService] write done
[2026-10-02 19:29:13.948] [pid:13304] [main] [host-log] (local-1) [host] [2026-10-02 19:29:13.947] [pid:39148] [zcode-host] [rpc:call] setting.update OK (5.7ms)
[2026-10-02 19:29:14.165] [pid:13304] [main] [host-log] (local-1) [host] [2026-10-02 19:29:14.165] [pid:39148] [zcode-host] [rpc:call] zcode-agent.conversationWorkflowRunsV4 OK (507.4ms)
[2026-10-02 19:29:14.172] [pid:13304] [main] [host-log] (local-1) [host] [2026-10-02 19:29:14.172] [pid:39148] [zcode-agent-service] ZCode Protocol workspace/readPresentation 完成 {"durationMs":525,"slashCommandCount":4,"workspaceKey":"E:\\Xiadie\\Xiadie\\.runtime\\P01\\u08-no-key-1790940517353035900\\workspace","workspacePath":"E:\\Xiadie\\Xiadie\\.runtime\\P01\\u08-no-key-1790940517353035900\\workspace"}
[2026-10-02 19:29:14.173] [pid:13304] [main] [host-log] (local-1) [host] [2026-10-02 19:29:14.172] [pid:39148] [zcode-host] [rpc:call] zcode-session.readWorkspacePresentation OK (525.0ms)
[2026-10-02 19:29:14.182] [pid:13304] [main] [host-log] (local-1) [host] [2026-10-02 19:29:14.181] [pid:39148] [zcode-host] [rpc:call] zcode-agent.subscribeConversationV4 OK (523.9ms)
[2026-10-02 19:29:14.184] [pid:13304] [renderer] v4 conversation subscription acknowledged {
  workspaceKey: 'E:\\Xiadie\\Xiadie\\.runtime\\P01\\u08-no-key-1790940517353035900\\workspace',
  workspacePath: 'E:\\Xiadie\\Xiadie\\.runtime\\P01\\u08-no-key-1790940517353035900\\workspace',
  durationMs: 536,
  event: 'v4.conversation.subscribe.acknowledged',
  module: 'ui.v4.conversation_transport',
  runtimeGeneration: 0,
  sessionId: '6ddec092-395d-499b-861f-05bf80b1f2ed',
  status: 'completed',
  subscriptionId: 'sub-muqvrjqn-c6ewlk8a-1',
  topic: 'conversation/6ddec092-395d-499b-861f-05bf80b1f2ed'
}
[2026-10-02 19:29:14.190] [pid:13304] [renderer] v4 conversation subscription activated {
  workspaceKey: 'E:\\Xiadie\\Xiadie\\.runtime\\P01\\u08-no-key-1790940517353035900\\workspace',
  workspacePath: 'E:\\Xiadie\\Xiadie\\.runtime\\P01\\u08-no-key-1790940517353035900\\workspace',
  event: 'v4.conversation.subscribe.activated',
  module: 'ui.v4.conversation_transport',
  runtimeGeneration: 0,
  status: 'completed',
  subscriptionId: 'sub-muqvrjqn-c6ewlk8a-1',
  topic: 'conversation/6ddec092-395d-499b-861f-05bf80b1f2ed'
}
[2026-10-02 19:29:14.190] [pid:13304] [renderer] v4 conversation store connect completed {
  durationMs: 543,
  event: 'v4.conversation.store.connect.completed',
  generation: 1,
  logEpoch: 'muqvrjqn-c6ewlk8a',
  mode: 'snapshot',
  module: 'ui.v4.conversation_projection_store',
  status: 'completed',
  subscriptionId: 'sub-muqvrjqn-c6ewlk8a-1',
  topic: 'conversation/6ddec092-395d-499b-861f-05bf80b1f2ed'
}
[2026-10-02 19:29:14.229] [pid:13304] [main] [host-log] (local-1) [host] [2026-10-02 19:29:14.229] [pid:39148] [zcode-host] [rpc:call] zcode-agent.conversationPlansV4 OK (2.3ms)
[2026-10-02 19:29:14.945] [pid:13304] [main] [host-log] (local-1) [host] [2026-10-02 19:29:14.945] [pid:39148] [settingService] writing settings to: E:\Xiadie\Xiadie\.runtime\P01\u08-no-key-1790940517353035900\home\.zcode\v2\setting.json {"recentProjects":[],"locale":"zh-CN","localePreference":"en-US","terminalInheritSystemProfile":true,"embeddedBrowserAllowInsecureCertificates":false,"embeddedBrowserViewportPreference":{"mode":"normal","viewport":{"width":393,"height":852},"zoom":"fit"},"computerUseComposerEntryHidden":true,"taskAutoArchiveEnabled":false,"taskAutoArchiveOlderThanDays":7,"closeToTrayOnWindows":true,"closeToTrayOnWindowsMigrationInitialized":true,"keepAwakeWhileRunning":false,"desktopChromiumHardwareAccelerationEnabled":false,"messageStreamShowReasoning":true,"messageStreamShowReasoningMigrationInitialized":true,"messageStreamShowTodos":false,"toolGroupingExploreEnabled":true,"toolGroupingTerminalEnabled":true,"toolGroupingChangesEnabled":false,"zcodeInteractionBehavior":"queue","askUserQuestionAutoResolutionEnabled":true,"modelIoFullRetentionEnabled":false,"startPlanRecommendationDismissed":false,"providerFamilyConnectionSelections":{},"providerFamilyDomain":"zai","providerFamilyDomainUpdatedAt":1790940549557,"providerFamilyDomainMigrated":true,"nativeSearchEnhancementsEnabled":true,"memoryEnabled":false,"lastWorkspaceSession":[{"kind":"local","workspacePath":"E:\\Xiadie\\Xiadie\\.runtime\\P01\\u08-no-key-1790940517353035900\\workspace","workspacePurpose":"project"},{"kind":"local","workspacePath":"E:\\Xiadie\\Xiadie\\.runtime\\P01\\u08-no-key-1790940517353035900\\data\\.zcode\\workspace\\default","workspacePurpose":"conversation"}],"lastActiveTabIndex":0,"receivePreviewUpdates":false,"autoDownloadAndInstallUpdates":false,"skippedElectronUpdateVersions":{},"settingsSyncFirstRunPromptHandled":true}
[2026-10-02 19:29:14.949] [pid:13304] [main] [host-log] (local-1) [host] [2026-10-02 19:29:14.949] [pid:39148] [settingService] write done
[2026-10-02 19:29:14.950] [pid:13304] [main] [host-log] (local-1) [host] [2026-10-02 19:29:14.949] [pid:39148] [zcode-host] [rpc:call] setting.update OK (5.1ms)
[2026-10-02 19:29:16.944] [pid:13304] [main] [app-quit] forceQuit enabled (app-before-quit)
[2026-10-02 19:29:16.945] [pid:13304] [main] [stability] perf_app_exit reported { scene: 'app_quit', exitCode: 0 }
[2026-10-02 19:29:16.946] [pid:13304] [main] [app-quit] waiting for host process cleanup (app-before-quit), kind=normal, hosts=1, forceKillDelayMs=4000, waitTimeoutMs=4500
[2026-10-02 19:29:16.947] [pid:13304] [main] [disposeHostProcess] disposing host process (app-before-quit-1), pid=39148
[2026-10-02 19:29:16.948] [pid:13304] [main] [host-log] (local-1) [host] [2026-10-02 19:29:16.948] [pid:39148] [zcode-host] disposing host resources, reason=parent dispose
[2026-10-02 19:29:16.979] [pid:13304] [main] [host-log] (local-1) [host] [2026-10-02 19:29:16.978] [pid:39148] [zcode-agent] ZCode agent process exited {"workspaceKey":"E:\\Xiadie\\Xiadie\\.runtime\\P01\\u08-no-key-1790940517353035900\\workspace","pid":52272,"runtimeIdentity":"E:\\Xiadie\\Xiadie\\.runtime\\P01\\u08-no-key-1790940517353035900\\workspace:1:52272","code":0,"signal":null,"terminationKind":"expected","terminationReason":"manager-dispose"}
[2026-10-02 19:29:16.980] [pid:13304] [main] [host-log] (local-1) [host] [2026-10-02 19:29:16.979] [pid:39148] [zcode-agent] ZCode agent process cleanup completed {"workspaceKey":"E:\\Xiadie\\Xiadie\\.runtime\\P01\\u08-no-key-1790940517353035900\\workspace","pid":52272,"runtimeIdentity":"E:\\Xiadie\\Xiadie\\.runtime\\P01\\u08-no-key-1790940517353035900\\workspace:1:52272","reason":"manager-dispose"}
[2026-10-02 19:29:16.983] [pid:13304] [main] [task-realtime] unregistered host { hostId: '380e3a4d-b2d0-4120-b08d-e9860bb02f66', windowId: 1 }
[2026-10-02 19:29:16.984] [pid:13304] [main] [spawnHostProcess] host process (local-1) exited with code 0
[2026-10-02 19:29:18.456] [pid:13304] [main] [app-quit] host process cleanup completed (app-before-quit)
[2026-10-02 19:29:18.457] [pid:13304] [main] [app-quit] preparation finished, resuming quit with windows=1
[2026-10-02 19:29:18.464] [pid:13304] [main] [createWindow] window closed, killing host process (local-1)
[2026-10-02 19:29:18.465] [pid:13304] [main] [app-quit] all windows closed after preparation, exiting app
[2026-10-02 19:29:18.465] [pid:13304] [main] [app-quit] exiting prepared app (all-windows-closed-after-preparation)
[2026-10-02 19:29:19.369] [pid:2560] [main] [open-folder] Windows Explorer 右键菜单已安装或更新 {
  executablePath: 'E:\\Xiadie\\Xiadie\\.runtime\\P01\\desktop-source\\node_modules\\electron\\dist\\electron.exe',
  hasDefaultAppEntry: true,
  locale: 'zh-CN'
}
[2026-10-02 19:29:19.370] [pid:2560] [main] [desktop-network] renderer proxy mode=direct bypass=disabled customCa=disabled insecureCerts=rejected
[2026-10-02 19:29:19.370] [pid:2560] [main] [desktop-network] renderer proxy mode=system bypass=disabled customCa=disabled insecureCerts=rejected
[2026-10-02 19:29:19.372] [pid:2560] [main] [auto-update] disabled for this desktop product flavor
[2026-10-02 19:29:19.383] [pid:2560] [main] [resource] sampling started interval=10000ms report=60000ms
[2026-10-02 19:29:19.384] [pid:2560] [main] [network] reporting started interval=60000ms
[2026-10-02 19:29:19.384] [pid:2560] [main] [force-update] Preview 跳过远端强制升级检查
[2026-10-02 19:29:19.385] [pid:2560] [main] [startup] 创建主窗口
[2026-10-02 19:29:19.385] [pid:2560] [main] [primary-window] creating main window (app-ready)
[2026-10-02 19:29:19.387] [pid:2560] [main] [startup-workspace] using explicit open workspace: E:\Xiadie\Xiadie\.runtime\P01\u08-no-key-1790940517353035900\workspace
[2026-10-02 19:29:19.998] [pid:2560] [main] [createWindow] dom-ready fired (local-1)
[2026-10-02 19:29:20.004] [pid:2560] [main] [desktop-context-prompt] first host spawn decision resolved { enabled: false, configVersion: undefined }
[2026-10-02 19:29:20.008] [pid:2560] [main] [spawnHostProcess] forked host process for (local-1), pid=undefined
[2026-10-02 19:29:20.008] [pid:2560] [main] [spawnHostProcess] host module path: E:\Xiadie\Xiadie\.runtime\P01\u08-desktop-07\packages\desktop\out\host\index.js
[2026-10-02 19:29:20.008] [pid:2560] [main] [spawnHostProcess] glm binary path: <not found>
[2026-10-02 19:29:20.009] [pid:2560] [main] [spawnHostProcess] BIGMODEL_OAUTH_APP_SECRET source: fallback
[2026-10-02 19:29:20.010] [pid:2560] [main] [task-realtime] registered host {
  hostId: '72a3a187-02c2-48b4-9b07-faab52d627c3',
  windowId: 1,
  workspaceKeyCount: 0,
  deliveryKind: 'desktop_window'
}
[2026-10-02 19:29:22.163] [pid:2560] [main] [host-log] (local-1) [host] [2026-10-02 19:29:22.162] [pid:26520] [zcode-host] initializing local services
[2026-10-02 19:29:22.170] [pid:2560] [main] [host-log] (local-1) [host] [2026-10-02 19:29:22.168] [pid:26520] [cua-pip-session] [cua-pip-session] wiring resolved {"enabled":false,"platform":"win32","serviceAuthorityMode":"desktop-local","lifecycleWired":true}
[2026-10-02 19:29:22.175] [pid:2560] [main] [host-log] (local-1) [host] [2026-10-02 19:29:22.174] [pid:26520] [zcode-agent-service] 开始初始化 ZCode agent {"workspaceKey":"E:\\Xiadie\\Xiadie\\.runtime\\P01\\u08-no-key-1790940517353035900\\workspace","workspacePath":"E:\\Xiadie\\Xiadie\\.runtime\\P01\\u08-no-key-1790940517353035900\\workspace"}
[2026-10-02 19:29:22.176] [pid:2560] [main] [host-log] (local-1) [host] [2026-10-02 19:29:22.174] [pid:26520] [zcode-host] exposing services on ChannelServer...
[2026-10-02 19:29:22.176] [pid:2560] [main] [host-log] (local-1) [host] [2026-10-02 19:29:22.175] [pid:26520] [zcode-host] creating ChannelServer (deferInit=false)
[2026-10-02 19:29:22.177] [pid:2560] [main] [host-log] (local-1) [host] [2026-10-02 19:29:22.175] [pid:26520] [zcode-host] [rpc:register] channel "file"
[2026-10-02 19:29:22.177] [pid:2560] [main] [host-log] (local-1) [host] [2026-10-02 19:29:22.175] [pid:26520] [zcode-host] [rpc:register] channel "media-preview"
[2026-10-02 19:29:22.178] [pid:2560] [main] [host-log] (local-1) [host] [2026-10-02 19:29:22.175] [pid:26520] [zcode-host] [rpc:register] channel "git"
[2026-10-02 19:29:22.179] [pid:2560] [main] [host-log] (local-1) [host] [2026-10-02 19:29:22.175] [pid:26520] [zcode-host] [rpc:register] channel "git-checkpoint"
[2026-10-02 19:29:22.179] [pid:2560] [main] [host-log] (local-1) [host] [2026-10-02 19:29:22.175] [pid:26520] [zcode-host] [rpc:register] channel "system"
[2026-10-02 19:29:22.180] [pid:2560] [main] [host-log] (local-1) [host] [2026-10-02 19:29:22.176] [pid:26520] [zcode-host] [rpc:register] channel "terminal"
[2026-10-02 19:29:22.181] [pid:2560] [main] [host-log] (local-1) [host] [2026-10-02 19:29:22.176] [pid:26520] [zcode-host] [rpc:register] channel "setting"
[2026-10-02 19:29:22.181] [pid:2560] [main] [host-log] (local-1) [host] [2026-10-02 19:29:22.176] [pid:26520] [zcode-host] [rpc:register] channel "onboarding-record"
[2026-10-02 19:29:22.182] [pid:2560] [main] [host-log] (local-1) [host] [2026-10-02 19:29:22.176] [pid:26520] [zcode-host] [rpc:register] channel "credential"
[2026-10-02 19:29:22.182] [pid:2560] [main] [host-log] (local-1) [host] [2026-10-02 19:29:22.176] [pid:26520] [zcode-host] [rpc:register] channel "broadcast"
[2026-10-02 19:29:22.183] [pid:2560] [main] [host-log] (local-1) [host] [2026-10-02 19:29:22.176] [pid:26520] [zcode-host] [rpc:register] channel "zcode-task"
[2026-10-02 19:29:22.184] [pid:2560] [main] [host-log] (local-1) [host] [2026-10-02 19:29:22.176] [pid:26520] [zcode-host] [rpc:register] channel "zcode-agent"
[2026-10-02 19:29:22.184] [pid:2560] [main] [host-log] (local-1) [host] [2026-10-02 19:29:22.176] [pid:26520] [zcode-host] [rpc:register] channel "zcode-session"
[2026-10-02 19:29:22.185] [pid:2560] [main] [host-log] (local-1) [host] [2026-10-02 19:29:22.176] [pid:26520] [zcode-host] [rpc:register] channel "cua-permission"
[2026-10-02 19:29:22.185] [pid:2560] [main] [host-log] (local-1) [host] [2026-10-02 19:29:22.176] [pid:26520] [zcode-host] [rpc:register] channel "cua-pip-session"
[2026-10-02 19:29:22.186] [pid:2560] [main] [host-log] (local-1) [host] [2026-10-02 19:29:22.176] [pid:26520] [zcode-host] [rpc:register] channel "conversation-share"
[2026-10-02 19:29:22.187] [pid:2560] [main] [host-log] (local-1) [host] [2026-10-02 19:29:22.176] [pid:26520] [zcode-host] [rpc:register] channel "bots"
[2026-10-02 19:29:22.187] [pid:2560] [main] [host-log] (local-1) [host] [2026-10-02 19:29:22.176] [pid:26520] [zcode-host] [rpc:register] channel "file-watcher"
[2026-10-02 19:29:22.188] [pid:2560] [main] [host-log] (local-1) [host] [2026-10-02 19:29:22.176] [pid:26520] [zcode-host] [rpc:register] channel "oauth"
[2026-10-02 19:29:22.188] [pid:2560] [main] [host-log] (local-1) [host] [2026-10-02 19:29:22.176] [pid:26520] [zcode-host] [rpc:register] channel "usage-stats"
[2026-10-02 19:29:22.206] [pid:2560] [main] [host-log] (local-1) [host] [2026-10-02 19:29:22.176] [pid:26520] [zcode-host] [rpc:register] channel "coding-plan-subscription"
[2026-10-02 19:29:22.207] [pid:2560] [main] [host-log] (local-1) [host] [2026-10-02 19:29:22.176] [pid:26520] [zcode-host] [rpc:register] channel "client-config"
[2026-10-02 19:29:22.208] [pid:2560] [main] [host-log] (local-1) [host] [2026-10-02 19:29:22.176] [pid:26520] [zcode-host] [rpc:register] channel "client-scenes"
[2026-10-02 19:29:22.209] [pid:2560] [main] [host-log] (local-1) [host] [2026-10-02 19:29:22.176] [pid:26520] [zcode-host] [rpc:register] channel "off-peak-task"
[2026-10-02 19:29:22.209] [pid:2560] [main] [host-log] (local-1) [host] [2026-10-02 19:29:22.176] [pid:26520] [zcode-host] [rpc:register] channel "skills"
[2026-10-02 19:29:22.209] [pid:2560] [main] [host-log] (local-1) [host] [2026-10-02 19:29:22.176] [pid:26520] [zcode-host] [rpc:register] channel "skill-sync"
[2026-10-02 19:29:22.210] [pid:2560] [main] [host-log] (local-1) [host] [2026-10-02 19:29:22.176] [pid:26520] [zcode-host] [rpc:register] channel "mcp-sync"
[2026-10-02 19:29:22.211] [pid:2560] [main] [host-log] (local-1) [host] [2026-10-02 19:29:22.176] [pid:26520] [zcode-host] [rpc:register] channel "plugin-sync"
[2026-10-02 19:29:22.211] [pid:2560] [main] [host-log] (local-1) [host] [2026-10-02 19:29:22.176] [pid:26520] [zcode-host] [rpc:register] channel "plugins"
[2026-10-02 19:29:22.211] [pid:2560] [main] [host-log] (local-1) [host] [2026-10-02 19:29:22.176] [pid:26520] [zcode-host] [rpc:register] channel "plugin-management"
[2026-10-02 19:29:22.212] [pid:2560] [main] [host-log] (local-1) [host] [2026-10-02 19:29:22.176] [pid:26520] [zcode-host] [rpc:register] channel "subagents"
[2026-10-02 19:29:22.212] [pid:2560] [main] [host-log] (local-1) [host] [2026-10-02 19:29:22.198] [pid:26520] [zcode-host] [rpc:register] channel "commands"
[2026-10-02 19:29:22.213] [pid:2560] [main] [host-log] (local-1) [host] [2026-10-02 19:29:22.199] [pid:26520] [zcode-host] [rpc:register] channel "hooks"
[2026-10-02 19:29:22.214] [pid:2560] [main] [host-log] (local-1) [host] [2026-10-02 19:29:22.199] [pid:26520] [zcode-host] [rpc:register] channel "memory"
[2026-10-02 19:29:22.214] [pid:2560] [main] [host-log] (local-1) [host] [2026-10-02 19:29:22.199] [pid:26520] [zcode-host] [rpc:register] channel "settings-sync"
[2026-10-02 19:29:22.215] [pid:2560] [main] [host-log] (local-1) [host] [2026-10-02 19:29:22.199] [pid:26520] [zcode-host] [rpc:register] channel "feedback"
[2026-10-02 19:29:22.215] [pid:2560] [main] [host-log] (local-1) [host] [2026-10-02 19:29:22.199] [pid:26520] [zcode-host] [rpc:register] channel "prompt-attachment-transfer"
[2026-10-02 19:29:22.216] [pid:2560] [main] [host-log] (local-1) [host] [2026-10-02 19:29:22.199] [pid:26520] [zcode-host] [rpc:register] channel "provider-settings"
[2026-10-02 19:29:22.216] [pid:2560] [main] [host-log] (local-1) [host] [2026-10-02 19:29:22.199] [pid:26520] [zcode-host] [rpc:register] channel "model-selection"
[2026-10-02 19:29:22.217] [pid:2560] [main] [host-log] (local-1) [host] [2026-10-02 19:29:22.199] [pid:26520] [zcode-host] [rpc:register] channel "window-controller"
[2026-10-02 19:29:22.218] [pid:2560] [main] [host-log] (local-1) [host] [2026-10-02 19:29:22.199] [pid:26520] [zcode-host] service connection ready mode=desktop-continuous
[2026-10-02 19:29:22.218] [pid:2560] [main] [host-log] (local-1) [host] [2026-10-02 19:29:22.199] [pid:26520] [zcode-host] window Host topology, reason=base-attachment-ready, pid=26520, connections=0, logicalSessions=0, attachments=1
[2026-10-02 19:29:22.219] [pid:2560] [main] [host-log] (local-1) [host] [2026-10-02 19:29:22.199] [pid:26520] [zcode-host] local services ready, all channels registered
[2026-10-02 19:29:22.220] [pid:2560] [main] [database-startup] terminal {
  attemptId: '171f204f-c5ed-4a41-b951-5f35c2eef55c',
  status: 'ready',
  durationMs: 1833,
  errorCode: undefined,
  disk: [
    {
      scopeId: 'df81e191609143170757a1d69e37b8a237e4ca4bd99588ddaf1f2f5467edaaaf',
      observedAvailableDropPeakBytes: 0,
      minAvailableBytes: 274492776448,
      quality: 'complete',
      sampledAt: 1790940561145
    }
  ]
}
[2026-10-02 19:29:22.222] [pid:2560] [main] [cron-scheduler] forked scheduler process pid=undefined
[2026-10-02 19:29:22.233] [pid:2560] [main] [task-realtime] updated host workspace scopes {
  hostId: '72a3a187-02c2-48b4-9b07-faab52d627c3',
  workspaceKeyCount: 0
}
[2026-10-02 19:29:22.272] [pid:2560] [main] [host-log] (local-1) [host] [2026-10-02 19:29:22.239] [pid:26520] [zcode-host] [rpc:listen] broadcast.onMessage subscribed
[2026-10-02 19:29:22.322] [pid:2560] [main] [open-folder] Windows Explorer 右键菜单已安装或更新 {
  executablePath: 'E:\\Xiadie\\Xiadie\\.runtime\\P01\\desktop-source\\node_modules\\electron\\dist\\electron.exe',
  hasDefaultAppEntry: true,
  locale: 'zh-CN'
}
[2026-10-02 19:29:22.325] [pid:2560] [main] [host-log] (local-1) [host] [2026-10-02 19:29:22.242] [pid:26520] [zcode-host] [rpc:listen] zcode-agent.onDynamicCuaPermissionObservation subscribed
[2026-10-02 19:29:22.326] [pid:2560] [main] [host-log] (local-1) [host] [2026-10-02 19:29:22.243] [pid:26520] [zcode-host] [rpc:listen] model-selection.onDidChange subscribed
[2026-10-02 19:29:22.327] [pid:2560] [main] [host-log] (local-1) [host] [2026-10-02 19:29:22.243] [pid:26520] [zcode-host] [rpc:listen] broadcast.onMessage subscribed
[2026-10-02 19:29:22.328] [pid:2560] [main] [host-log] (local-1) [host] [2026-10-02 19:29:22.243] [pid:26520] [zcode-host] [rpc:listen] provider-settings.onDidChange subscribed
[2026-10-02 19:29:22.329] [pid:2560] [main] [host-log] (local-1) [host] [2026-10-02 19:29:22.243] [pid:26520] [zcode-host] [rpc:listen] broadcast.onMessage subscribed
[2026-10-02 19:29:22.330] [pid:2560] [main] [host-log] (local-1) [host] [2026-10-02 19:29:22.243] [pid:26520] [zcode-host] [rpc:listen] provider-settings.onDidChange subscribed
[2026-10-02 19:29:22.331] [pid:2560] [main] [host-log] (local-1) [host] [2026-10-02 19:29:22.244] [pid:26520] [zcode-host] [rpc:listen] broadcast.onMessage subscribed
[2026-10-02 19:29:22.331] [pid:2560] [main] [host-log] (local-1) [host] [2026-10-02 19:29:22.244] [pid:26520] [zcode-host] [rpc:listen] broadcast.onMessage subscribed
[2026-10-02 19:29:22.332] [pid:2560] [main] [host-log] (local-1) [host] [2026-10-02 19:29:22.244] [pid:26520] [oauthService] restoreCachedSession skipped: no active provider
[2026-10-02 19:29:22.333] [pid:2560] [main] [host-log] (local-1) [host] [2026-10-02 19:29:22.244] [pid:26520] [zcode-host] [rpc:call] oauth.restoreCachedSessionState OK (0.9ms)
[2026-10-02 19:29:22.334] [pid:2560] [main] [host-log] (local-1) [host] [2026-10-02 19:29:22.250] [pid:26520] [zcode-host] [rpc:call] setting.get OK (7.8ms)
[2026-10-02 19:29:22.335] [pid:2560] [main] [host-log] (local-1) [host] [2026-10-02 19:29:22.251] [pid:26520] [zcode-host] [rpc:call] setting.get OK (7.6ms)
[2026-10-02 19:29:22.336] [pid:2560] [main] [host-log] (local-1) [host] [2026-10-02 19:29:22.251] [pid:26520] [zcode-host] [rpc:call] setting.get OK (7.4ms)
[2026-10-02 19:29:22.337] [pid:2560] [main] [host-log] (local-1) [host] [2026-10-02 19:29:22.253] [pid:26520] [zcode-host] [rpc:call] coding-plan-subscription.getDynamicWorkflowClientConfig OK (10.9ms)
[2026-10-02 19:29:22.338] [pid:2560] [main] [host-log] (local-1) [host] [2026-10-02 19:29:22.253] [pid:26520] [zcode-host] [rpc:call] zcode-agent.syncAppRuntimePreferences OK (0.1ms)
[2026-10-02 19:29:22.338] [pid:2560] [main] [host-log] (local-1) [host] [2026-10-02 19:29:22.254] [pid:26520] [zcode-host] [rpc:call] bots.syncAppRuntimePreferences OK (0.1ms)
[2026-10-02 19:29:22.339] [pid:2560] [main] [host-log] (local-1) [host] [2026-10-02 19:29:22.254] [pid:26520] [zcode-host] [rpc:call] setting.get OK (1.5ms)
[2026-10-02 19:29:22.341] [pid:2560] [main] [host-log] (local-1) [host] [2026-10-02 19:29:22.256] [pid:26520] [zcode-host] [rpc:listen] zcode-agent.onDynamicCuaPermissionObservation subscribed
[2026-10-02 19:29:22.341] [pid:2560] [main] [host-log] (local-1) [host] [2026-10-02 19:29:22.257] [pid:26520] [zcode-host] [rpc:listen] broadcast.onMessage subscribed
[2026-10-02 19:29:22.342] [pid:2560] [main] [host-log] (local-1) [host] [2026-10-02 19:29:22.257] [pid:26520] [oauthService] restoreCachedSession skipped: no active provider
[2026-10-02 19:29:22.343] [pid:2560] [main] [host-log] (local-1) [host] [2026-10-02 19:29:22.257] [pid:26520] [zcode-host] [rpc:call] oauth.restoreCachedSessionState OK (0.6ms)
[2026-10-02 19:29:22.348] [pid:2560] [main] [open-folder] Windows Explorer 右键菜单已安装或更新 {
  executablePath: 'E:\\Xiadie\\Xiadie\\.runtime\\P01\\desktop-source\\node_modules\\electron\\dist\\electron.exe',
  hasDefaultAppEntry: true,
  locale: 'en-US'
}
[2026-10-02 19:29:22.359] [pid:2560] [main] [cron-scheduler] scheduler process exited code=1
[2026-10-02 19:29:22.361] [pid:2560] [main] [host-log] (local-1) [host] [2026-10-02 19:29:22.361] [pid:26520] [provider-runtime][trace:Provider Registry 已就绪] {"configRevision":"[\"zcode-builtin:30:05a22f3fcb1c5561a8aae9124de30f9c9adf5ffc4cdd0adcbf91abd1354d3bb2\",\"2915b997aefbd6c7fe8ccfc87153713dc11851987034eec5a515e9660ac81b0e\"]","providerCount":0}
[2026-10-02 19:29:22.363] [pid:2560] [main] [host-log] (local-1) [host] [2026-10-02 19:29:22.362] [pid:26520] [zcode-host] [rpc:call] provider-settings.getView OK (118.7ms)
[2026-10-02 19:29:22.364] [pid:2560] [main] [host-log] (local-1) [host] [2026-10-02 19:29:22.362] [pid:26520] [zcode-host] [rpc:call] provider-settings.getView OK (118.5ms)
[2026-10-02 19:29:22.365] [pid:2560] [main] [host-log] (local-1) [host] [2026-10-02 19:29:22.365] [pid:26520] [zcode-agent-service] provider/model 尚未就绪，ZCode agent 保持未启动 {"providerCount":0,"revision":"model-selection:1","workspaceKey":"E:\\Xiadie\\Xiadie\\.runtime\\P01\\u08-no-key-1790940517353035900\\workspace","workspacePath":"E:\\Xiadie\\Xiadie\\.runtime\\P01\\u08-no-key-1790940517353035900\\workspace"}
[2026-10-02 19:29:22.367] [pid:2560] [main] [crash-capture] child-process-gone: {
  type: 'Utility',
  reason: 'killed',
  exitCode: 1,
  serviceName: 'node.mojom.NodeService',
  name: 'zcode-cron-scheduler'
}
[2026-10-02 19:29:22.368] [pid:2560] [main] [stability] perf_process_exit reported {
  exit_code: 1,
  exit_reason: 'killed',
  process_role: 'utility',
  exit_kind: 'normal',
  process_type: 'Utility',
  process_name: 'node.mojom.NodeService'
}
[2026-10-02 19:29:22.369] [pid:2560] [main] [host-log] (local-1) [host] [2026-10-02 19:29:22.367] [pid:26520] [zcode-agent] ZCode agent command resolved {"workspaceKey":"E:\\Xiadie\\Xiadie\\.runtime\\P01\\u08-no-key-1790940517353035900\\workspace","command":"E:\\Xiadie\\Xiadie\\.runtime\\P01\\desktop-source\\node_modules\\electron\\dist\\electron.exe","effectiveCommand":"E:\\Xiadie\\Xiadie\\.runtime\\P01\\desktop-source\\node_modules\\electron\\dist\\electron.exe","resolveCommandDurationMs":0}
[2026-10-02 19:29:22.370] [pid:2560] [main] [host-log] (local-1) [host] [2026-10-02 19:29:22.368] [pid:26520] [zcode-host] [rpc:call] model-selection.getView OK (124.9ms)
[2026-10-02 19:29:22.395] [pid:2560] [main] [host-log] (local-1) [host] [2026-10-02 19:29:22.394] [pid:26520] [zcode-host] [rpc:call] credential.load OK (0.7ms)
[2026-10-02 19:29:22.396] [pid:2560] [main] [host-log] (local-1) [host] [2026-10-02 19:29:22.395] [pid:26520] [zcode-host] [rpc:call] credential.load OK (1.1ms)
[2026-10-02 19:29:22.397] [pid:2560] [main] [host-log] (local-1) [host] [2026-10-02 19:29:22.396] [pid:26520] [zcode-agent] ZCode agent spawn preflight {"workspaceKey":"E:\\Xiadie\\Xiadie\\.runtime\\P01\\u08-no-key-1790940517353035900\\workspace","spawnPreflight":{"command":"E:\\Xiadie\\Xiadie\\.runtime\\P01\\desktop-source\\node_modules\\electron\\dist\\electron.exe","args":["E:\\Xiadie\\Xiadie\\.runtime\\P01\\u08-desktop-07\\apps\\zcode-cli\\packages\\cli\\dist\\zcode.cjs","app-server","--stdio"],"requestedCwd":"E:\\Xiadie\\Xiadie\\.runtime\\P01\\u08-no-key-1790940517353035900\\workspace","cwd":"E:\\Xiadie\\Xiadie\\.runtime\\P01\\u08-no-key-1790940517353035900\\workspace","cwdSource":"command","commandPathKind":"absolute","commandExists":true,"cwdExists":true}}
[2026-10-02 19:29:22.417] [pid:2560] [main] [stability] perf_agent_start reported {
  pid: 51584,
  runtimeGeneration: 1,
  runtimeInstanceId: 'agent-ec351c94-fb7d-444a-a7b6-fac8f8891c24'
}
[2026-10-02 19:29:22.418] [pid:2560] [main] [host-log] (local-1) [host] [2026-10-02 19:29:22.416] [pid:26520] [zcode-agent] ZCode agent process started {"workspaceKey":"E:\\Xiadie\\Xiadie\\.runtime\\P01\\u08-no-key-1790940517353035900\\workspace","command":"E:\\Xiadie\\Xiadie\\.runtime\\P01\\desktop-source\\node_modules\\electron\\dist\\electron.exe","cwd":"E:\\Xiadie\\Xiadie\\.runtime\\P01\\u08-no-key-1790940517353035900\\workspace","pid":51584,"durationMs":50}
[2026-10-02 19:29:22.419] [pid:2560] [main] [host-log] (local-1) [host] [2026-10-02 19:29:22.416] [pid:26520] [zcode-host] [rpc:call] oauth.getProviders OK (0.0ms)
[2026-10-02 19:29:22.420] [pid:2560] [main] [host-log] (local-1) [host] [2026-10-02 19:29:22.417] [pid:26520] [zcode-host] [rpc:call] oauth.getProviders OK (0.0ms)
[2026-10-02 19:29:22.421] [pid:2560] [main] [host-log] (local-1) [host] [2026-10-02 19:29:22.418] [pid:26520] [zcode-host] [rpc:call] oauth.getActiveProvider OK (0.5ms)
[2026-10-02 19:29:22.422] [pid:2560] [main] [host-log] (local-1) [host] [2026-10-02 19:29:22.419] [pid:26520] [zcode-host] [rpc:call] oauth.getActiveProvider OK (1.1ms)
[2026-10-02 19:29:23.207] [pid:2560] [main] [stability] perf_app_start reported
[2026-10-02 19:29:23.212] [pid:2560] [main] [host-log] (local-1) [host] [2026-10-02 19:29:23.212] [pid:26520] [zcode-agent-service] 为只读会话控制面启动 ZCode agent {"workspaceKey":"E:\\Xiadie\\Xiadie\\.runtime\\P01\\u08-no-key-1790940517353035900\\workspace","workspacePath":"E:\\Xiadie\\Xiadie\\.runtime\\P01\\u08-no-key-1790940517353035900\\workspace"}
[2026-10-02 19:29:23.213] [pid:2560] [main] [host-log] (local-1) [host] [2026-10-02 19:29:23.212] [pid:26520] [zcode-agent-service] ZCode agent 初始化完成 {"durationMs":1038,"transportKind":"stdio","workspaceKey":"E:\\Xiadie\\Xiadie\\.runtime\\P01\\u08-no-key-1790940517353035900\\workspace","workspacePath":"E:\\Xiadie\\Xiadie\\.runtime\\P01\\u08-no-key-1790940517353035900\\workspace"}
[2026-10-02 19:29:23.214] [pid:2560] [main] [host-log] (local-1) [host] [2026-10-02 19:29:23.212] [pid:26520] [zcode-host] ZCode agent warmup ready (local host init (1/1)) workspace=E:\Xiadie\Xiadie\.runtime\P01\u08-no-key-1790940517353035900\workspace transport=stdio
[2026-10-02 19:29:25.859] [pid:2560] [main] [host-log] (local-1) [host] [2026-10-02 19:29:25.858] [pid:26520] [settingService] writing settings to: E:\Xiadie\Xiadie\.runtime\P01\u08-no-key-1790940517353035900\home\.zcode\v2\setting.json {"recentProjects":[],"locale":"zh-CN","localePreference":"en-US","terminalInheritSystemProfile":true,"embeddedBrowserAllowInsecureCertificates":false,"embeddedBrowserViewportPreference":{"mode":"normal","viewport":{"width":393,"height":852},"zoom":"fit"},"computerUseComposerEntryHidden":true,"taskAutoArchiveEnabled":false,"taskAutoArchiveOlderThanDays":7,"closeToTrayOnWindows":true,"closeToTrayOnWindowsMigrationInitialized":true,"keepAwakeWhileRunning":false,"desktopChromiumHardwareAccelerationEnabled":false,"messageStreamShowReasoning":true,"messageStreamShowReasoningMigrationInitialized":true,"messageStreamShowTodos":false,"toolGroupingExploreEnabled":true,"toolGroupingTerminalEnabled":true,"toolGroupingChangesEnabled":false,"zcodeInteractionBehavior":"queue","askUserQuestionAutoResolutionEnabled":true,"modelIoFullRetentionEnabled":false,"startPlanRecommendationDismissed":false,"providerFamilyConnectionSelections":{},"providerFamilyDomain":"zai","providerFamilyDomainUpdatedAt":1790940565856,"providerFamilyDomainMigrated":true,"nativeSearchEnhancementsEnabled":true,"memoryEnabled":false,"lastWorkspaceSession":[{"kind":"local","workspacePath":"E:\\Xiadie\\Xiadie\\.runtime\\P01\\u08-no-key-1790940517353035900\\workspace","workspacePurpose":"project"},{"kind":"local","workspacePath":"E:\\Xiadie\\Xiadie\\.runtime\\P01\\u08-no-key-1790940517353035900\\data\\.zcode\\workspace\\default","workspacePurpose":"conversation"}],"lastActiveTabIndex":0,"receivePreviewUpdates":false,"autoDownloadAndInstallUpdates":false,"skippedElectronUpdateVersions":{},"settingsSyncFirstRunPromptHandled":true}
[2026-10-02 19:29:25.863] [pid:2560] [main] [host-log] (local-1) [host] [2026-10-02 19:29:25.863] [pid:26520] [settingService] write done
[2026-10-02 19:29:25.865] [pid:2560] [main] [host-log] (local-1) [host] [2026-10-02 19:29:25.864] [pid:26520] [zcode-host] [rpc:call] setting.update OK (7.9ms)
[2026-10-02 19:29:25.910] [pid:2560] [main] [host-log] (local-1) [host] [2026-10-02 19:29:25.910] [pid:26520] [zcode-host] [rpc:call] setting.get OK (1.0ms)
[2026-10-02 19:29:25.913] [pid:2560] [main] [host-log] (local-1) [host] [2026-10-02 19:29:25.912] [pid:26520] [zcode-host] [rpc:call] file.ensureConversationWorkspace OK (0.8ms)
[2026-10-02 19:29:25.915] [pid:2560] [main] [task-realtime] updated host workspace scopes {
  hostId: '72a3a187-02c2-48b4-9b07-faab52d627c3',
  workspaceKeyCount: 1
}
[2026-10-02 19:29:25.918] [pid:2560] [main] [host-log] (local-1) [host] [2026-10-02 19:29:25.918] [pid:26520] [zcode-host] [rpc:call] setting.get OK (0.9ms)
[2026-10-02 19:29:25.919] [pid:2560] [main] [host-log] (local-1) [host] [2026-10-02 19:29:25.919] [pid:26520] [zcode-host] [rpc:call] file.ensureConversationWorkspace OK (0.5ms)
[2026-10-02 19:29:25.921] [pid:2560] [main] [host-log] (local-1) [host] [2026-10-02 19:29:25.921] [pid:26520] [settingService] writing settings to: E:\Xiadie\Xiadie\.runtime\P01\u08-no-key-1790940517353035900\home\.zcode\v2\setting.json {"recentProjects":["E:\\Xiadie\\Xiadie\\.runtime\\P01\\u08-no-key-1790940517353035900\\workspace"],"locale":"zh-CN","localePreference":"en-US","terminalInheritSystemProfile":true,"embeddedBrowserAllowInsecureCertificates":false,"embeddedBrowserViewportPreference":{"mode":"normal","viewport":{"width":393,"height":852},"zoom":"fit"},"computerUseComposerEntryHidden":true,"taskAutoArchiveEnabled":false,"taskAutoArchiveOlderThanDays":7,"closeToTrayOnWindows":true,"closeToTrayOnWindowsMigrationInitialized":true,"keepAwakeWhileRunning":false,"desktopChromiumHardwareAccelerationEnabled":false,"messageStreamShowReasoning":true,"messageStreamShowReasoningMigrationInitialized":true,"messageStreamShowTodos":false,"toolGroupingExploreEnabled":true,"toolGroupingTerminalEnabled":true,"toolGroupingChangesEnabled":false,"zcodeInteractionBehavior":"queue","askUserQuestionAutoResolutionEnabled":true,"modelIoFullRetentionEnabled":false,"startPlanRecommendationDismissed":false,"providerFamilyConnectionSelections":{},"providerFamilyDomain":"zai","providerFamilyDomainUpdatedAt":1790940565856,"providerFamilyDomainMigrated":true,"nativeSearchEnhancementsEnabled":true,"memoryEnabled":false,"lastWorkspaceSession":[{"kind":"local","workspacePath":"E:\\Xiadie\\Xiadie\\.runtime\\P01\\u08-no-key-1790940517353035900\\workspace","workspacePurpose":"project"},{"kind":"local","workspacePath":"E:\\Xiadie\\Xiadie\\.runtime\\P01\\u08-no-key-1790940517353035900\\data\\.zcode\\workspace\\default","workspacePurpose":"conversation"}],"lastActiveTabIndex":0,"receivePreviewUpdates":false,"autoDownloadAndInstallUpdates":false,"skippedElectronUpdateVersions":{},"settingsSyncFirstRunPromptHandled":true}
[2026-10-02 19:29:25.923] [pid:2560] [main] [host-log] (local-1) [host] [2026-10-02 19:29:25.922] [pid:26520] [zcode-host] [rpc:call] onboarding-record.claimAnonymousRecord OK (0.3ms)
[2026-10-02 19:29:25.927] [pid:2560] [main] [host-log] (local-1) [host] [2026-10-02 19:29:25.924] [pid:26520] [zcode-host] [rpc:call] onboarding-record.getLatestEntry OK (1.3ms)
[2026-10-02 19:29:25.927] [pid:2560] [main] [host-log] (local-1) [host] [2026-10-02 19:29:25.924] [pid:26520] [zcode-host] [rpc:call] onboarding-record.shouldOnboard OK (0.7ms)
[2026-10-02 19:29:25.928] [pid:2560] [main] [host-log] (local-1) [host] [2026-10-02 19:29:25.926] [pid:26520] [settingService] write done
[2026-10-02 19:29:25.929] [pid:2560] [main] [host-log] (local-1) [host] [2026-10-02 19:29:25.926] [pid:26520] [zcode-host] [rpc:call] setting.update OK (6.0ms)
[2026-10-02 19:29:25.930] [pid:2560] [main] [host-log] (local-1) [host] [2026-10-02 19:29:25.930] [pid:26520] [zcode-host] [rpc:call] setting.get OK (7.6ms)
[2026-10-02 19:29:25.956] [pid:2560] [renderer] v4 conversation frame upstream attached {
  workspaceKey: 'E:\\Xiadie\\Xiadie\\.runtime\\P01\\u08-no-key-1790940517353035900\\workspace',
  workspacePath: 'E:\\Xiadie\\Xiadie\\.runtime\\P01\\u08-no-key-1790940517353035900\\workspace',
  event: 'v4.conversation.frames.upstream_attached',
  listenerCount: 1,
  module: 'ui.v4.conversation_transport',
  runtimeGeneration: 0,
  status: 'completed'
}
[2026-10-02 19:29:25.957] [pid:2560] [renderer] v4 workspace connection created {
  event: 'v4.workspace_connection.created',
  isRemote: false,
  key: '__base__ E:\\Xiadie\\Xiadie\\.runtime\\P01\\u08-no-key-1790940517353035900\\workspace',
  module: 'ui.v4.workspace_connection_registry',
  refCount: 1,
  serviceGeneration: 1,
  status: 'completed'
}
[2026-10-02 19:29:25.957] [pid:2560] [main] [host-log] (local-1) [host] [2026-10-02 19:29:25.956] [pid:26520] [zcode-host] [rpc:listen] zcode-agent.onDynamicLocalTtftFacts subscribed
[2026-10-02 19:29:25.958] [pid:2560] [main] [host-log] (local-1) [host] [2026-10-02 19:29:25.956] [pid:26520] [zcode-host] [rpc:listen] zcode-agent.onDynamicConversationFrame subscribed
[2026-10-02 19:29:26.007] [pid:2560] [main] [host-log] (local-1) [host] [2026-10-02 19:29:26.006] [pid:26520] [zcode-host] [rpc:listen] window-controller.onDynamicControllerFrame subscribed
[2026-10-02 19:29:26.008] [pid:2560] [main] [host-log] (local-1) [host] [2026-10-02 19:29:26.006] [pid:26520] [zcode-host] [rpc:call] window-controller.subscribeControllerV4 OK (0.2ms)
[2026-10-02 19:29:26.009] [pid:2560] [main] [host-log] (local-1) [host] [2026-10-02 19:29:26.006] [pid:26520] [zcode-host] [rpc:call] window-controller.subscribeControllerV4 OK (0.1ms)
[2026-10-02 19:29:26.010] [pid:2560] [main] [host-log] (local-1) [host] [2026-10-02 19:29:26.007] [pid:26520] [zcode-host] [rpc:listen] zcode-agent.onDynamicSessionsIndexFrame subscribed
[2026-10-02 19:29:26.010] [pid:2560] [main] [host-log] (local-1) [host] [2026-10-02 19:29:26.007] [pid:26520] [zcode-host] [rpc:listen] zcode-agent.onAgentRuntimeLifecycle subscribed
[2026-10-02 19:29:26.011] [pid:2560] [main] [host-log] (local-1) [host] [2026-10-02 19:29:26.008] [pid:26520] [zcode-host] [rpc:call] zcode-agent.helloConversationV4 OK (0.1ms)
[2026-10-02 19:29:26.011] [pid:2560] [main] [host-log] (local-1) [host] [2026-10-02 19:29:26.008] [pid:26520] [zcode-host] [rpc:call] zcode-task.listPinnedTaskIds OK (0.2ms)
[2026-10-02 19:29:26.012] [pid:2560] [main] [host-log] (local-1) [host] [2026-10-02 19:29:26.008] [pid:26520] [zcode-host] [rpc:call] zcode-task.listArchivedTasks OK (0.2ms)
[2026-10-02 19:29:26.012] [pid:2560] [main] [host-log] (local-1) [host] [2026-10-02 19:29:26.009] [pid:26520] [zcode-host] [rpc:call] zcode-task.listTasks OK (0.4ms)
[2026-10-02 19:29:26.013] [pid:2560] [main] [host-log] (local-1) [host] [2026-10-02 19:29:26.009] [pid:26520] [zcode-host] [rpc:call] zcode-task.listPinnedTasks OK (0.1ms)
[2026-10-02 19:29:26.013] [pid:2560] [main] [host-log] (local-1) [host] [2026-10-02 19:29:26.009] [pid:26520] [zcode-host] [rpc:call] zcode-task.listDeletedTaskIds OK (0.1ms)
[2026-10-02 19:29:26.014] [pid:2560] [main] [host-log] (local-1) [host] [2026-10-02 19:29:26.009] [pid:26520] [zcode-host] [rpc:listen] zcode-task.onDynamicWorkspaceEvent subscribed
[2026-10-02 19:29:26.015] [pid:2560] [main] [host-log] (local-1) [host] [2026-10-02 19:29:26.012] [pid:26520] [zcode-host] [rpc:call] window-controller.listTaskList OK (5.4ms)
[2026-10-02 19:29:26.016] [pid:2560] [main] [host-log] (local-1) [host] [2026-10-02 19:29:26.012] [pid:26520] [zcode-host] [rpc:listen] zcode-agent.onAgentRuntimeLifecycle subscribed
[2026-10-02 19:29:26.016] [pid:2560] [main] [host-log] (local-1) [host] [2026-10-02 19:29:26.012] [pid:26520] [zcode-host] [rpc:call] system.info OK (0.0ms)
[2026-10-02 19:29:26.017] [pid:2560] [main] [host-log] (local-1) [host] [2026-10-02 19:29:26.012] [pid:26520] [zcode-host] [rpc:listen] model-selection.onDidChange subscribed
[2026-10-02 19:29:26.017] [pid:2560] [main] [host-log] (local-1) [host] [2026-10-02 19:29:26.012] [pid:26520] [zcode-host] [rpc:listen] model-selection.onDidChange subscribed
[2026-10-02 19:29:26.018] [pid:2560] [main] [host-log] (local-1) [host] [2026-10-02 19:29:26.013] [pid:26520] [zcode-host] [rpc:listen] zcode-agent.onDynamicConversationTelemetryFact subscribed
[2026-10-02 19:29:26.018] [pid:2560] [main] [host-log] (local-1) [host] [2026-10-02 19:29:26.013] [pid:26520] [zcode-host] [rpc:call] model-selection.getView OK (1.0ms)
[2026-10-02 19:29:26.019] [pid:2560] [main] [host-log] (local-1) [host] [2026-10-02 19:29:26.014] [pid:26520] [zcode-host] [rpc:call] model-selection.getView OK (1.1ms)
[2026-10-02 19:29:26.019] [pid:2560] [main] [host-log] (local-1) [host] [2026-10-02 19:29:26.017] [pid:26520] [zcode-host] [rpc:call] off-peak-task.list OK (0.3ms)
[2026-10-02 19:29:26.025] [pid:2560] [main] [host-log] (local-1) [host] [2026-10-02 19:29:26.024] [pid:26520] [zcode-host] [rpc:call] settings-sync.getFirstRunPromptState OK (0.8ms)
[2026-10-02 19:29:26.025] [pid:2560] [main] [host-log] (local-1) [host] [2026-10-02 19:29:26.025] [pid:26520] [zcode-host] [rpc:call] subagents.list OK (15.9ms)
[2026-10-02 19:29:26.069] [pid:2560] [main] [host-log] (local-1) [host] [2026-10-02 19:29:26.069] [pid:26520] [zcode-host] [rpc:call] window-controller.listTaskList OK (0.1ms)
[2026-10-02 19:29:26.070] [pid:2560] [main] [host-log] (local-1) [host] [2026-10-02 19:29:26.070] [pid:26520] [zcode-host] [rpc:call] zcode-agent.initializeConversationV4 OK (0.6ms)
[2026-10-02 19:29:26.073] [pid:2560] [main] [host-log] (local-1) [host] [2026-10-02 19:29:26.073] [pid:26520] [zcode-host] [rpc:call] window-controller.listTaskList OK (0.1ms)
[2026-10-02 19:29:26.091] [pid:2560] [main] [host-log] (local-1) [host] [2026-10-02 19:29:26.090] [pid:26520] [zcode-host] [rpc:call] zcode-agent.subscribeSessionsIndexV4 OK (1.2ms)
[2026-10-02 19:29:26.157] [pid:2560] [main] [host-log] (local-1) [host] [2026-10-02 19:29:26.156] [pid:26520] [zcode-host] [rpc:call] system.info OK (0.0ms)
[2026-10-02 19:29:26.158] [pid:2560] [main] [host-log] (local-1) [host] [2026-10-02 19:29:26.157] [pid:26520] [zcode-host] [rpc:call] setting.get OK (1.0ms)
[2026-10-02 19:29:26.158] [pid:2560] [main] [host-log] (local-1) [host] [2026-10-02 19:29:26.157] [pid:26520] [zcode-host] [rpc:call] setting.get OK (1.0ms)
[2026-10-02 19:29:26.174] [pid:2560] [main] [host-log] (local-1) [host] [2026-10-02 19:29:26.173] [pid:26520] [zcode-host] [rpc:call] git.refresh OK (156.0ms)
[2026-10-02 19:29:26.232] [pid:2560] [main] [host-log] (local-1) [host] [2026-10-02 19:29:26.232] [pid:26520] [zcode-host] [rpc:call] system.listIntegratedTerminalShells OK (0.6ms)
[2026-10-02 19:29:26.894] [pid:2560] [main] [task-realtime] updated host workspace scopes {
  hostId: '72a3a187-02c2-48b4-9b07-faab52d627c3',
  workspaceKeyCount: 2
}
[2026-10-02 19:29:26.895] [pid:2560] [main] [host-log] (local-1) [host] [2026-10-02 19:29:26.894] [pid:26520] [zcode-host] [rpc:call] window-controller.listTaskList OK (0.7ms)
[2026-10-02 19:29:26.896] [pid:2560] [main] [host-log] (local-1) [host] [2026-10-02 19:29:26.894] [pid:26520] [zcode-host] [rpc:call] window-controller.listTaskList OK (0.1ms)
[2026-10-02 19:29:27.189] [pid:2560] [main] [host-log] (local-1) [host] [2026-10-02 19:29:27.188] [pid:26520] [settingService] writing settings to: E:\Xiadie\Xiadie\.runtime\P01\u08-no-key-1790940517353035900\home\.zcode\v2\setting.json {"recentProjects":["E:\\Xiadie\\Xiadie\\.runtime\\P01\\u08-no-key-1790940517353035900\\workspace"],"locale":"zh-CN","localePreference":"en-US","terminalInheritSystemProfile":true,"embeddedBrowserAllowInsecureCertificates":false,"embeddedBrowserViewportPreference":{"mode":"normal","viewport":{"width":393,"height":852},"zoom":"fit"},"computerUseComposerEntryHidden":true,"taskAutoArchiveEnabled":false,"taskAutoArchiveOlderThanDays":7,"closeToTrayOnWindows":true,"closeToTrayOnWindowsMigrationInitialized":true,"keepAwakeWhileRunning":false,"desktopChromiumHardwareAccelerationEnabled":false,"messageStreamShowReasoning":true,"messageStreamShowReasoningMigrationInitialized":true,"messageStreamShowTodos":false,"toolGroupingExploreEnabled":true,"toolGroupingTerminalEnabled":true,"toolGroupingChangesEnabled":false,"zcodeInteractionBehavior":"queue","askUserQuestionAutoResolutionEnabled":true,"modelIoFullRetentionEnabled":false,"startPlanRecommendationDismissed":false,"providerFamilyConnectionSelections":{},"providerFamilyDomain":"zai","providerFamilyDomainUpdatedAt":1790940565856,"providerFamilyDomainMigrated":true,"nativeSearchEnhancementsEnabled":true,"memoryEnabled":false,"lastWorkspaceSession":[{"kind":"local","workspacePath":"E:\\Xiadie\\Xiadie\\.runtime\\P01\\u08-no-key-1790940517353035900\\workspace","workspacePurpose":"project"},{"kind":"local","workspacePath":"E:\\Xiadie\\Xiadie\\.runtime\\P01\\u08-no-key-1790940517353035900\\data\\.zcode\\workspace\\default","workspacePurpose":"conversation"}],"lastActiveTabIndex":0,"receivePreviewUpdates":false,"autoDownloadAndInstallUpdates":false,"skippedElectronUpdateVersions":{},"settingsSyncFirstRunPromptHandled":true}
[2026-10-02 19:29:27.194] [pid:2560] [main] [host-log] (local-1) [host] [2026-10-02 19:29:27.193] [pid:26520] [settingService] write done
[2026-10-02 19:29:27.195] [pid:2560] [main] [host-log] (local-1) [host] [2026-10-02 19:29:27.194] [pid:26520] [zcode-host] [rpc:call] setting.update OK (6.2ms)
[2026-10-02 19:29:27.905] [pid:2560] [main] [host-log] (local-1) [host] [2026-10-02 19:29:27.905] [pid:26520] [zcode-host] [rpc:call] system.info OK (0.0ms)
[2026-10-02 19:29:27.906] [pid:2560] [main] [host-log] (local-1) [host] [2026-10-02 19:29:27.906] [pid:26520] [zcode-host] [rpc:call] file-watcher.watch OK (0.9ms)
[2026-10-02 19:29:27.907] [pid:2560] [main] [host-log] (local-1) [host] [2026-10-02 19:29:27.907] [pid:26520] [zcode-host] [rpc:call] file-watcher.watch OK (0.5ms)
[2026-10-02 19:29:27.974] [pid:2560] [main] [host-log] (local-1) [host] [2026-10-02 19:29:27.973] [pid:26520] [zcode-host] [rpc:listen] file-watcher.onDynamicChange subscribed
[2026-10-02 19:29:27.975] [pid:2560] [main] [host-log] (local-1) [host] [2026-10-02 19:29:27.973] [pid:26520] [zcode-host] [rpc:listen] file-watcher.onDynamicChange subscribed
[2026-10-02 19:29:27.975] [pid:2560] [main] [host-log] (local-1) [host] [2026-10-02 19:29:27.974] [pid:26520] [zcode-host] [rpc:call] file-watcher.unwatch OK (0.1ms)
[2026-10-02 19:29:27.976] [pid:2560] [main] [host-log] (local-1) [host] [2026-10-02 19:29:27.974] [pid:26520] [zcode-host] [rpc:call] file-watcher.unwatch OK (0.0ms)
[2026-10-02 19:29:27.976] [pid:2560] [main] [host-log] (local-1) [host] [2026-10-02 19:29:27.974] [pid:26520] [zcode-host] [rpc:call] file-watcher.watch OK (0.5ms)
[2026-10-02 19:29:27.976] [pid:2560] [main] [host-log] (local-1) [host] [2026-10-02 19:29:27.975] [pid:26520] [zcode-host] [rpc:call] file-watcher.watch OK (0.4ms)
[2026-10-02 19:29:27.977] [pid:2560] [main] [host-log] (local-1) [host] [2026-10-02 19:29:27.975] [pid:26520] [zcode-host] [rpc:call] file-watcher.watch OK (0.3ms)
[2026-10-02 19:29:27.977] [pid:2560] [main] [host-log] (local-1) [host] [2026-10-02 19:29:27.976] [pid:26520] [zcode-host] [rpc:listen] file-watcher.onDynamicChange subscribed
[2026-10-02 19:29:27.978] [pid:2560] [main] [host-log] (local-1) [host] [2026-10-02 19:29:27.977] [pid:26520] [zcode-host] [rpc:listen] file-watcher.onDynamicChange subscribed
[2026-10-02 19:29:27.978] [pid:2560] [main] [host-log] (local-1) [host] [2026-10-02 19:29:27.977] [pid:26520] [zcode-host] [rpc:listen] file-watcher.onDynamicChange subscribed
[2026-10-02 19:29:28.204] [pid:2560] [main] [host-log] (local-1) [host] [2026-10-02 19:29:28.204] [pid:26520] [settingService] writing settings to: E:\Xiadie\Xiadie\.runtime\P01\u08-no-key-1790940517353035900\home\.zcode\v2\setting.json {"recentProjects":["E:\\Xiadie\\Xiadie\\.runtime\\P01\\u08-no-key-1790940517353035900\\workspace"],"locale":"zh-CN","localePreference":"en-US","terminalInheritSystemProfile":true,"embeddedBrowserAllowInsecureCertificates":false,"embeddedBrowserViewportPreference":{"mode":"normal","viewport":{"width":393,"height":852},"zoom":"fit"},"computerUseComposerEntryHidden":true,"taskAutoArchiveEnabled":false,"taskAutoArchiveOlderThanDays":7,"closeToTrayOnWindows":true,"closeToTrayOnWindowsMigrationInitialized":true,"keepAwakeWhileRunning":false,"desktopChromiumHardwareAccelerationEnabled":false,"messageStreamShowReasoning":true,"messageStreamShowReasoningMigrationInitialized":true,"messageStreamShowTodos":false,"toolGroupingExploreEnabled":true,"toolGroupingTerminalEnabled":true,"toolGroupingChangesEnabled":false,"zcodeInteractionBehavior":"queue","askUserQuestionAutoResolutionEnabled":true,"modelIoFullRetentionEnabled":false,"startPlanRecommendationDismissed":false,"providerFamilyConnectionSelections":{},"providerFamilyDomain":"zai","providerFamilyDomainUpdatedAt":1790940565856,"providerFamilyDomainMigrated":true,"nativeSearchEnhancementsEnabled":true,"memoryEnabled":false,"lastWorkspaceSession":[{"kind":"local","workspacePath":"E:\\Xiadie\\Xiadie\\.runtime\\P01\\u08-no-key-1790940517353035900\\workspace","workspacePurpose":"project"},{"kind":"local","workspacePath":"E:\\Xiadie\\Xiadie\\.runtime\\P01\\u08-no-key-1790940517353035900\\data\\.zcode\\workspace\\default","workspacePurpose":"conversation"}],"lastActiveTabIndex":0,"receivePreviewUpdates":false,"autoDownloadAndInstallUpdates":false,"skippedElectronUpdateVersions":{},"settingsSyncFirstRunPromptHandled":true}
[2026-10-02 19:29:28.208] [pid:2560] [main] [host-log] (local-1) [host] [2026-10-02 19:29:28.208] [pid:26520] [settingService] write done
[2026-10-02 19:29:28.209] [pid:2560] [main] [host-log] (local-1) [host] [2026-10-02 19:29:28.208] [pid:26520] [zcode-host] [rpc:call] setting.update OK (5.4ms)
[2026-10-02 19:29:30.071] [pid:2560] [main] [host-log] (local-1) [host] [2026-10-02 19:29:29.943] [pid:26520] [zcode-host] [rpc:call] zcode-task.getTaskSessionFilePath OK (0.1ms)
[2026-10-02 19:29:30.072] [pid:2560] [renderer] v4 conversation store connect started {
  event: 'v4.conversation.store.connect.started',
  generation: 1,
  hasBase: false,
  module: 'ui.v4.conversation_projection_store',
  status: 'started',
  topic: 'conversation/6ddec092-395d-499b-861f-05bf80b1f2ed'
}
[2026-10-02 19:29:30.072] [pid:2560] [renderer] v4 conversation subscription started {
  workspaceKey: 'E:\\Xiadie\\Xiadie\\.runtime\\P01\\u08-no-key-1790940517353035900\\workspace',
  workspacePath: 'E:\\Xiadie\\Xiadie\\.runtime\\P01\\u08-no-key-1790940517353035900\\workspace',
  event: 'v4.conversation.subscribe.started',
  module: 'ui.v4.conversation_transport',
  runtimeGeneration: 0,
  sessionId: '6ddec092-395d-499b-861f-05bf80b1f2ed',
  status: 'started',
  topic: 'conversation/6ddec092-395d-499b-861f-05bf80b1f2ed'
}
[2026-10-02 19:29:30.072] [pid:2560] [renderer] v4 session data lease acquired {
  event: 'v4.session_data.acquire',
  keepWarm: false,
  module: 'ui.v4.session_data_layer',
  openKind: 'cold',
  refCount: 1,
  sessionId: '6ddec092-395d-499b-861f-05bf80b1f2ed',
  status: 'completed',
  topic: 'conversation/6ddec092-395d-499b-861f-05bf80b1f2ed'
}
[2026-10-02 19:29:30.073] [pid:2560] [main] [host-log] (local-1) [host] [2026-10-02 19:29:29.944] [pid:26520] [zcode-host] [rpc:call] zcode-task.getTaskNativeSessionLogFile OK (0.4ms)
[2026-10-02 19:29:30.074] [pid:2560] [main] [host-log] (local-1) [host] [2026-10-02 19:29:29.944] [pid:26520] [zcode-agent-service] 开始请求 ZCode Protocol workspace/readPresentation {"workspaceKey":"E:\\Xiadie\\Xiadie\\.runtime\\P01\\u08-no-key-1790940517353035900\\workspace","workspacePath":"E:\\Xiadie\\Xiadie\\.runtime\\P01\\u08-no-key-1790940517353035900\\workspace"}
[2026-10-02 19:29:30.075] [pid:2560] [main] [host-log] (local-1) [host] [2026-10-02 19:29:29.945] [pid:26520] [zcode-host] [rpc:listen] zcode-agent.onAgentRuntimeRestarted subscribed
[2026-10-02 19:29:30.076] [pid:2560] [main] [host-log] (local-1) [host] [2026-10-02 19:29:29.946] [pid:26520] [zcode-host] [rpc:call] zcode-task.getTaskNativeSessionLogFile OK (0.2ms)
[2026-10-02 19:29:30.077] [pid:2560] [main] [host-log] (local-1) [host] [2026-10-02 19:29:29.946] [pid:26520] [zcode-host] [rpc:call] zcode-task.getTaskSessionFilePath OK (0.0ms)
[2026-10-02 19:29:30.077] [pid:2560] [main] [host-log] (local-1) [host] [2026-10-02 19:29:29.967] [pid:26520] [zcode-agent-service] account provider config 已交付到 ZCode agent {"providerCount":8,"reason":"workspace_read_presentation","receivedRevision":"account:[\"zcode-builtin:30:05a22f3fcb1c5561a8aae9124de30f9c9adf5ffc4cdd0adcbf91abd1354d3bb2\",[{\"providerId\":\"account:zai-individual-coding-plan\",\"config\":{\"access\":{\"type\":\"zhipu-account\",\"entitled\":false}}},{\"providerId\":\"account:zai-team-coding-plan\",\"config\":{\"access\":{\"type\":\"zhipu-account\",\"entitled\":false}}},{\"providerId\":\"account:zai-start-plan\",\"config\":{\"access\":{\"type\":\"zhipu-account\",\"entitled\":false}}},{\"providerId\":\"account:bigmodel-individual-coding-plan\",\"config\":{\"access\":{\"type\":\"zhipu-account\",\"entitled\":false}}},{\"providerId\":\"account:bigmodel-team-coding-plan\",\"config\":{\"access\":{\"type\":\"zhipu-account\",\"entitled\":false}}},{\"providerId\":\"account:bigmodel-start-plan\",\"config\":{\"access\":{\"type\":\"zhipu-account\",\"entitled\":false}}},{\"providerId\":\"account:zai-offpeak-idle-plan\",\"config\":{\"access\":{\"type\":\"zhipu-account\",\"entitled\":false}}},{\"providerId\":\"account:bigmodel-offpeak-idle-plan\",\"config\":{\"access\":{\"type\":\"zhipu-account\",\"entitled\":false}}}],{\"account:zai-individual-coding-plan\":{\"availability\":\"unavailable\",\"entitled\":false,\"unavailableReason\":\"not-connected\",\"current\":false,\"connectionKey\":\"41717a7a173a5e88981ed3b30d6c754715277dce3b302a8e7b1386cdf57b9b4c\"},\"account:zai-team-coding-plan\":{\"availability\":\"unavailable\",\"entitled\":false,\"unavailableReason\":\"not-connected\",\"current\":false,\"connectionKey\":\"41717a7a173a5e88981ed3b30d6c754715277dce3b302a8e7b1386cdf57b9b4c\"},\"account:zai-start-plan\":{\"availability\":\"unavailable\",\"entitled\":false,\"unavailableReason\":\"not-connected\",\"current\":false,\"connectionKey\":\"b20a8f39ea1865b9bdbc4f21e0774500034895a93cdf0c737917b6532ebedcea\"},\"account:bigmodel-individual-coding-plan\":{\"availability\":\"unavailable\",\"entitled\":false,\"unavailableReason\":\"not-connected\",\"current\":false,\"connectionKey\":\"145736c8450a04bf4ba21aee47794f53d87ea79c5dc4cc5b9f27fbf5b6038d53\"},\"account:bigmodel-team-coding-plan\":{\"availability\":\"unavailable\",\"entitled\":false,\"unavailableReason\":\"not-connected\",\"current\":false,\"connectionKey\":\"145736c8450a04bf4ba21aee47794f53d87ea79c5dc4cc5b9f27fbf5b6038d53\"},\"account:bigmodel-start-plan\":{\"availability\":\"unavailable\",\"entitled\":false,\"unavailableReason\":\"not-connected\",\"current\":false,\"connectionKey\":\"116fde2fcda0bb10f88164a63caadb0a0ec8611edcf75b35a9924684f9ba84bd\"},\"account:zai-offpeak-idle-plan\":{\"availability\":\"unavailable\",\"entitled\":false},\"account:bigmodel-offpeak-idle-plan\":{\"availability\":\"unavailable\",\"entitled\":false}}]","status":"received"}
[2026-10-02 19:29:30.243] [pid:2560] [main] [host-log] (local-1) [host] [2026-10-02 19:29:30.242] [pid:26520] [settingService] writing settings to: E:\Xiadie\Xiadie\.runtime\P01\u08-no-key-1790940517353035900\home\.zcode\v2\setting.json {"recentProjects":["E:\\Xiadie\\Xiadie\\.runtime\\P01\\u08-no-key-1790940517353035900\\workspace"],"locale":"zh-CN","localePreference":"en-US","terminalInheritSystemProfile":true,"embeddedBrowserAllowInsecureCertificates":false,"embeddedBrowserViewportPreference":{"mode":"normal","viewport":{"width":393,"height":852},"zoom":"fit"},"computerUseComposerEntryHidden":true,"taskAutoArchiveEnabled":false,"taskAutoArchiveOlderThanDays":7,"closeToTrayOnWindows":true,"closeToTrayOnWindowsMigrationInitialized":true,"keepAwakeWhileRunning":false,"desktopChromiumHardwareAccelerationEnabled":false,"messageStreamShowReasoning":true,"messageStreamShowReasoningMigrationInitialized":true,"messageStreamShowTodos":false,"toolGroupingExploreEnabled":true,"toolGroupingTerminalEnabled":true,"toolGroupingChangesEnabled":false,"zcodeInteractionBehavior":"queue","askUserQuestionAutoResolutionEnabled":true,"modelIoFullRetentionEnabled":false,"startPlanRecommendationDismissed":false,"providerFamilyConnectionSelections":{},"providerFamilyDomain":"zai","providerFamilyDomainUpdatedAt":1790940565856,"providerFamilyDomainMigrated":true,"nativeSearchEnhancementsEnabled":true,"memoryEnabled":false,"lastWorkspaceSession":[{"kind":"local","workspacePath":"E:\\Xiadie\\Xiadie\\.runtime\\P01\\u08-no-key-1790940517353035900\\workspace","workspacePurpose":"project"},{"kind":"local","workspacePath":"E:\\Xiadie\\Xiadie\\.runtime\\P01\\u08-no-key-1790940517353035900\\data\\.zcode\\workspace\\default","workspacePurpose":"conversation"}],"lastActiveTabIndex":0,"receivePreviewUpdates":false,"autoDownloadAndInstallUpdates":false,"skippedElectronUpdateVersions":{},"settingsSyncFirstRunPromptHandled":true}
[2026-10-02 19:29:30.247] [pid:2560] [main] [host-log] (local-1) [host] [2026-10-02 19:29:30.247] [pid:26520] [settingService] write done
[2026-10-02 19:29:30.249] [pid:2560] [main] [host-log] (local-1) [host] [2026-10-02 19:29:30.247] [pid:26520] [zcode-host] [rpc:call] setting.update OK (5.6ms)
[2026-10-02 19:29:30.426] [pid:2560] [main] [host-log] (local-1) [host] [2026-10-02 19:29:30.425] [pid:26520] [zcode-host] [rpc:call] zcode-agent.conversationWorkflowRunsV4 OK (470.4ms)
[2026-10-02 19:29:30.432] [pid:2560] [main] [host-log] (local-1) [host] [2026-10-02 19:29:30.431] [pid:26520] [zcode-agent-service] ZCode Protocol workspace/readPresentation 完成 {"durationMs":487,"slashCommandCount":4,"workspaceKey":"E:\\Xiadie\\Xiadie\\.runtime\\P01\\u08-no-key-1790940517353035900\\workspace","workspacePath":"E:\\Xiadie\\Xiadie\\.runtime\\P01\\u08-no-key-1790940517353035900\\workspace"}
[2026-10-02 19:29:30.433] [pid:2560] [main] [host-log] (local-1) [host] [2026-10-02 19:29:30.431] [pid:26520] [zcode-host] [rpc:call] zcode-session.readWorkspacePresentation OK (487.2ms)
[2026-10-02 19:29:30.442] [pid:2560] [main] [host-log] (local-1) [host] [2026-10-02 19:29:30.442] [pid:26520] [zcode-host] [rpc:call] zcode-agent.subscribeConversationV4 OK (486.9ms)
[2026-10-02 19:29:30.446] [pid:2560] [renderer] v4 conversation subscription acknowledged {
  workspaceKey: 'E:\\Xiadie\\Xiadie\\.runtime\\P01\\u08-no-key-1790940517353035900\\workspace',
  workspacePath: 'E:\\Xiadie\\Xiadie\\.runtime\\P01\\u08-no-key-1790940517353035900\\workspace',
  durationMs: 501,
  event: 'v4.conversation.subscribe.acknowledged',
  module: 'ui.v4.conversation_transport',
  runtimeGeneration: 0,
  sessionId: '6ddec092-395d-499b-861f-05bf80b1f2ed',
  status: 'completed',
  subscriptionId: 'sub-muqvrwab-uthihsnn-1',
  topic: 'conversation/6ddec092-395d-499b-861f-05bf80b1f2ed'
}
[2026-10-02 19:29:30.451] [pid:2560] [renderer] v4 conversation subscription activated {
  workspaceKey: 'E:\\Xiadie\\Xiadie\\.runtime\\P01\\u08-no-key-1790940517353035900\\workspace',
  workspacePath: 'E:\\Xiadie\\Xiadie\\.runtime\\P01\\u08-no-key-1790940517353035900\\workspace',
  event: 'v4.conversation.subscribe.activated',
  module: 'ui.v4.conversation_transport',
  runtimeGeneration: 0,
  status: 'completed',
  subscriptionId: 'sub-muqvrwab-uthihsnn-1',
  topic: 'conversation/6ddec092-395d-499b-861f-05bf80b1f2ed'
}
[2026-10-02 19:29:30.452] [pid:2560] [renderer] v4 conversation store connect completed {
  durationMs: 507,
  event: 'v4.conversation.store.connect.completed',
  generation: 1,
  logEpoch: 'muqvrwab-uthihsnn',
  mode: 'snapshot',
  module: 'ui.v4.conversation_projection_store',
  status: 'completed',
  subscriptionId: 'sub-muqvrwab-uthihsnn-1',
  topic: 'conversation/6ddec092-395d-499b-861f-05bf80b1f2ed'
}
[2026-10-02 19:29:30.489] [pid:2560] [main] [host-log] (local-1) [host] [2026-10-02 19:29:30.489] [pid:26520] [zcode-host] [rpc:call] zcode-agent.conversationPlansV4 OK (2.5ms)
[2026-10-02 19:29:31.243] [pid:2560] [main] [host-log] (local-1) [host] [2026-10-02 19:29:31.242] [pid:26520] [settingService] writing settings to: E:\Xiadie\Xiadie\.runtime\P01\u08-no-key-1790940517353035900\home\.zcode\v2\setting.json {"recentProjects":["E:\\Xiadie\\Xiadie\\.runtime\\P01\\u08-no-key-1790940517353035900\\workspace"],"locale":"zh-CN","localePreference":"en-US","terminalInheritSystemProfile":true,"embeddedBrowserAllowInsecureCertificates":false,"embeddedBrowserViewportPreference":{"mode":"normal","viewport":{"width":393,"height":852},"zoom":"fit"},"computerUseComposerEntryHidden":true,"taskAutoArchiveEnabled":false,"taskAutoArchiveOlderThanDays":7,"closeToTrayOnWindows":true,"closeToTrayOnWindowsMigrationInitialized":true,"keepAwakeWhileRunning":false,"desktopChromiumHardwareAccelerationEnabled":false,"messageStreamShowReasoning":true,"messageStreamShowReasoningMigrationInitialized":true,"messageStreamShowTodos":false,"toolGroupingExploreEnabled":true,"toolGroupingTerminalEnabled":true,"toolGroupingChangesEnabled":false,"zcodeInteractionBehavior":"queue","askUserQuestionAutoResolutionEnabled":true,"modelIoFullRetentionEnabled":false,"startPlanRecommendationDismissed":false,"providerFamilyConnectionSelections":{},"providerFamilyDomain":"zai","providerFamilyDomainUpdatedAt":1790940565856,"providerFamilyDomainMigrated":true,"nativeSearchEnhancementsEnabled":true,"memoryEnabled":false,"lastWorkspaceSession":[{"kind":"local","workspacePath":"E:\\Xiadie\\Xiadie\\.runtime\\P01\\u08-no-key-1790940517353035900\\workspace","workspacePurpose":"project"},{"kind":"local","workspacePath":"E:\\Xiadie\\Xiadie\\.runtime\\P01\\u08-no-key-1790940517353035900\\data\\.zcode\\workspace\\default","workspacePurpose":"conversation"}],"lastActiveTabIndex":0,"receivePreviewUpdates":false,"autoDownloadAndInstallUpdates":false,"skippedElectronUpdateVersions":{},"settingsSyncFirstRunPromptHandled":true}
[2026-10-02 19:29:31.247] [pid:2560] [main] [host-log] (local-1) [host] [2026-10-02 19:29:31.247] [pid:26520] [settingService] write done
[2026-10-02 19:29:31.248] [pid:2560] [main] [host-log] (local-1) [host] [2026-10-02 19:29:31.247] [pid:26520] [zcode-host] [rpc:call] setting.update OK (5.3ms)
[2026-10-02 19:29:32.661] [pid:2560] [main] [app-quit] forceQuit enabled (app-before-quit)
[2026-10-02 19:29:32.662] [pid:2560] [main] [stability] perf_app_exit reported { scene: 'app_quit', exitCode: 0 }
[2026-10-02 19:29:32.663] [pid:2560] [main] [app-quit] waiting for host process cleanup (app-before-quit), kind=normal, hosts=1, forceKillDelayMs=4000, waitTimeoutMs=4500
[2026-10-02 19:29:32.664] [pid:2560] [main] [disposeHostProcess] disposing host process (app-before-quit-1), pid=26520
[2026-10-02 19:29:32.665] [pid:2560] [main] [host-log] (local-1) [host] [2026-10-02 19:29:32.665] [pid:26520] [zcode-host] disposing host resources, reason=parent dispose
[2026-10-02 19:29:32.694] [pid:2560] [main] [host-log] (local-1) [host] [2026-10-02 19:29:32.693] [pid:26520] [zcode-agent] ZCode agent process exited {"workspaceKey":"E:\\Xiadie\\Xiadie\\.runtime\\P01\\u08-no-key-1790940517353035900\\workspace","pid":51584,"runtimeIdentity":"E:\\Xiadie\\Xiadie\\.runtime\\P01\\u08-no-key-1790940517353035900\\workspace:1:51584","code":0,"signal":null,"terminationKind":"expected","terminationReason":"manager-dispose"}
[2026-10-02 19:29:32.695] [pid:2560] [main] [host-log] (local-1) [host] [2026-10-02 19:29:32.694] [pid:26520] [zcode-agent] ZCode agent process cleanup completed {"workspaceKey":"E:\\Xiadie\\Xiadie\\.runtime\\P01\\u08-no-key-1790940517353035900\\workspace","pid":51584,"runtimeIdentity":"E:\\Xiadie\\Xiadie\\.runtime\\P01\\u08-no-key-1790940517353035900\\workspace:1:51584","reason":"manager-dispose"}
[2026-10-02 19:29:32.697] [pid:2560] [main] [task-realtime] unregistered host { hostId: '72a3a187-02c2-48b4-9b07-faab52d627c3', windowId: 1 }
[2026-10-02 19:29:32.698] [pid:2560] [main] [spawnHostProcess] host process (local-1) exited with code 0
[2026-10-02 19:29:34.169] [pid:2560] [main] [app-quit] host process cleanup completed (app-before-quit)
[2026-10-02 19:29:34.170] [pid:2560] [main] [app-quit] preparation finished, resuming quit with windows=1
[2026-10-02 19:29:34.175] [pid:2560] [main] [createWindow] window closed, killing host process (local-1)
[2026-10-02 19:29:34.176] [pid:2560] [main] [app-quit] all windows closed after preparation, exiting app
[2026-10-02 19:29:34.176] [pid:2560] [main] [app-quit] exiting prepared app (all-windows-closed-after-preparation)
