[2026-10-02 19:02:01.821] [pid:9192] [main] [open-folder] Windows Explorer 右键菜单已安装或更新 {
  executablePath: 'E:\\Xiadie\\Xiadie\\.runtime\\P01\\desktop-source\\node_modules\\electron\\dist\\electron.exe',
  hasDefaultAppEntry: true,
  locale: 'zh-CN'
}
[2026-10-02 19:02:01.823] [pid:9192] [main] [desktop-network] renderer proxy mode=direct bypass=disabled customCa=disabled insecureCerts=rejected
[2026-10-02 19:02:01.824] [pid:9192] [main] [desktop-network] renderer proxy mode=system bypass=disabled customCa=disabled insecureCerts=rejected
[2026-10-02 19:02:01.825] [pid:9192] [main] [auto-update] disabled for this desktop product flavor
[2026-10-02 19:02:01.850] [pid:9192] [main] [resource] sampling started interval=10000ms report=60000ms
[2026-10-02 19:02:01.851] [pid:9192] [main] [network] reporting started interval=60000ms
[2026-10-02 19:02:01.852] [pid:9192] [main] [force-update] Preview 跳过远端强制升级检查
[2026-10-02 19:02:01.852] [pid:9192] [main] [startup] 创建主窗口
[2026-10-02 19:02:01.852] [pid:9192] [main] [primary-window] creating main window (app-ready)
[2026-10-02 19:02:01.855] [pid:9192] [main] [startup-workspace] using explicit open workspace: E:\Xiadie\Xiadie\.runtime\P01\u08-no-key-1790938916163132300\workspace
[2026-10-02 19:02:02.585] [pid:9192] [main] [createWindow] dom-ready fired (local-1)
[2026-10-02 19:02:02.594] [pid:9192] [main] [desktop-context-prompt] first host spawn decision resolved { enabled: false, configVersion: undefined }
[2026-10-02 19:02:02.597] [pid:9192] [main] [spawnHostProcess] forked host process for (local-1), pid=undefined
[2026-10-02 19:02:02.598] [pid:9192] [main] [spawnHostProcess] host module path: E:\Xiadie\Xiadie\.runtime\P01\u08-desktop-06\packages\desktop\out\host\index.js
[2026-10-02 19:02:02.598] [pid:9192] [main] [spawnHostProcess] glm binary path: <not found>
[2026-10-02 19:02:02.598] [pid:9192] [main] [spawnHostProcess] BIGMODEL_OAUTH_APP_SECRET source: fallback
[2026-10-02 19:02:02.599] [pid:9192] [main] [task-realtime] registered host {
  hostId: '44f798ef-c6c6-4e0f-8d05-dacc172db73f',
  windowId: 1,
  workspaceKeyCount: 0,
  deliveryKind: 'desktop_window'
}
[2026-10-02 19:02:04.839] [pid:9192] [main] [host-log] (local-1) [host] [2026-10-02 19:02:04.839] [pid:20876] [zcode-host] initializing local services
[2026-10-02 19:02:04.932] [pid:9192] [main] [host-log] (local-1) [host] [2026-10-02 19:02:04.932] [pid:20876] [cua-pip-session] [cua-pip-session] wiring resolved {"enabled":false,"platform":"win32","serviceAuthorityMode":"desktop-local","lifecycleWired":true}
[2026-10-02 19:02:04.937] [pid:9192] [main] [host-log] (local-1) [host] [2026-10-02 19:02:04.937] [pid:20876] [zcode-agent-service] 开始初始化 ZCode agent {"workspaceKey":"E:\\Xiadie\\Xiadie\\.runtime\\P01\\u08-no-key-1790938916163132300\\workspace","workspacePath":"E:\\Xiadie\\Xiadie\\.runtime\\P01\\u08-no-key-1790938916163132300\\workspace"}
[2026-10-02 19:02:04.938] [pid:9192] [main] [host-log] (local-1) [host] [2026-10-02 19:02:04.937] [pid:20876] [zcode-host] exposing services on ChannelServer...
[2026-10-02 19:02:04.938] [pid:9192] [main] [host-log] (local-1) [host] [2026-10-02 19:02:04.938] [pid:20876] [zcode-host] creating ChannelServer (deferInit=false)
[2026-10-02 19:02:04.939] [pid:9192] [main] [host-log] (local-1) [host] [2026-10-02 19:02:04.938] [pid:20876] [zcode-host] [rpc:register] channel "file"
[2026-10-02 19:02:04.939] [pid:9192] [main] [host-log] (local-1) [host] [2026-10-02 19:02:04.938] [pid:20876] [zcode-host] [rpc:register] channel "media-preview"
[2026-10-02 19:02:04.940] [pid:9192] [main] [host-log] (local-1) [host] [2026-10-02 19:02:04.938] [pid:20876] [zcode-host] [rpc:register] channel "git"
[2026-10-02 19:02:04.941] [pid:9192] [main] [host-log] (local-1) [host] [2026-10-02 19:02:04.938] [pid:20876] [zcode-host] [rpc:register] channel "git-checkpoint"
[2026-10-02 19:02:04.942] [pid:9192] [main] [host-log] (local-1) [host] [2026-10-02 19:02:04.938] [pid:20876] [zcode-host] [rpc:register] channel "system"
[2026-10-02 19:02:04.942] [pid:9192] [main] [host-log] (local-1) [host] [2026-10-02 19:02:04.939] [pid:20876] [zcode-host] [rpc:register] channel "terminal"
[2026-10-02 19:02:04.943] [pid:9192] [main] [host-log] (local-1) [host] [2026-10-02 19:02:04.939] [pid:20876] [zcode-host] [rpc:register] channel "setting"
[2026-10-02 19:02:04.943] [pid:9192] [main] [host-log] (local-1) [host] [2026-10-02 19:02:04.939] [pid:20876] [zcode-host] [rpc:register] channel "onboarding-record"
[2026-10-02 19:02:04.944] [pid:9192] [main] [host-log] (local-1) [host] [2026-10-02 19:02:04.939] [pid:20876] [zcode-host] [rpc:register] channel "credential"
[2026-10-02 19:02:04.945] [pid:9192] [main] [host-log] (local-1) [host] [2026-10-02 19:02:04.939] [pid:20876] [zcode-host] [rpc:register] channel "broadcast"
[2026-10-02 19:02:04.946] [pid:9192] [main] [host-log] (local-1) [host] [2026-10-02 19:02:04.939] [pid:20876] [zcode-host] [rpc:register] channel "zcode-task"
[2026-10-02 19:02:04.946] [pid:9192] [main] [host-log] (local-1) [host] [2026-10-02 19:02:04.939] [pid:20876] [zcode-host] [rpc:register] channel "zcode-agent"
[2026-10-02 19:02:04.947] [pid:9192] [main] [host-log] (local-1) [host] [2026-10-02 19:02:04.939] [pid:20876] [zcode-host] [rpc:register] channel "zcode-session"
[2026-10-02 19:02:04.947] [pid:9192] [main] [host-log] (local-1) [host] [2026-10-02 19:02:04.939] [pid:20876] [zcode-host] [rpc:register] channel "cua-permission"
[2026-10-02 19:02:04.948] [pid:9192] [main] [host-log] (local-1) [host] [2026-10-02 19:02:04.939] [pid:20876] [zcode-host] [rpc:register] channel "cua-pip-session"
[2026-10-02 19:02:04.949] [pid:9192] [main] [host-log] (local-1) [host] [2026-10-02 19:02:04.939] [pid:20876] [zcode-host] [rpc:register] channel "conversation-share"
[2026-10-02 19:02:04.949] [pid:9192] [main] [host-log] (local-1) [host] [2026-10-02 19:02:04.939] [pid:20876] [zcode-host] [rpc:register] channel "bots"
[2026-10-02 19:02:04.950] [pid:9192] [main] [host-log] (local-1) [host] [2026-10-02 19:02:04.939] [pid:20876] [zcode-host] [rpc:register] channel "file-watcher"
[2026-10-02 19:02:04.951] [pid:9192] [main] [host-log] (local-1) [host] [2026-10-02 19:02:04.939] [pid:20876] [zcode-host] [rpc:register] channel "oauth"
[2026-10-02 19:02:04.951] [pid:9192] [main] [host-log] (local-1) [host] [2026-10-02 19:02:04.939] [pid:20876] [zcode-host] [rpc:register] channel "usage-stats"
[2026-10-02 19:02:04.952] [pid:9192] [main] [host-log] (local-1) [host] [2026-10-02 19:02:04.939] [pid:20876] [zcode-host] [rpc:register] channel "coding-plan-subscription"
[2026-10-02 19:02:04.952] [pid:9192] [main] [host-log] (local-1) [host] [2026-10-02 19:02:04.939] [pid:20876] [zcode-host] [rpc:register] channel "client-config"
[2026-10-02 19:02:04.953] [pid:9192] [main] [host-log] (local-1) [host] [2026-10-02 19:02:04.940] [pid:20876] [zcode-host] [rpc:register] channel "client-scenes"
[2026-10-02 19:02:04.954] [pid:9192] [main] [host-log] (local-1) [host] [2026-10-02 19:02:04.940] [pid:20876] [zcode-host] [rpc:register] channel "off-peak-task"
[2026-10-02 19:02:04.954] [pid:9192] [main] [host-log] (local-1) [host] [2026-10-02 19:02:04.940] [pid:20876] [zcode-host] [rpc:register] channel "skills"
[2026-10-02 19:02:04.955] [pid:9192] [main] [host-log] (local-1) [host] [2026-10-02 19:02:04.940] [pid:20876] [zcode-host] [rpc:register] channel "skill-sync"
[2026-10-02 19:02:04.955] [pid:9192] [main] [host-log] (local-1) [host] [2026-10-02 19:02:04.940] [pid:20876] [zcode-host] [rpc:register] channel "mcp-sync"
[2026-10-02 19:02:04.956] [pid:9192] [main] [host-log] (local-1) [host] [2026-10-02 19:02:04.940] [pid:20876] [zcode-host] [rpc:register] channel "plugin-sync"
[2026-10-02 19:02:04.957] [pid:9192] [main] [host-log] (local-1) [host] [2026-10-02 19:02:04.940] [pid:20876] [zcode-host] [rpc:register] channel "plugins"
[2026-10-02 19:02:04.957] [pid:9192] [main] [host-log] (local-1) [host] [2026-10-02 19:02:04.940] [pid:20876] [zcode-host] [rpc:register] channel "plugin-management"
[2026-10-02 19:02:04.958] [pid:9192] [main] [host-log] (local-1) [host] [2026-10-02 19:02:04.940] [pid:20876] [zcode-host] [rpc:register] channel "subagents"
[2026-10-02 19:02:04.959] [pid:9192] [main] [host-log] (local-1) [host] [2026-10-02 19:02:04.940] [pid:20876] [zcode-host] [rpc:register] channel "commands"
[2026-10-02 19:02:04.959] [pid:9192] [main] [host-log] (local-1) [host] [2026-10-02 19:02:04.940] [pid:20876] [zcode-host] [rpc:register] channel "hooks"
[2026-10-02 19:02:04.960] [pid:9192] [main] [host-log] (local-1) [host] [2026-10-02 19:02:04.940] [pid:20876] [zcode-host] [rpc:register] channel "memory"
[2026-10-02 19:02:04.960] [pid:9192] [main] [host-log] (local-1) [host] [2026-10-02 19:02:04.940] [pid:20876] [zcode-host] [rpc:register] channel "settings-sync"
[2026-10-02 19:02:04.961] [pid:9192] [main] [host-log] (local-1) [host] [2026-10-02 19:02:04.940] [pid:20876] [zcode-host] [rpc:register] channel "feedback"
[2026-10-02 19:02:04.961] [pid:9192] [main] [host-log] (local-1) [host] [2026-10-02 19:02:04.940] [pid:20876] [zcode-host] [rpc:register] channel "prompt-attachment-transfer"
[2026-10-02 19:02:04.962] [pid:9192] [main] [host-log] (local-1) [host] [2026-10-02 19:02:04.940] [pid:20876] [zcode-host] [rpc:register] channel "provider-settings"
[2026-10-02 19:02:04.963] [pid:9192] [main] [host-log] (local-1) [host] [2026-10-02 19:02:04.940] [pid:20876] [zcode-host] [rpc:register] channel "model-selection"
[2026-10-02 19:02:04.963] [pid:9192] [main] [host-log] (local-1) [host] [2026-10-02 19:02:04.940] [pid:20876] [zcode-host] [rpc:register] channel "window-controller"
[2026-10-02 19:02:04.964] [pid:9192] [main] [host-log] (local-1) [host] [2026-10-02 19:02:04.940] [pid:20876] [zcode-host] service connection ready mode=desktop-continuous
[2026-10-02 19:02:04.965] [pid:9192] [main] [host-log] (local-1) [host] [2026-10-02 19:02:04.940] [pid:20876] [zcode-host] window Host topology, reason=base-attachment-ready, pid=20876, connections=0, logicalSessions=0, attachments=1
[2026-10-02 19:02:04.965] [pid:9192] [main] [host-log] (local-1) [host] [2026-10-02 19:02:04.940] [pid:20876] [zcode-host] local services ready, all channels registered
[2026-10-02 19:02:04.966] [pid:9192] [main] [database-startup] terminal {
  attemptId: '5ede035c-910a-421f-bea4-e8c362fcfd49',
  status: 'ready',
  durationMs: 1965,
  errorCode: undefined,
  disk: [
    {
      scopeId: 'df81e191609143170757a1d69e37b8a237e4ca4bd99588ddaf1f2f5467edaaaf',
      observedAvailableDropPeakBytes: 151552,
      minAvailableBytes: 274745057280,
      quality: 'complete',
      sampledAt: 1790938923815
    }
  ]
}
[2026-10-02 19:02:04.968] [pid:9192] [main] [cron-scheduler] forked scheduler process pid=undefined
[2026-10-02 19:02:04.972] [pid:9192] [main] [host-log] (local-1) [host] [2026-10-02 19:02:04.973] [pid:20876] [zcode-host] [rpc:listen] broadcast.onMessage subscribed
[2026-10-02 19:02:04.982] [pid:9192] [main] [host-log] (local-1) [host] [2026-10-02 19:02:04.982] [pid:20876] [zcode-host] [rpc:listen] zcode-agent.onDynamicCuaPermissionObservation subscribed
[2026-10-02 19:02:04.983] [pid:9192] [main] [host-log] (local-1) [host] [2026-10-02 19:02:04.983] [pid:20876] [zcode-host] [rpc:listen] model-selection.onDidChange subscribed
[2026-10-02 19:02:04.983] [pid:9192] [main] [host-log] (local-1) [host] [2026-10-02 19:02:04.983] [pid:20876] [zcode-host] [rpc:listen] broadcast.onMessage subscribed
[2026-10-02 19:02:04.984] [pid:9192] [main] [host-log] (local-1) [host] [2026-10-02 19:02:04.984] [pid:20876] [zcode-host] [rpc:listen] provider-settings.onDidChange subscribed
[2026-10-02 19:02:04.984] [pid:9192] [main] [host-log] (local-1) [host] [2026-10-02 19:02:04.984] [pid:20876] [zcode-host] [rpc:listen] broadcast.onMessage subscribed
[2026-10-02 19:02:04.985] [pid:9192] [main] [task-realtime] updated host workspace scopes {
  hostId: '44f798ef-c6c6-4e0f-8d05-dacc172db73f',
  workspaceKeyCount: 0
}
[2026-10-02 19:02:05.018] [pid:9192] [main] [host-log] (local-1) [host] [2026-10-02 19:02:04.985] [pid:20876] [zcode-host] [rpc:listen] provider-settings.onDidChange subscribed
[2026-10-02 19:02:05.068] [pid:9192] [main] [host-log] (local-1) [host] [2026-10-02 19:02:04.986] [pid:20876] [zcode-host] [rpc:listen] broadcast.onMessage subscribed
[2026-10-02 19:02:05.069] [pid:9192] [main] [host-log] (local-1) [host] [2026-10-02 19:02:04.986] [pid:20876] [zcode-host] [rpc:listen] broadcast.onMessage subscribed
[2026-10-02 19:02:05.069] [pid:9192] [main] [host-log] (local-1) [host] [2026-10-02 19:02:04.986] [pid:20876] [oauthService] restoreCachedSession skipped: no active provider
[2026-10-02 19:02:05.070] [pid:9192] [main] [host-log] (local-1) [host] [2026-10-02 19:02:04.986] [pid:20876] [zcode-host] [rpc:call] oauth.restoreCachedSessionState OK (1.2ms)
[2026-10-02 19:02:05.071] [pid:9192] [main] [host-log] (local-1) [host] [2026-10-02 19:02:04.991] [pid:20876] [zcode-host] [rpc:call] setting.get OK (6.9ms)
[2026-10-02 19:02:05.072] [pid:9192] [main] [host-log] (local-1) [host] [2026-10-02 19:02:04.991] [pid:20876] [zcode-host] [rpc:call] setting.get OK (8.0ms)
[2026-10-02 19:02:05.074] [pid:9192] [main] [host-log] (local-1) [host] [2026-10-02 19:02:04.995] [pid:20876] [zcode-host] [rpc:call] setting.get OK (9.1ms)
[2026-10-02 19:02:05.075] [pid:9192] [main] [host-log] (local-1) [host] [2026-10-02 19:02:05.003] [pid:20876] [zcode-host] [rpc:call] zcode-agent.syncAppRuntimePreferences OK (0.1ms)
[2026-10-02 19:02:05.075] [pid:9192] [main] [host-log] (local-1) [host] [2026-10-02 19:02:05.004] [pid:20876] [zcode-host] [rpc:call] bots.syncAppRuntimePreferences OK (0.1ms)
[2026-10-02 19:02:05.076] [pid:9192] [main] [host-log] (local-1) [host] [2026-10-02 19:02:05.004] [pid:20876] [zcode-host] [rpc:listen] zcode-agent.onDynamicCuaPermissionObservation subscribed
[2026-10-02 19:02:05.077] [pid:9192] [main] [host-log] (local-1) [host] [2026-10-02 19:02:05.004] [pid:20876] [zcode-host] [rpc:listen] broadcast.onMessage subscribed
[2026-10-02 19:02:05.077] [pid:9192] [main] [host-log] (local-1) [host] [2026-10-02 19:02:05.004] [pid:20876] [zcode-host] [rpc:call] oauth.getActiveProvider OK (12.1ms)
[2026-10-02 19:02:05.078] [pid:9192] [main] [host-log] (local-1) [host] [2026-10-02 19:02:05.004] [pid:20876] [oauthService] restoreCachedSession skipped: no active provider
[2026-10-02 19:02:05.079] [pid:9192] [main] [host-log] (local-1) [host] [2026-10-02 19:02:05.004] [pid:20876] [zcode-host] [rpc:call] oauth.restoreCachedSessionState OK (0.5ms)
[2026-10-02 19:02:05.081] [pid:9192] [main] [host-log] (local-1) [host] [2026-10-02 19:02:05.006] [pid:20876] [zcode-host] [rpc:call] coding-plan-subscription.getDynamicWorkflowClientConfig OK (23.4ms)
[2026-10-02 19:02:05.084] [pid:9192] [main] [open-folder] Windows Explorer 右键菜单已安装或更新 {
  executablePath: 'E:\\Xiadie\\Xiadie\\.runtime\\P01\\desktop-source\\node_modules\\electron\\dist\\electron.exe',
  hasDefaultAppEntry: true,
  locale: 'zh-CN'
}
[2026-10-02 19:02:05.097] [pid:9192] [main] [open-folder] Windows Explorer 右键菜单已安装或更新 {
  executablePath: 'E:\\Xiadie\\Xiadie\\.runtime\\P01\\desktop-source\\node_modules\\electron\\dist\\electron.exe',
  hasDefaultAppEntry: true,
  locale: 'en-US'
}
[2026-10-02 19:02:05.113] [pid:9192] [main] [cron-scheduler] scheduler process exited code=1
[2026-10-02 19:02:05.124] [pid:9192] [main] [crash-capture] child-process-gone: {
  type: 'Utility',
  reason: 'killed',
  exitCode: 1,
  serviceName: 'node.mojom.NodeService',
  name: 'zcode-cron-scheduler'
}
[2026-10-02 19:02:05.126] [pid:9192] [main] [stability] perf_process_exit reported {
  exit_code: 1,
  exit_reason: 'killed',
  process_role: 'utility',
  exit_kind: 'normal',
  process_type: 'Utility',
  process_name: 'node.mojom.NodeService'
}
[2026-10-02 19:02:05.153] [pid:9192] [main] [host-log] (local-1) [host] [2026-10-02 19:02:05.152] [pid:20876] [provider-runtime][trace:Provider Registry 已就绪] {"configRevision":"[\"zcode-builtin:30:0d0f81f218e8158e80dde70a98b1925bc1c7c73c6d42e1354ab5b9a2ba771bb1\",\"2915b997aefbd6c7fe8ccfc87153713dc11851987034eec5a515e9660ac81b0e\"]","providerCount":0}
[2026-10-02 19:02:05.153] [pid:9192] [main] [host-log] (local-1) [host] [2026-10-02 19:02:05.153] [pid:20876] [zcode-host] [rpc:call] provider-settings.getView OK (169.3ms)
[2026-10-02 19:02:05.154] [pid:9192] [main] [host-log] (local-1) [host] [2026-10-02 19:02:05.153] [pid:20876] [zcode-host] [rpc:call] provider-settings.getView OK (167.8ms)
[2026-10-02 19:02:05.155] [pid:9192] [main] [host-log] (local-1) [host] [2026-10-02 19:02:05.154] [pid:20876] [zcode-host] [rpc:call] model-selection.getView OK (171.3ms)
[2026-10-02 19:02:05.156] [pid:9192] [main] [host-log] (local-1) [host] [2026-10-02 19:02:05.155] [pid:20876] [zcode-host] [rpc:call] model-selection.getView OK (149.2ms)
[2026-10-02 19:02:05.156] [pid:9192] [main] [host-log] (local-1) [host] [2026-10-02 19:02:05.155] [pid:20876] [zcode-agent-service] provider/model 尚未就绪，ZCode agent 保持未启动 {"providerCount":0,"revision":"model-selection:1","workspaceKey":"E:\\Xiadie\\Xiadie\\.runtime\\P01\\u08-no-key-1790938916163132300\\workspace","workspacePath":"E:\\Xiadie\\Xiadie\\.runtime\\P01\\u08-no-key-1790938916163132300\\workspace"}
[2026-10-02 19:02:05.157] [pid:9192] [main] [host-log] (local-1) [host] [2026-10-02 19:02:05.157] [pid:20876] [zcode-agent] ZCode agent command resolved {"workspaceKey":"E:\\Xiadie\\Xiadie\\.runtime\\P01\\u08-no-key-1790938916163132300\\workspace","command":"E:\\Xiadie\\Xiadie\\.runtime\\P01\\desktop-source\\node_modules\\electron\\dist\\electron.exe","effectiveCommand":"E:\\Xiadie\\Xiadie\\.runtime\\P01\\desktop-source\\node_modules\\electron\\dist\\electron.exe","resolveCommandDurationMs":0}
[2026-10-02 19:02:05.181] [pid:9192] [main] [host-log] (local-1) [host] [2026-10-02 19:02:05.181] [pid:20876] [zcode-host] [rpc:call] credential.load OK (12.4ms)
[2026-10-02 19:02:05.183] [pid:9192] [main] [host-log] (local-1) [host] [2026-10-02 19:02:05.181] [pid:20876] [zcode-host] [rpc:call] credential.load OK (12.7ms)
[2026-10-02 19:02:05.184] [pid:9192] [main] [host-log] (local-1) [host] [2026-10-02 19:02:05.183] [pid:20876] [zcode-host] [rpc:call] setting.get OK (3.4ms)
[2026-10-02 19:02:05.185] [pid:9192] [main] [host-log] (local-1) [host] [2026-10-02 19:02:05.184] [pid:20876] [zcode-host] [rpc:call] oauth.getProviders OK (0.1ms)
[2026-10-02 19:02:05.186] [pid:9192] [main] [host-log] (local-1) [host] [2026-10-02 19:02:05.184] [pid:20876] [zcode-host] [rpc:call] oauth.getProviders OK (0.0ms)
[2026-10-02 19:02:05.187] [pid:9192] [main] [host-log] (local-1) [host] [2026-10-02 19:02:05.185] [pid:20876] [zcode-agent] ZCode agent spawn preflight {"workspaceKey":"E:\\Xiadie\\Xiadie\\.runtime\\P01\\u08-no-key-1790938916163132300\\workspace","spawnPreflight":{"command":"E:\\Xiadie\\Xiadie\\.runtime\\P01\\desktop-source\\node_modules\\electron\\dist\\electron.exe","args":["E:\\Xiadie\\Xiadie\\.runtime\\P01\\desktop-source\\apps\\zcode-cli\\packages\\cli\\dist\\zcode.cjs","app-server","--stdio"],"requestedCwd":"E:\\Xiadie\\Xiadie\\.runtime\\P01\\u08-no-key-1790938916163132300\\workspace","cwd":"E:\\Xiadie\\Xiadie\\.runtime\\P01\\u08-no-key-1790938916163132300\\workspace","cwdSource":"command","commandPathKind":"absolute","commandExists":true,"cwdExists":true}}
[2026-10-02 19:02:05.206] [pid:9192] [main] [stability] perf_agent_start reported {
  pid: 41804,
  runtimeGeneration: 1,
  runtimeInstanceId: 'agent-3fa56832-dd29-47d3-b6dc-4fb03da2cfcd'
}
[2026-10-02 19:02:05.207] [pid:9192] [main] [host-log] (local-1) [host] [2026-10-02 19:02:05.206] [pid:20876] [zcode-agent] ZCode agent process started {"workspaceKey":"E:\\Xiadie\\Xiadie\\.runtime\\P01\\u08-no-key-1790938916163132300\\workspace","command":"E:\\Xiadie\\Xiadie\\.runtime\\P01\\desktop-source\\node_modules\\electron\\dist\\electron.exe","cwd":"E:\\Xiadie\\Xiadie\\.runtime\\P01\\u08-no-key-1790938916163132300\\workspace","pid":41804,"durationMs":50}
[2026-10-02 19:02:05.209] [pid:9192] [main] [host-log] (local-1) [host] [2026-10-02 19:02:05.209] [pid:20876] [zcode-host] [rpc:call] oauth.getActiveProvider OK (0.5ms)
[2026-10-02 19:02:05.212] [pid:9192] [main] [host-log] (local-1) [host] [2026-10-02 19:02:05.212] [pid:20876] [zcode-host] [rpc:call] oauth.getActiveProvider OK (3.5ms)
[2026-10-02 19:02:05.798] [pid:9192] [main] [stability] perf_app_start reported
[2026-10-02 19:02:06.147] [pid:9192] [main] [host-log] (local-1) [host] [2026-10-02 19:02:06.147] [pid:20876] [zcode-agent-service] 为只读会话控制面启动 ZCode agent {"workspaceKey":"E:\\Xiadie\\Xiadie\\.runtime\\P01\\u08-no-key-1790938916163132300\\workspace","workspacePath":"E:\\Xiadie\\Xiadie\\.runtime\\P01\\u08-no-key-1790938916163132300\\workspace"}
[2026-10-02 19:02:06.148] [pid:9192] [main] [host-log] (local-1) [host] [2026-10-02 19:02:06.147] [pid:20876] [zcode-agent-service] ZCode agent 初始化完成 {"durationMs":1210,"transportKind":"stdio","workspaceKey":"E:\\Xiadie\\Xiadie\\.runtime\\P01\\u08-no-key-1790938916163132300\\workspace","workspacePath":"E:\\Xiadie\\Xiadie\\.runtime\\P01\\u08-no-key-1790938916163132300\\workspace"}
[2026-10-02 19:02:06.149] [pid:9192] [main] [host-log] (local-1) [host] [2026-10-02 19:02:06.147] [pid:20876] [zcode-host] ZCode agent warmup ready (local host init (1/1)) workspace=E:\Xiadie\Xiadie\.runtime\P01\u08-no-key-1790938916163132300\workspace transport=stdio
[2026-10-02 19:02:08.444] [pid:9192] [main] [host-log] (local-1) [host] [2026-10-02 19:02:08.445] [pid:20876] [settingService] writing settings to: E:\Xiadie\Xiadie\.runtime\P01\u08-no-key-1790938916163132300\home\.zcode\v2\setting.json {"recentProjects":[],"locale":"zh-CN","localePreference":"en-US","terminalInheritSystemProfile":true,"embeddedBrowserAllowInsecureCertificates":false,"embeddedBrowserViewportPreference":{"mode":"normal","viewport":{"width":393,"height":852},"zoom":"fit"},"computerUseComposerEntryHidden":true,"taskAutoArchiveEnabled":false,"taskAutoArchiveOlderThanDays":7,"closeToTrayOnWindows":true,"closeToTrayOnWindowsMigrationInitialized":true,"keepAwakeWhileRunning":false,"desktopChromiumHardwareAccelerationEnabled":false,"messageStreamShowReasoning":true,"messageStreamShowReasoningMigrationInitialized":true,"messageStreamShowTodos":false,"toolGroupingExploreEnabled":true,"toolGroupingTerminalEnabled":true,"toolGroupingChangesEnabled":false,"zcodeInteractionBehavior":"queue","askUserQuestionAutoResolutionEnabled":true,"modelIoFullRetentionEnabled":false,"startPlanRecommendationDismissed":false,"providerFamilyConnectionSelections":{},"providerFamilyDomain":"zai","providerFamilyDomainUpdatedAt":1790938928441,"providerFamilyDomainMigrated":true,"nativeSearchEnhancementsEnabled":true,"memoryEnabled":false,"lastWorkspaceSession":[],"lastActiveTabIndex":0,"receivePreviewUpdates":false,"autoDownloadAndInstallUpdates":false,"skippedElectronUpdateVersions":{}}
[2026-10-02 19:02:08.450] [pid:9192] [main] [host-log] (local-1) [host] [2026-10-02 19:02:08.450] [pid:20876] [settingService] write done
[2026-10-02 19:02:08.451] [pid:9192] [main] [host-log] (local-1) [host] [2026-10-02 19:02:08.450] [pid:20876] [zcode-host] [rpc:call] setting.update OK (8.8ms)
[2026-10-02 19:02:08.502] [pid:9192] [main] [host-log] (local-1) [host] [2026-10-02 19:02:08.503] [pid:20876] [zcode-host] [rpc:call] setting.get OK (0.9ms)
[2026-10-02 19:02:08.504] [pid:9192] [main] [host-log] (local-1) [host] [2026-10-02 19:02:08.505] [pid:20876] [zcode-host] [rpc:call] file.ensureConversationWorkspace OK (1.0ms)
[2026-10-02 19:02:08.506] [pid:9192] [main] [task-realtime] updated host workspace scopes {
  hostId: '44f798ef-c6c6-4e0f-8d05-dacc172db73f',
  workspaceKeyCount: 1
}
[2026-10-02 19:02:08.509] [pid:9192] [main] [host-log] (local-1) [host] [2026-10-02 19:02:08.509] [pid:20876] [zcode-host] [rpc:call] setting.get OK (0.7ms)
[2026-10-02 19:02:08.510] [pid:9192] [main] [host-log] (local-1) [host] [2026-10-02 19:02:08.511] [pid:20876] [zcode-host] [rpc:call] file.ensureConversationWorkspace OK (0.8ms)
[2026-10-02 19:02:08.512] [pid:9192] [main] [task-realtime] updated host workspace scopes {
  hostId: '44f798ef-c6c6-4e0f-8d05-dacc172db73f',
  workspaceKeyCount: 1
}
[2026-10-02 19:02:08.515] [pid:9192] [main] [host-log] (local-1) [host] [2026-10-02 19:02:08.515] [pid:20876] [zcode-host] [rpc:call] onboarding-record.claimAnonymousRecord OK (0.3ms)
[2026-10-02 19:02:08.516] [pid:9192] [main] [task-realtime] updated host workspace scopes {
  hostId: '44f798ef-c6c6-4e0f-8d05-dacc172db73f',
  workspaceKeyCount: 2
}
[2026-10-02 19:02:08.521] [pid:9192] [main] [host-log] (local-1) [host] [2026-10-02 19:02:08.515] [pid:20876] [zcode-host] [rpc:call] setting.get OK (0.9ms)
[2026-10-02 19:02:08.522] [pid:9192] [main] [host-log] (local-1) [host] [2026-10-02 19:02:08.516] [pid:20876] [zcode-host] [rpc:call] onboarding-record.getLatestEntry OK (0.9ms)
[2026-10-02 19:02:08.523] [pid:9192] [main] [host-log] (local-1) [host] [2026-10-02 19:02:08.521] [pid:20876] [zcode-host] [rpc:call] onboarding-record.shouldOnboard OK (5.9ms)
[2026-10-02 19:02:08.560] [pid:9192] [renderer] v4 conversation frame upstream attached {
  workspaceKey: 'E:\\Xiadie\\Xiadie\\.runtime\\P01\\u08-no-key-1790938916163132300\\workspace',
  workspacePath: 'E:\\Xiadie\\Xiadie\\.runtime\\P01\\u08-no-key-1790938916163132300\\workspace',
  event: 'v4.conversation.frames.upstream_attached',
  listenerCount: 1,
  module: 'ui.v4.conversation_transport',
  runtimeGeneration: 0,
  status: 'completed'
}
[2026-10-02 19:02:08.561] [pid:9192] [renderer] v4 workspace connection created {
  event: 'v4.workspace_connection.created',
  isRemote: false,
  key: '__base__ E:\\Xiadie\\Xiadie\\.runtime\\P01\\u08-no-key-1790938916163132300\\workspace',
  module: 'ui.v4.workspace_connection_registry',
  refCount: 1,
  serviceGeneration: 1,
  status: 'completed'
}
[2026-10-02 19:02:08.562] [pid:9192] [main] [host-log] (local-1) [host] [2026-10-02 19:02:08.561] [pid:20876] [zcode-host] [rpc:listen] zcode-agent.onDynamicLocalTtftFacts subscribed
[2026-10-02 19:02:08.563] [pid:9192] [main] [host-log] (local-1) [host] [2026-10-02 19:02:08.561] [pid:20876] [zcode-host] [rpc:listen] zcode-agent.onDynamicConversationFrame subscribed
[2026-10-02 19:02:08.636] [pid:9192] [main] [host-log] (local-1) [host] [2026-10-02 19:02:08.635] [pid:20876] [zcode-host] [rpc:listen] window-controller.onDynamicControllerFrame subscribed
[2026-10-02 19:02:08.637] [pid:9192] [main] [host-log] (local-1) [host] [2026-10-02 19:02:08.636] [pid:20876] [zcode-host] [rpc:call] window-controller.subscribeControllerV4 OK (0.2ms)
[2026-10-02 19:02:08.638] [pid:9192] [main] [host-log] (local-1) [host] [2026-10-02 19:02:08.636] [pid:20876] [zcode-host] [rpc:call] window-controller.subscribeControllerV4 OK (0.1ms)
[2026-10-02 19:02:08.639] [pid:9192] [main] [host-log] (local-1) [host] [2026-10-02 19:02:08.638] [pid:20876] [zcode-host] [rpc:call] window-controller.listTaskList OK (0.1ms)
[2026-10-02 19:02:08.640] [pid:9192] [main] [host-log] (local-1) [host] [2026-10-02 19:02:08.638] [pid:20876] [zcode-host] [rpc:listen] zcode-agent.onDynamicSessionsIndexFrame subscribed
[2026-10-02 19:02:08.640] [pid:9192] [main] [host-log] (local-1) [host] [2026-10-02 19:02:08.638] [pid:20876] [zcode-host] [rpc:listen] zcode-agent.onAgentRuntimeLifecycle subscribed
[2026-10-02 19:02:08.641] [pid:9192] [main] [host-log] (local-1) [host] [2026-10-02 19:02:08.638] [pid:20876] [zcode-host] [rpc:call] zcode-agent.helloConversationV4 OK (0.1ms)
[2026-10-02 19:02:08.642] [pid:9192] [main] [host-log] (local-1) [host] [2026-10-02 19:02:08.639] [pid:20876] [zcode-host] [rpc:call] zcode-task.listPinnedTaskIds OK (0.2ms)
[2026-10-02 19:02:08.642] [pid:9192] [main] [host-log] (local-1) [host] [2026-10-02 19:02:08.639] [pid:20876] [zcode-host] [rpc:call] zcode-task.listArchivedTasks OK (0.1ms)
[2026-10-02 19:02:08.643] [pid:9192] [main] [host-log] (local-1) [host] [2026-10-02 19:02:08.639] [pid:20876] [zcode-host] [rpc:call] zcode-task.listTasks OK (0.3ms)
[2026-10-02 19:02:08.644] [pid:9192] [main] [host-log] (local-1) [host] [2026-10-02 19:02:08.640] [pid:20876] [zcode-host] [rpc:call] zcode-task.listPinnedTasks OK (0.1ms)
[2026-10-02 19:02:08.645] [pid:9192] [main] [host-log] (local-1) [host] [2026-10-02 19:02:08.640] [pid:20876] [zcode-host] [rpc:call] zcode-task.listDeletedTaskIds OK (0.1ms)
[2026-10-02 19:02:08.645] [pid:9192] [main] [host-log] (local-1) [host] [2026-10-02 19:02:08.640] [pid:20876] [zcode-host] [rpc:listen] zcode-task.onDynamicWorkspaceEvent subscribed
[2026-10-02 19:02:08.646] [pid:9192] [main] [host-log] (local-1) [host] [2026-10-02 19:02:08.642] [pid:20876] [zcode-host] [rpc:call] window-controller.listTaskList OK (5.4ms)
[2026-10-02 19:02:08.646] [pid:9192] [main] [host-log] (local-1) [host] [2026-10-02 19:02:08.643] [pid:20876] [zcode-host] [rpc:call] setting.get OK (6.4ms)
[2026-10-02 19:02:08.647] [pid:9192] [main] [host-log] (local-1) [host] [2026-10-02 19:02:08.643] [pid:20876] [zcode-host] [rpc:listen] zcode-agent.onAgentRuntimeLifecycle subscribed
[2026-10-02 19:02:08.647] [pid:9192] [main] [host-log] (local-1) [host] [2026-10-02 19:02:08.645] [pid:20876] [zcode-host] [rpc:call] system.info OK (0.0ms)
[2026-10-02 19:02:08.648] [pid:9192] [main] [host-log] (local-1) [host] [2026-10-02 19:02:08.646] [pid:20876] [zcode-host] [rpc:listen] model-selection.onDidChange subscribed
[2026-10-02 19:02:08.648] [pid:9192] [main] [host-log] (local-1) [host] [2026-10-02 19:02:08.646] [pid:20876] [zcode-host] [rpc:listen] model-selection.onDidChange subscribed
[2026-10-02 19:02:08.649] [pid:9192] [main] [host-log] (local-1) [host] [2026-10-02 19:02:08.647] [pid:20876] [zcode-host] [rpc:call] model-selection.getView OK (0.6ms)
[2026-10-02 19:02:08.649] [pid:9192] [main] [host-log] (local-1) [host] [2026-10-02 19:02:08.647] [pid:20876] [zcode-host] [rpc:listen] zcode-agent.onDynamicConversationTelemetryFact subscribed
[2026-10-02 19:02:08.650] [pid:9192] [main] [host-log] (local-1) [host] [2026-10-02 19:02:08.647] [pid:20876] [zcode-host] [rpc:call] model-selection.getView OK (1.1ms)
[2026-10-02 19:02:08.650] [pid:9192] [main] [host-log] (local-1) [host] [2026-10-02 19:02:08.648] [pid:20876] [zcode-host] [rpc:call] subagents.list OK (6.1ms)
[2026-10-02 19:02:08.651] [pid:9192] [main] [host-log] (local-1) [host] [2026-10-02 19:02:08.650] [pid:20876] [zcode-host] [rpc:call] off-peak-task.list OK (0.7ms)
[2026-10-02 19:02:08.658] [pid:9192] [main] [host-log] (local-1) [host] [2026-10-02 19:02:08.658] [pid:20876] [zcode-host] [rpc:call] settings-sync.getFirstRunPromptState OK (0.9ms)
[2026-10-02 19:02:08.683] [pid:9192] [main] [host-log] (local-1) [host] [2026-10-02 19:02:08.683] [pid:20876] [zcode-host] [rpc:call] window-controller.listTaskList OK (0.1ms)
[2026-10-02 19:02:08.684] [pid:9192] [main] [host-log] (local-1) [host] [2026-10-02 19:02:08.684] [pid:20876] [zcode-host] [rpc:call] window-controller.listTaskList OK (0.0ms)
[2026-10-02 19:02:08.685] [pid:9192] [main] [host-log] (local-1) [host] [2026-10-02 19:02:08.686] [pid:20876] [zcode-host] [rpc:call] zcode-agent.initializeConversationV4 OK (0.6ms)
[2026-10-02 19:02:08.689] [pid:9192] [main] [host-log] (local-1) [host] [2026-10-02 19:02:08.690] [pid:20876] [zcode-host] [rpc:call] window-controller.listTaskList OK (0.1ms)
[2026-10-02 19:02:08.718] [pid:9192] [main] [host-log] (local-1) [host] [2026-10-02 19:02:08.719] [pid:20876] [zcode-host] [rpc:call] settings-sync.detect OK (0.1ms)
[2026-10-02 19:02:08.721] [pid:9192] [main] [host-log] (local-1) [host] [2026-10-02 19:02:08.721] [pid:20876] [zcode-host] [rpc:call] zcode-agent.subscribeSessionsIndexV4 OK (1.7ms)
[2026-10-02 19:02:08.722] [pid:9192] [main] [host-log] (local-1) [host] [2026-10-02 19:02:08.722] [pid:20876] [settingService] writing settings to: E:\Xiadie\Xiadie\.runtime\P01\u08-no-key-1790938916163132300\home\.zcode\v2\setting.json {"recentProjects":[],"locale":"zh-CN","localePreference":"en-US","terminalInheritSystemProfile":true,"embeddedBrowserAllowInsecureCertificates":false,"embeddedBrowserViewportPreference":{"mode":"normal","viewport":{"width":393,"height":852},"zoom":"fit"},"computerUseComposerEntryHidden":true,"taskAutoArchiveEnabled":false,"taskAutoArchiveOlderThanDays":7,"closeToTrayOnWindows":true,"closeToTrayOnWindowsMigrationInitialized":true,"keepAwakeWhileRunning":false,"desktopChromiumHardwareAccelerationEnabled":false,"messageStreamShowReasoning":true,"messageStreamShowReasoningMigrationInitialized":true,"messageStreamShowTodos":false,"toolGroupingExploreEnabled":true,"toolGroupingTerminalEnabled":true,"toolGroupingChangesEnabled":false,"zcodeInteractionBehavior":"queue","askUserQuestionAutoResolutionEnabled":true,"modelIoFullRetentionEnabled":false,"startPlanRecommendationDismissed":false,"providerFamilyConnectionSelections":{},"providerFamilyDomain":"zai","providerFamilyDomainUpdatedAt":1790938928441,"providerFamilyDomainMigrated":true,"nativeSearchEnhancementsEnabled":true,"memoryEnabled":false,"lastWorkspaceSession":[],"lastActiveTabIndex":0,"receivePreviewUpdates":false,"autoDownloadAndInstallUpdates":false,"skippedElectronUpdateVersions":{},"settingsSyncFirstRunPromptHandled":true}
[2026-10-02 19:02:08.727] [pid:9192] [main] [host-log] (local-1) [host] [2026-10-02 19:02:08.727] [pid:20876] [settingService] write done
[2026-10-02 19:02:08.728] [pid:9192] [main] [host-log] (local-1) [host] [2026-10-02 19:02:08.727] [pid:20876] [zcode-host] [rpc:call] settings-sync.markFirstRunPromptHandled OK (6.6ms)
[2026-10-02 19:02:08.790] [pid:9192] [main] [task-realtime] updated host workspace scopes {
  hostId: '44f798ef-c6c6-4e0f-8d05-dacc172db73f',
  workspaceKeyCount: 2
}
[2026-10-02 19:02:08.791] [pid:9192] [main] [host-log] (local-1) [host] [2026-10-02 19:02:08.790] [pid:20876] [zcode-host] [rpc:call] setting.get OK (0.9ms)
[2026-10-02 19:02:08.791] [pid:9192] [main] [host-log] (local-1) [host] [2026-10-02 19:02:08.791] [pid:20876] [zcode-host] [rpc:call] system.info OK (0.0ms)
[2026-10-02 19:02:08.792] [pid:9192] [main] [host-log] (local-1) [host] [2026-10-02 19:02:08.791] [pid:20876] [zcode-host] [rpc:call] setting.get OK (0.6ms)
[2026-10-02 19:02:08.825] [pid:9192] [main] [host-log] (local-1) [host] [2026-10-02 19:02:08.826] [pid:20876] [zcode-host] [rpc:call] git.refresh OK (175.8ms)
[2026-10-02 19:02:08.877] [pid:9192] [main] [host-log] (local-1) [host] [2026-10-02 19:02:08.878] [pid:20876] [zcode-host] [rpc:call] system.listIntegratedTerminalShells OK (0.5ms)
[2026-10-02 19:02:09.062] [pid:9192] [main] [host-log] (local-1) [host] [2026-10-02 19:02:09.062] [pid:20876] [settingService] writing settings to: E:\Xiadie\Xiadie\.runtime\P01\u08-no-key-1790938916163132300\home\.zcode\v2\setting.json {"recentProjects":[],"locale":"zh-CN","localePreference":"en-US","terminalInheritSystemProfile":true,"embeddedBrowserAllowInsecureCertificates":false,"embeddedBrowserViewportPreference":{"mode":"normal","viewport":{"width":393,"height":852},"zoom":"fit"},"computerUseComposerEntryHidden":true,"taskAutoArchiveEnabled":false,"taskAutoArchiveOlderThanDays":7,"closeToTrayOnWindows":true,"closeToTrayOnWindowsMigrationInitialized":true,"keepAwakeWhileRunning":false,"desktopChromiumHardwareAccelerationEnabled":false,"messageStreamShowReasoning":true,"messageStreamShowReasoningMigrationInitialized":true,"messageStreamShowTodos":false,"toolGroupingExploreEnabled":true,"toolGroupingTerminalEnabled":true,"toolGroupingChangesEnabled":false,"zcodeInteractionBehavior":"queue","askUserQuestionAutoResolutionEnabled":true,"modelIoFullRetentionEnabled":false,"startPlanRecommendationDismissed":false,"providerFamilyConnectionSelections":{},"providerFamilyDomain":"zai","providerFamilyDomainUpdatedAt":1790938928441,"providerFamilyDomainMigrated":true,"nativeSearchEnhancementsEnabled":true,"memoryEnabled":false,"lastWorkspaceSession":[{"kind":"local","workspacePath":"E:\\Xiadie\\Xiadie\\.runtime\\P01\\u08-no-key-1790938916163132300\\workspace","workspacePurpose":"project"},{"kind":"local","workspacePath":"E:\\Xiadie\\Xiadie\\.runtime\\P01\\u08-no-key-1790938916163132300\\data\\.zcode\\workspace\\default","workspacePurpose":"conversation"}],"lastActiveTabIndex":0,"receivePreviewUpdates":false,"autoDownloadAndInstallUpdates":false,"skippedElectronUpdateVersions":{},"settingsSyncFirstRunPromptHandled":true}
[2026-10-02 19:02:09.067] [pid:9192] [main] [host-log] (local-1) [host] [2026-10-02 19:02:09.067] [pid:20876] [settingService] write done
[2026-10-02 19:02:09.068] [pid:9192] [main] [host-log] (local-1) [host] [2026-10-02 19:02:09.067] [pid:20876] [zcode-host] [rpc:call] setting.update OK (6.2ms)
[2026-10-02 19:02:10.492] [pid:9192] [main] [host-log] (local-1) [host] [2026-10-02 19:02:10.492] [pid:20876] [zcode-host] [rpc:call] system.info OK (0.0ms)
[2026-10-02 19:02:10.493] [pid:9192] [main] [host-log] (local-1) [host] [2026-10-02 19:02:10.493] [pid:20876] [zcode-host] [rpc:call] file-watcher.watch OK (0.7ms)
[2026-10-02 19:02:10.493] [pid:9192] [main] [host-log] (local-1) [host] [2026-10-02 19:02:10.494] [pid:20876] [zcode-host] [rpc:call] file-watcher.watch OK (0.5ms)
[2026-10-02 19:02:10.561] [pid:9192] [main] [host-log] (local-1) [host] [2026-10-02 19:02:10.561] [pid:20876] [zcode-host] [rpc:listen] file-watcher.onDynamicChange subscribed
[2026-10-02 19:02:10.561] [pid:9192] [main] [host-log] (local-1) [host] [2026-10-02 19:02:10.561] [pid:20876] [zcode-host] [rpc:listen] file-watcher.onDynamicChange subscribed
[2026-10-02 19:02:10.562] [pid:9192] [main] [host-log] (local-1) [host] [2026-10-02 19:02:10.562] [pid:20876] [zcode-host] [rpc:call] file-watcher.unwatch OK (0.2ms)
[2026-10-02 19:02:10.563] [pid:9192] [main] [host-log] (local-1) [host] [2026-10-02 19:02:10.562] [pid:20876] [zcode-host] [rpc:call] file-watcher.unwatch OK (0.0ms)
[2026-10-02 19:02:10.563] [pid:9192] [main] [host-log] (local-1) [host] [2026-10-02 19:02:10.563] [pid:20876] [zcode-host] [rpc:call] file-watcher.watch OK (0.7ms)
[2026-10-02 19:02:10.564] [pid:9192] [main] [host-log] (local-1) [host] [2026-10-02 19:02:10.563] [pid:20876] [zcode-host] [rpc:call] file-watcher.watch OK (0.4ms)
[2026-10-02 19:02:10.564] [pid:9192] [main] [host-log] (local-1) [host] [2026-10-02 19:02:10.564] [pid:20876] [zcode-host] [rpc:call] file-watcher.watch OK (0.4ms)
[2026-10-02 19:02:10.565] [pid:9192] [main] [host-log] (local-1) [host] [2026-10-02 19:02:10.564] [pid:20876] [zcode-host] [rpc:listen] file-watcher.onDynamicChange subscribed
[2026-10-02 19:02:10.566] [pid:9192] [main] [host-log] (local-1) [host] [2026-10-02 19:02:10.564] [pid:20876] [zcode-host] [rpc:listen] file-watcher.onDynamicChange subscribed
[2026-10-02 19:02:10.566] [pid:9192] [main] [host-log] (local-1) [host] [2026-10-02 19:02:10.564] [pid:20876] [zcode-host] [rpc:listen] file-watcher.onDynamicChange subscribed
[2026-10-02 19:02:10.792] [pid:9192] [main] [host-log] (local-1) [host] [2026-10-02 19:02:10.792] [pid:20876] [settingService] writing settings to: E:\Xiadie\Xiadie\.runtime\P01\u08-no-key-1790938916163132300\home\.zcode\v2\setting.json {"recentProjects":[],"locale":"zh-CN","localePreference":"en-US","terminalInheritSystemProfile":true,"embeddedBrowserAllowInsecureCertificates":false,"embeddedBrowserViewportPreference":{"mode":"normal","viewport":{"width":393,"height":852},"zoom":"fit"},"computerUseComposerEntryHidden":true,"taskAutoArchiveEnabled":false,"taskAutoArchiveOlderThanDays":7,"closeToTrayOnWindows":true,"closeToTrayOnWindowsMigrationInitialized":true,"keepAwakeWhileRunning":false,"desktopChromiumHardwareAccelerationEnabled":false,"messageStreamShowReasoning":true,"messageStreamShowReasoningMigrationInitialized":true,"messageStreamShowTodos":false,"toolGroupingExploreEnabled":true,"toolGroupingTerminalEnabled":true,"toolGroupingChangesEnabled":false,"zcodeInteractionBehavior":"queue","askUserQuestionAutoResolutionEnabled":true,"modelIoFullRetentionEnabled":false,"startPlanRecommendationDismissed":false,"providerFamilyConnectionSelections":{},"providerFamilyDomain":"zai","providerFamilyDomainUpdatedAt":1790938928441,"providerFamilyDomainMigrated":true,"nativeSearchEnhancementsEnabled":true,"memoryEnabled":false,"lastWorkspaceSession":[{"kind":"local","workspacePath":"E:\\Xiadie\\Xiadie\\.runtime\\P01\\u08-no-key-1790938916163132300\\workspace","workspacePurpose":"project"},{"kind":"local","workspacePath":"E:\\Xiadie\\Xiadie\\.runtime\\P01\\u08-no-key-1790938916163132300\\data\\.zcode\\workspace\\default","workspacePurpose":"conversation"}],"lastActiveTabIndex":0,"receivePreviewUpdates":false,"autoDownloadAndInstallUpdates":false,"skippedElectronUpdateVersions":{},"settingsSyncFirstRunPromptHandled":true}
[2026-10-02 19:02:10.796] [pid:9192] [main] [host-log] (local-1) [host] [2026-10-02 19:02:10.797] [pid:20876] [settingService] write done
[2026-10-02 19:02:10.797] [pid:9192] [main] [host-log] (local-1) [host] [2026-10-02 19:02:10.797] [pid:20876] [zcode-host] [rpc:call] setting.update OK (6.0ms)
[2026-10-02 19:02:12.678] [pid:9192] [main] [host-log] (local-1) [host] [2026-10-02 19:02:12.526] [pid:20876] [zcode-host] [rpc:call] zcode-task.getTaskSessionFilePath OK (0.1ms)
[2026-10-02 19:02:12.679] [pid:9192] [renderer] v4 conversation store connect started {
  event: 'v4.conversation.store.connect.started',
  generation: 1,
  hasBase: false,
  module: 'ui.v4.conversation_projection_store',
  status: 'started',
  topic: 'conversation/51cca821-9d57-4613-bf72-a08d3f78fc19'
}
[2026-10-02 19:02:12.680] [pid:9192] [renderer] v4 conversation subscription started {
  workspaceKey: 'E:\\Xiadie\\Xiadie\\.runtime\\P01\\u08-no-key-1790938916163132300\\workspace',
  workspacePath: 'E:\\Xiadie\\Xiadie\\.runtime\\P01\\u08-no-key-1790938916163132300\\workspace',
  event: 'v4.conversation.subscribe.started',
  module: 'ui.v4.conversation_transport',
  runtimeGeneration: 0,
  sessionId: '51cca821-9d57-4613-bf72-a08d3f78fc19',
  status: 'started',
  topic: 'conversation/51cca821-9d57-4613-bf72-a08d3f78fc19'
}
[2026-10-02 19:02:12.681] [pid:9192] [renderer] v4 session data lease acquired {
  event: 'v4.session_data.acquire',
  keepWarm: false,
  module: 'ui.v4.session_data_layer',
  openKind: 'cold',
  refCount: 1,
  sessionId: '51cca821-9d57-4613-bf72-a08d3f78fc19',
  status: 'completed',
  topic: 'conversation/51cca821-9d57-4613-bf72-a08d3f78fc19'
}
[2026-10-02 19:02:12.682] [pid:9192] [main] [host-log] (local-1) [host] [2026-10-02 19:02:12.527] [pid:20876] [zcode-host] [rpc:call] zcode-task.getTaskNativeSessionLogFile OK (0.3ms)
[2026-10-02 19:02:12.682] [pid:9192] [main] [host-log] (local-1) [host] [2026-10-02 19:02:12.528] [pid:20876] [zcode-agent-service] 开始请求 ZCode Protocol workspace/readPresentation {"workspaceKey":"E:\\Xiadie\\Xiadie\\.runtime\\P01\\u08-no-key-1790938916163132300\\workspace","workspacePath":"E:\\Xiadie\\Xiadie\\.runtime\\P01\\u08-no-key-1790938916163132300\\workspace"}
[2026-10-02 19:02:12.683] [pid:9192] [main] [host-log] (local-1) [host] [2026-10-02 19:02:12.528] [pid:20876] [zcode-host] [rpc:listen] zcode-agent.onAgentRuntimeRestarted subscribed
[2026-10-02 19:02:12.684] [pid:9192] [main] [host-log] (local-1) [host] [2026-10-02 19:02:12.529] [pid:20876] [zcode-host] [rpc:call] zcode-task.getTaskNativeSessionLogFile OK (0.2ms)
[2026-10-02 19:02:12.684] [pid:9192] [main] [host-log] (local-1) [host] [2026-10-02 19:02:12.529] [pid:20876] [zcode-host] [rpc:call] zcode-task.getTaskSessionFilePath OK (0.0ms)
[2026-10-02 19:02:12.685] [pid:9192] [main] [host-log] (local-1) [host] [2026-10-02 19:02:12.551] [pid:20876] [zcode-agent-service] account provider config 已交付到 ZCode agent {"providerCount":8,"reason":"workspace_read_presentation","receivedRevision":"account:[\"zcode-builtin:30:0d0f81f218e8158e80dde70a98b1925bc1c7c73c6d42e1354ab5b9a2ba771bb1\",[{\"providerId\":\"account:zai-individual-coding-plan\",\"config\":{\"access\":{\"type\":\"zhipu-account\",\"entitled\":false}}},{\"providerId\":\"account:zai-team-coding-plan\",\"config\":{\"access\":{\"type\":\"zhipu-account\",\"entitled\":false}}},{\"providerId\":\"account:zai-start-plan\",\"config\":{\"access\":{\"type\":\"zhipu-account\",\"entitled\":false}}},{\"providerId\":\"account:bigmodel-individual-coding-plan\",\"config\":{\"access\":{\"type\":\"zhipu-account\",\"entitled\":false}}},{\"providerId\":\"account:bigmodel-team-coding-plan\",\"config\":{\"access\":{\"type\":\"zhipu-account\",\"entitled\":false}}},{\"providerId\":\"account:bigmodel-start-plan\",\"config\":{\"access\":{\"type\":\"zhipu-account\",\"entitled\":false}}},{\"providerId\":\"account:zai-offpeak-idle-plan\",\"config\":{\"access\":{\"type\":\"zhipu-account\",\"entitled\":false}}},{\"providerId\":\"account:bigmodel-offpeak-idle-plan\",\"config\":{\"access\":{\"type\":\"zhipu-account\",\"entitled\":false}}}],{\"account:zai-individual-coding-plan\":{\"availability\":\"unavailable\",\"entitled\":false,\"unavailableReason\":\"not-connected\",\"current\":false,\"connectionKey\":\"41717a7a173a5e88981ed3b30d6c754715277dce3b302a8e7b1386cdf57b9b4c\"},\"account:zai-team-coding-plan\":{\"availability\":\"unavailable\",\"entitled\":false,\"unavailableReason\":\"not-connected\",\"current\":false,\"connectionKey\":\"41717a7a173a5e88981ed3b30d6c754715277dce3b302a8e7b1386cdf57b9b4c\"},\"account:zai-start-plan\":{\"availability\":\"unavailable\",\"entitled\":false,\"unavailableReason\":\"not-connected\",\"current\":false,\"connectionKey\":\"b20a8f39ea1865b9bdbc4f21e0774500034895a93cdf0c737917b6532ebedcea\"},\"account:bigmodel-individual-coding-plan\":{\"availability\":\"unavailable\",\"entitled\":false,\"unavailableReason\":\"not-connected\",\"current\":false,\"connectionKey\":\"145736c8450a04bf4ba21aee47794f53d87ea79c5dc4cc5b9f27fbf5b6038d53\"},\"account:bigmodel-team-coding-plan\":{\"availability\":\"unavailable\",\"entitled\":false,\"unavailableReason\":\"not-connected\",\"current\":false,\"connectionKey\":\"145736c8450a04bf4ba21aee47794f53d87ea79c5dc4cc5b9f27fbf5b6038d53\"},\"account:bigmodel-start-plan\":{\"availability\":\"unavailable\",\"entitled\":false,\"unavailableReason\":\"not-connected\",\"current\":false,\"connectionKey\":\"116fde2fcda0bb10f88164a63caadb0a0ec8611edcf75b35a9924684f9ba84bd\"},\"account:zai-offpeak-idle-plan\":{\"availability\":\"unavailable\",\"entitled\":false},\"account:bigmodel-offpeak-idle-plan\":{\"availability\":\"unavailable\",\"entitled\":false}}]","status":"received"}
[2026-10-02 19:02:12.814] [pid:9192] [main] [host-log] (local-1) [host] [2026-10-02 19:02:12.814] [pid:20876] [settingService] writing settings to: E:\Xiadie\Xiadie\.runtime\P01\u08-no-key-1790938916163132300\home\.zcode\v2\setting.json {"recentProjects":[],"locale":"zh-CN","localePreference":"en-US","terminalInheritSystemProfile":true,"embeddedBrowserAllowInsecureCertificates":false,"embeddedBrowserViewportPreference":{"mode":"normal","viewport":{"width":393,"height":852},"zoom":"fit"},"computerUseComposerEntryHidden":true,"taskAutoArchiveEnabled":false,"taskAutoArchiveOlderThanDays":7,"closeToTrayOnWindows":true,"closeToTrayOnWindowsMigrationInitialized":true,"keepAwakeWhileRunning":false,"desktopChromiumHardwareAccelerationEnabled":false,"messageStreamShowReasoning":true,"messageStreamShowReasoningMigrationInitialized":true,"messageStreamShowTodos":false,"toolGroupingExploreEnabled":true,"toolGroupingTerminalEnabled":true,"toolGroupingChangesEnabled":false,"zcodeInteractionBehavior":"queue","askUserQuestionAutoResolutionEnabled":true,"modelIoFullRetentionEnabled":false,"startPlanRecommendationDismissed":false,"providerFamilyConnectionSelections":{},"providerFamilyDomain":"zai","providerFamilyDomainUpdatedAt":1790938928441,"providerFamilyDomainMigrated":true,"nativeSearchEnhancementsEnabled":true,"memoryEnabled":false,"lastWorkspaceSession":[{"kind":"local","workspacePath":"E:\\Xiadie\\Xiadie\\.runtime\\P01\\u08-no-key-1790938916163132300\\workspace","workspacePurpose":"project"},{"kind":"local","workspacePath":"E:\\Xiadie\\Xiadie\\.runtime\\P01\\u08-no-key-1790938916163132300\\data\\.zcode\\workspace\\default","workspacePurpose":"conversation"}],"lastActiveTabIndex":0,"receivePreviewUpdates":false,"autoDownloadAndInstallUpdates":false,"skippedElectronUpdateVersions":{},"settingsSyncFirstRunPromptHandled":true}
[2026-10-02 19:02:12.818] [pid:9192] [main] [host-log] (local-1) [host] [2026-10-02 19:02:12.818] [pid:20876] [settingService] write done
[2026-10-02 19:02:12.819] [pid:9192] [main] [host-log] (local-1) [host] [2026-10-02 19:02:12.818] [pid:20876] [zcode-host] [rpc:call] setting.update OK (5.1ms)
[2026-10-02 19:02:13.126] [pid:9192] [main] [host-log] (local-1) [host] [2026-10-02 19:02:13.127] [pid:20876] [zcode-host] [rpc:call] zcode-agent.conversationWorkflowRunsV4 OK (587.0ms)
[2026-10-02 19:02:13.155] [pid:9192] [main] [host-log] (local-1) [host] [2026-10-02 19:02:13.156] [pid:20876] [zcode-agent-service] ZCode Protocol workspace/readPresentation 完成 {"durationMs":628,"slashCommandCount":4,"workspaceKey":"E:\\Xiadie\\Xiadie\\.runtime\\P01\\u08-no-key-1790938916163132300\\workspace","workspacePath":"E:\\Xiadie\\Xiadie\\.runtime\\P01\\u08-no-key-1790938916163132300\\workspace"}
[2026-10-02 19:02:13.156] [pid:9192] [main] [host-log] (local-1) [host] [2026-10-02 19:02:13.156] [pid:20876] [zcode-host] [rpc:call] zcode-session.readWorkspacePresentation OK (628.5ms)
[2026-10-02 19:02:13.166] [pid:9192] [main] [host-log] (local-1) [host] [2026-10-02 19:02:13.166] [pid:20876] [zcode-host] [rpc:call] zcode-agent.subscribeConversationV4 OK (625.9ms)
[2026-10-02 19:02:13.169] [pid:9192] [renderer] v4 conversation subscription acknowledged {
  workspaceKey: 'E:\\Xiadie\\Xiadie\\.runtime\\P01\\u08-no-key-1790938916163132300\\workspace',
  workspacePath: 'E:\\Xiadie\\Xiadie\\.runtime\\P01\\u08-no-key-1790938916163132300\\workspace',
  durationMs: 642,
  event: 'v4.conversation.subscribe.acknowledged',
  module: 'ui.v4.conversation_transport',
  runtimeGeneration: 0,
  sessionId: '51cca821-9d57-4613-bf72-a08d3f78fc19',
  status: 'completed',
  subscriptionId: 'sub-muqussxt-0c66cxxz-1',
  topic: 'conversation/51cca821-9d57-4613-bf72-a08d3f78fc19'
}
[2026-10-02 19:02:13.175] [pid:9192] [renderer] v4 conversation subscription activated {
  workspaceKey: 'E:\\Xiadie\\Xiadie\\.runtime\\P01\\u08-no-key-1790938916163132300\\workspace',
  workspacePath: 'E:\\Xiadie\\Xiadie\\.runtime\\P01\\u08-no-key-1790938916163132300\\workspace',
  event: 'v4.conversation.subscribe.activated',
  module: 'ui.v4.conversation_transport',
  runtimeGeneration: 0,
  status: 'completed',
  subscriptionId: 'sub-muqussxt-0c66cxxz-1',
  topic: 'conversation/51cca821-9d57-4613-bf72-a08d3f78fc19'
}
[2026-10-02 19:02:13.176] [pid:9192] [renderer] v4 conversation store connect completed {
  durationMs: 648,
  event: 'v4.conversation.store.connect.completed',
  generation: 1,
  logEpoch: 'muqussxt-0c66cxxz',
  mode: 'snapshot',
  module: 'ui.v4.conversation_projection_store',
  status: 'completed',
  subscriptionId: 'sub-muqussxt-0c66cxxz-1',
  topic: 'conversation/51cca821-9d57-4613-bf72-a08d3f78fc19'
}
[2026-10-02 19:02:13.223] [pid:9192] [main] [host-log] (local-1) [host] [2026-10-02 19:02:13.223] [pid:20876] [zcode-host] [rpc:call] zcode-agent.conversationPlansV4 OK (2.0ms)
[2026-10-02 19:02:13.834] [pid:9192] [main] [host-log] (local-1) [host] [2026-10-02 19:02:13.835] [pid:20876] [settingService] writing settings to: E:\Xiadie\Xiadie\.runtime\P01\u08-no-key-1790938916163132300\home\.zcode\v2\setting.json {"recentProjects":[],"locale":"zh-CN","localePreference":"en-US","terminalInheritSystemProfile":true,"embeddedBrowserAllowInsecureCertificates":false,"embeddedBrowserViewportPreference":{"mode":"normal","viewport":{"width":393,"height":852},"zoom":"fit"},"computerUseComposerEntryHidden":true,"taskAutoArchiveEnabled":false,"taskAutoArchiveOlderThanDays":7,"closeToTrayOnWindows":true,"closeToTrayOnWindowsMigrationInitialized":true,"keepAwakeWhileRunning":false,"desktopChromiumHardwareAccelerationEnabled":false,"messageStreamShowReasoning":true,"messageStreamShowReasoningMigrationInitialized":true,"messageStreamShowTodos":false,"toolGroupingExploreEnabled":true,"toolGroupingTerminalEnabled":true,"toolGroupingChangesEnabled":false,"zcodeInteractionBehavior":"queue","askUserQuestionAutoResolutionEnabled":true,"modelIoFullRetentionEnabled":false,"startPlanRecommendationDismissed":false,"providerFamilyConnectionSelections":{},"providerFamilyDomain":"zai","providerFamilyDomainUpdatedAt":1790938928441,"providerFamilyDomainMigrated":true,"nativeSearchEnhancementsEnabled":true,"memoryEnabled":false,"lastWorkspaceSession":[{"kind":"local","workspacePath":"E:\\Xiadie\\Xiadie\\.runtime\\P01\\u08-no-key-1790938916163132300\\workspace","workspacePurpose":"project"},{"kind":"local","workspacePath":"E:\\Xiadie\\Xiadie\\.runtime\\P01\\u08-no-key-1790938916163132300\\data\\.zcode\\workspace\\default","workspacePurpose":"conversation"}],"lastActiveTabIndex":0,"receivePreviewUpdates":false,"autoDownloadAndInstallUpdates":false,"skippedElectronUpdateVersions":{},"settingsSyncFirstRunPromptHandled":true}
[2026-10-02 19:02:13.839] [pid:9192] [main] [host-log] (local-1) [host] [2026-10-02 19:02:13.840] [pid:20876] [settingService] write done
[2026-10-02 19:02:13.840] [pid:9192] [main] [host-log] (local-1) [host] [2026-10-02 19:02:13.840] [pid:20876] [zcode-host] [rpc:call] setting.update OK (7.0ms)
[2026-10-02 19:02:15.511] [pid:9192] [main] [app-quit] forceQuit enabled (app-before-quit)
[2026-10-02 19:02:15.512] [pid:9192] [main] [stability] perf_app_exit reported { scene: 'app_quit', exitCode: 0 }
[2026-10-02 19:02:15.513] [pid:9192] [main] [app-quit] waiting for host process cleanup (app-before-quit), kind=normal, hosts=1, forceKillDelayMs=4000, waitTimeoutMs=4500
[2026-10-02 19:02:15.514] [pid:9192] [main] [disposeHostProcess] disposing host process (app-before-quit-1), pid=20876
[2026-10-02 19:02:15.515] [pid:9192] [main] [host-log] (local-1) [host] [2026-10-02 19:02:15.516] [pid:20876] [zcode-host] disposing host resources, reason=parent dispose
[2026-10-02 19:02:15.556] [pid:9192] [main] [host-log] (local-1) [host] [2026-10-02 19:02:15.556] [pid:20876] [zcode-agent] ZCode agent process exited {"workspaceKey":"E:\\Xiadie\\Xiadie\\.runtime\\P01\\u08-no-key-1790938916163132300\\workspace","pid":41804,"runtimeIdentity":"E:\\Xiadie\\Xiadie\\.runtime\\P01\\u08-no-key-1790938916163132300\\workspace:1:41804","code":0,"signal":null,"terminationKind":"expected","terminationReason":"manager-dispose"}
[2026-10-02 19:02:15.558] [pid:9192] [main] [host-log] (local-1) [host] [2026-10-02 19:02:15.557] [pid:20876] [zcode-agent] ZCode agent process cleanup completed {"workspaceKey":"E:\\Xiadie\\Xiadie\\.runtime\\P01\\u08-no-key-1790938916163132300\\workspace","pid":41804,"runtimeIdentity":"E:\\Xiadie\\Xiadie\\.runtime\\P01\\u08-no-key-1790938916163132300\\workspace:1:41804","reason":"manager-dispose"}
[2026-10-02 19:02:15.561] [pid:9192] [main] [task-realtime] unregistered host { hostId: '44f798ef-c6c6-4e0f-8d05-dacc172db73f', windowId: 1 }
[2026-10-02 19:02:15.562] [pid:9192] [main] [spawnHostProcess] host process (local-1) exited with code 0
[2026-10-02 19:02:17.025] [pid:9192] [main] [app-quit] host process cleanup completed (app-before-quit)
[2026-10-02 19:02:17.026] [pid:9192] [main] [app-quit] preparation finished, resuming quit with windows=1
[2026-10-02 19:02:17.046] [pid:9192] [main] [createWindow] window closed, killing host process (local-1)
[2026-10-02 19:02:17.046] [pid:9192] [main] [app-quit] all windows closed after preparation, exiting app
[2026-10-02 19:02:17.047] [pid:9192] [main] [app-quit] exiting prepared app (all-windows-closed-after-preparation)
[2026-10-02 19:02:17.984] [pid:38324] [main] [open-folder] Windows Explorer 右键菜单已安装或更新 {
  executablePath: 'E:\\Xiadie\\Xiadie\\.runtime\\P01\\desktop-source\\node_modules\\electron\\dist\\electron.exe',
  hasDefaultAppEntry: true,
  locale: 'zh-CN'
}
[2026-10-02 19:02:17.986] [pid:38324] [main] [desktop-network] renderer proxy mode=direct bypass=disabled customCa=disabled insecureCerts=rejected
[2026-10-02 19:02:17.986] [pid:38324] [main] [desktop-network] renderer proxy mode=system bypass=disabled customCa=disabled insecureCerts=rejected
[2026-10-02 19:02:17.988] [pid:38324] [main] [auto-update] disabled for this desktop product flavor
[2026-10-02 19:02:17.997] [pid:38324] [main] [resource] sampling started interval=10000ms report=60000ms
[2026-10-02 19:02:17.998] [pid:38324] [main] [network] reporting started interval=60000ms
[2026-10-02 19:02:17.999] [pid:38324] [main] [force-update] Preview 跳过远端强制升级检查
[2026-10-02 19:02:17.999] [pid:38324] [main] [startup] 创建主窗口
[2026-10-02 19:02:18.000] [pid:38324] [main] [primary-window] creating main window (app-ready)
[2026-10-02 19:02:18.002] [pid:38324] [main] [startup-workspace] using explicit open workspace: E:\Xiadie\Xiadie\.runtime\P01\u08-no-key-1790938916163132300\workspace
[2026-10-02 19:02:18.660] [pid:38324] [main] [createWindow] dom-ready fired (local-1)
[2026-10-02 19:02:18.671] [pid:38324] [main] [desktop-context-prompt] first host spawn decision resolved { enabled: false, configVersion: undefined }
[2026-10-02 19:02:18.674] [pid:38324] [main] [spawnHostProcess] forked host process for (local-1), pid=undefined
[2026-10-02 19:02:18.674] [pid:38324] [main] [spawnHostProcess] host module path: E:\Xiadie\Xiadie\.runtime\P01\u08-desktop-06\packages\desktop\out\host\index.js
[2026-10-02 19:02:18.674] [pid:38324] [main] [spawnHostProcess] glm binary path: <not found>
[2026-10-02 19:02:18.675] [pid:38324] [main] [spawnHostProcess] BIGMODEL_OAUTH_APP_SECRET source: fallback
[2026-10-02 19:02:18.675] [pid:38324] [main] [task-realtime] registered host {
  hostId: 'c532874c-af21-4580-babf-441e13db8aa0',
  windowId: 1,
  workspaceKeyCount: 0,
  deliveryKind: 'desktop_window'
}
[2026-10-02 19:02:21.011] [pid:38324] [main] [host-log] (local-1) [host] [2026-10-02 19:02:21.010] [pid:48312] [zcode-host] initializing local services
[2026-10-02 19:02:21.017] [pid:38324] [main] [host-log] (local-1) [host] [2026-10-02 19:02:21.015] [pid:48312] [cua-pip-session] [cua-pip-session] wiring resolved {"enabled":false,"platform":"win32","serviceAuthorityMode":"desktop-local","lifecycleWired":true}
[2026-10-02 19:02:21.024] [pid:38324] [main] [host-log] (local-1) [host] [2026-10-02 19:02:21.023] [pid:48312] [zcode-agent-service] 开始初始化 ZCode agent {"workspaceKey":"E:\\Xiadie\\Xiadie\\.runtime\\P01\\u08-no-key-1790938916163132300\\workspace","workspacePath":"E:\\Xiadie\\Xiadie\\.runtime\\P01\\u08-no-key-1790938916163132300\\workspace"}
[2026-10-02 19:02:21.025] [pid:38324] [main] [host-log] (local-1) [host] [2026-10-02 19:02:21.023] [pid:48312] [zcode-host] exposing services on ChannelServer...
[2026-10-02 19:02:21.026] [pid:38324] [main] [host-log] (local-1) [host] [2026-10-02 19:02:21.024] [pid:48312] [zcode-host] creating ChannelServer (deferInit=false)
[2026-10-02 19:02:21.026] [pid:38324] [main] [host-log] (local-1) [host] [2026-10-02 19:02:21.024] [pid:48312] [zcode-host] [rpc:register] channel "file"
[2026-10-02 19:02:21.027] [pid:38324] [main] [host-log] (local-1) [host] [2026-10-02 19:02:21.025] [pid:48312] [zcode-host] [rpc:register] channel "media-preview"
[2026-10-02 19:02:21.028] [pid:38324] [main] [host-log] (local-1) [host] [2026-10-02 19:02:21.025] [pid:48312] [zcode-host] [rpc:register] channel "git"
[2026-10-02 19:02:21.029] [pid:38324] [main] [host-log] (local-1) [host] [2026-10-02 19:02:21.025] [pid:48312] [zcode-host] [rpc:register] channel "git-checkpoint"
[2026-10-02 19:02:21.029] [pid:38324] [main] [host-log] (local-1) [host] [2026-10-02 19:02:21.025] [pid:48312] [zcode-host] [rpc:register] channel "system"
[2026-10-02 19:02:21.030] [pid:38324] [main] [host-log] (local-1) [host] [2026-10-02 19:02:21.025] [pid:48312] [zcode-host] [rpc:register] channel "terminal"
[2026-10-02 19:02:21.030] [pid:38324] [main] [host-log] (local-1) [host] [2026-10-02 19:02:21.025] [pid:48312] [zcode-host] [rpc:register] channel "setting"
[2026-10-02 19:02:21.031] [pid:38324] [main] [host-log] (local-1) [host] [2026-10-02 19:02:21.025] [pid:48312] [zcode-host] [rpc:register] channel "onboarding-record"
[2026-10-02 19:02:21.031] [pid:38324] [main] [host-log] (local-1) [host] [2026-10-02 19:02:21.025] [pid:48312] [zcode-host] [rpc:register] channel "credential"
[2026-10-02 19:02:21.032] [pid:38324] [main] [host-log] (local-1) [host] [2026-10-02 19:02:21.025] [pid:48312] [zcode-host] [rpc:register] channel "broadcast"
[2026-10-02 19:02:21.032] [pid:38324] [main] [host-log] (local-1) [host] [2026-10-02 19:02:21.025] [pid:48312] [zcode-host] [rpc:register] channel "zcode-task"
[2026-10-02 19:02:21.033] [pid:38324] [main] [host-log] (local-1) [host] [2026-10-02 19:02:21.025] [pid:48312] [zcode-host] [rpc:register] channel "zcode-agent"
[2026-10-02 19:02:21.034] [pid:38324] [main] [host-log] (local-1) [host] [2026-10-02 19:02:21.025] [pid:48312] [zcode-host] [rpc:register] channel "zcode-session"
[2026-10-02 19:02:21.034] [pid:38324] [main] [host-log] (local-1) [host] [2026-10-02 19:02:21.025] [pid:48312] [zcode-host] [rpc:register] channel "cua-permission"
[2026-10-02 19:02:21.035] [pid:38324] [main] [host-log] (local-1) [host] [2026-10-02 19:02:21.025] [pid:48312] [zcode-host] [rpc:register] channel "cua-pip-session"
[2026-10-02 19:02:21.035] [pid:38324] [main] [host-log] (local-1) [host] [2026-10-02 19:02:21.025] [pid:48312] [zcode-host] [rpc:register] channel "conversation-share"
[2026-10-02 19:02:21.036] [pid:38324] [main] [host-log] (local-1) [host] [2026-10-02 19:02:21.025] [pid:48312] [zcode-host] [rpc:register] channel "bots"
[2026-10-02 19:02:21.037] [pid:38324] [main] [host-log] (local-1) [host] [2026-10-02 19:02:21.025] [pid:48312] [zcode-host] [rpc:register] channel "file-watcher"
[2026-10-02 19:02:21.038] [pid:38324] [main] [host-log] (local-1) [host] [2026-10-02 19:02:21.025] [pid:48312] [zcode-host] [rpc:register] channel "oauth"
[2026-10-02 19:02:21.039] [pid:38324] [main] [host-log] (local-1) [host] [2026-10-02 19:02:21.025] [pid:48312] [zcode-host] [rpc:register] channel "usage-stats"
[2026-10-02 19:02:21.039] [pid:38324] [main] [host-log] (local-1) [host] [2026-10-02 19:02:21.025] [pid:48312] [zcode-host] [rpc:register] channel "coding-plan-subscription"
[2026-10-02 19:02:21.040] [pid:38324] [main] [host-log] (local-1) [host] [2026-10-02 19:02:21.025] [pid:48312] [zcode-host] [rpc:register] channel "client-config"
[2026-10-02 19:02:21.041] [pid:38324] [main] [host-log] (local-1) [host] [2026-10-02 19:02:21.025] [pid:48312] [zcode-host] [rpc:register] channel "client-scenes"
[2026-10-02 19:02:21.041] [pid:38324] [main] [host-log] (local-1) [host] [2026-10-02 19:02:21.025] [pid:48312] [zcode-host] [rpc:register] channel "off-peak-task"
[2026-10-02 19:02:21.042] [pid:38324] [main] [host-log] (local-1) [host] [2026-10-02 19:02:21.025] [pid:48312] [zcode-host] [rpc:register] channel "skills"
[2026-10-02 19:02:21.043] [pid:38324] [main] [host-log] (local-1) [host] [2026-10-02 19:02:21.026] [pid:48312] [zcode-host] [rpc:register] channel "skill-sync"
[2026-10-02 19:02:21.044] [pid:38324] [main] [host-log] (local-1) [host] [2026-10-02 19:02:21.026] [pid:48312] [zcode-host] [rpc:register] channel "mcp-sync"
[2026-10-02 19:02:21.044] [pid:38324] [main] [host-log] (local-1) [host] [2026-10-02 19:02:21.026] [pid:48312] [zcode-host] [rpc:register] channel "plugin-sync"
[2026-10-02 19:02:21.045] [pid:38324] [main] [host-log] (local-1) [host] [2026-10-02 19:02:21.026] [pid:48312] [zcode-host] [rpc:register] channel "plugins"
[2026-10-02 19:02:21.045] [pid:38324] [main] [host-log] (local-1) [host] [2026-10-02 19:02:21.026] [pid:48312] [zcode-host] [rpc:register] channel "plugin-management"
[2026-10-02 19:02:21.046] [pid:38324] [main] [host-log] (local-1) [host] [2026-10-02 19:02:21.026] [pid:48312] [zcode-host] [rpc:register] channel "subagents"
[2026-10-02 19:02:21.047] [pid:38324] [main] [host-log] (local-1) [host] [2026-10-02 19:02:21.026] [pid:48312] [zcode-host] [rpc:register] channel "commands"
[2026-10-02 19:02:21.047] [pid:38324] [main] [host-log] (local-1) [host] [2026-10-02 19:02:21.026] [pid:48312] [zcode-host] [rpc:register] channel "hooks"
[2026-10-02 19:02:21.048] [pid:38324] [main] [host-log] (local-1) [host] [2026-10-02 19:02:21.026] [pid:48312] [zcode-host] [rpc:register] channel "memory"
[2026-10-02 19:02:21.049] [pid:38324] [main] [host-log] (local-1) [host] [2026-10-02 19:02:21.026] [pid:48312] [zcode-host] [rpc:register] channel "settings-sync"
[2026-10-02 19:02:21.049] [pid:38324] [main] [host-log] (local-1) [host] [2026-10-02 19:02:21.026] [pid:48312] [zcode-host] [rpc:register] channel "feedback"
[2026-10-02 19:02:21.050] [pid:38324] [main] [host-log] (local-1) [host] [2026-10-02 19:02:21.026] [pid:48312] [zcode-host] [rpc:register] channel "prompt-attachment-transfer"
[2026-10-02 19:02:21.051] [pid:38324] [main] [host-log] (local-1) [host] [2026-10-02 19:02:21.026] [pid:48312] [zcode-host] [rpc:register] channel "provider-settings"
[2026-10-02 19:02:21.051] [pid:38324] [main] [host-log] (local-1) [host] [2026-10-02 19:02:21.026] [pid:48312] [zcode-host] [rpc:register] channel "model-selection"
[2026-10-02 19:02:21.052] [pid:38324] [main] [host-log] (local-1) [host] [2026-10-02 19:02:21.026] [pid:48312] [zcode-host] [rpc:register] channel "window-controller"
[2026-10-02 19:02:21.053] [pid:38324] [main] [host-log] (local-1) [host] [2026-10-02 19:02:21.026] [pid:48312] [zcode-host] service connection ready mode=desktop-continuous
[2026-10-02 19:02:21.053] [pid:38324] [main] [host-log] (local-1) [host] [2026-10-02 19:02:21.026] [pid:48312] [zcode-host] window Host topology, reason=base-attachment-ready, pid=48312, connections=0, logicalSessions=0, attachments=1
[2026-10-02 19:02:21.054] [pid:38324] [main] [host-log] (local-1) [host] [2026-10-02 19:02:21.026] [pid:48312] [zcode-host] local services ready, all channels registered
[2026-10-02 19:02:21.055] [pid:38324] [main] [database-startup] terminal {
  attemptId: 'a1f8d88a-d7ac-45ed-bdab-963e6172932e',
  status: 'ready',
  durationMs: 1920,
  errorCode: undefined,
  disk: [
    {
      scopeId: 'df81e191609143170757a1d69e37b8a237e4ca4bd99588ddaf1f2f5467edaaaf',
      observedAvailableDropPeakBytes: 0,
      minAvailableBytes: 274737799168,
      quality: 'complete',
      sampledAt: 1790938939996
    }
  ]
}
[2026-10-02 19:02:21.057] [pid:38324] [main] [cron-scheduler] forked scheduler process pid=undefined
[2026-10-02 19:02:21.062] [pid:38324] [main] [host-log] (local-1) [host] [2026-10-02 19:02:21.061] [pid:48312] [zcode-host] [rpc:listen] broadcast.onMessage subscribed
[2026-10-02 19:02:21.070] [pid:38324] [main] [host-log] (local-1) [host] [2026-10-02 19:02:21.069] [pid:48312] [zcode-host] [rpc:listen] zcode-agent.onDynamicCuaPermissionObservation subscribed
[2026-10-02 19:02:21.072] [pid:38324] [main] [host-log] (local-1) [host] [2026-10-02 19:02:21.070] [pid:48312] [zcode-host] [rpc:listen] model-selection.onDidChange subscribed
[2026-10-02 19:02:21.073] [pid:38324] [main] [host-log] (local-1) [host] [2026-10-02 19:02:21.071] [pid:48312] [zcode-host] [rpc:listen] broadcast.onMessage subscribed
[2026-10-02 19:02:21.074] [pid:38324] [main] [host-log] (local-1) [host] [2026-10-02 19:02:21.071] [pid:48312] [zcode-host] [rpc:listen] provider-settings.onDidChange subscribed
[2026-10-02 19:02:21.075] [pid:38324] [main] [task-realtime] updated host workspace scopes {
  hostId: 'c532874c-af21-4580-babf-441e13db8aa0',
  workspaceKeyCount: 0
}
[2026-10-02 19:02:21.113] [pid:38324] [main] [host-log] (local-1) [host] [2026-10-02 19:02:21.071] [pid:48312] [zcode-host] [rpc:listen] broadcast.onMessage subscribed
[2026-10-02 19:02:21.167] [pid:38324] [main] [host-log] (local-1) [host] [2026-10-02 19:02:21.075] [pid:48312] [zcode-host] [rpc:call] setting.get OK (5.2ms)
[2026-10-02 19:02:21.168] [pid:38324] [main] [host-log] (local-1) [host] [2026-10-02 19:02:21.076] [pid:48312] [zcode-host] [rpc:listen] provider-settings.onDidChange subscribed
[2026-10-02 19:02:21.170] [pid:38324] [main] [host-log] (local-1) [host] [2026-10-02 19:02:21.076] [pid:48312] [zcode-host] [rpc:listen] broadcast.onMessage subscribed
[2026-10-02 19:02:21.171] [pid:38324] [main] [host-log] (local-1) [host] [2026-10-02 19:02:21.076] [pid:48312] [zcode-host] [rpc:listen] broadcast.onMessage subscribed
[2026-10-02 19:02:21.172] [pid:38324] [main] [host-log] (local-1) [host] [2026-10-02 19:02:21.077] [pid:48312] [zcode-host] [rpc:call] setting.get OK (5.9ms)
[2026-10-02 19:02:21.173] [pid:38324] [main] [host-log] (local-1) [host] [2026-10-02 19:02:21.077] [pid:48312] [oauthService] restoreCachedSession skipped: no active provider
[2026-10-02 19:02:21.174] [pid:38324] [main] [host-log] (local-1) [host] [2026-10-02 19:02:21.077] [pid:48312] [zcode-host] [rpc:call] oauth.restoreCachedSessionState OK (1.3ms)
[2026-10-02 19:02:21.175] [pid:38324] [main] [host-log] (local-1) [host] [2026-10-02 19:02:21.079] [pid:48312] [zcode-host] [rpc:call] coding-plan-subscription.getDynamicWorkflowClientConfig OK (9.6ms)
[2026-10-02 19:02:21.176] [pid:38324] [main] [host-log] (local-1) [host] [2026-10-02 19:02:21.080] [pid:48312] [zcode-host] [rpc:call] setting.get OK (3.2ms)
[2026-10-02 19:02:21.177] [pid:38324] [main] [host-log] (local-1) [host] [2026-10-02 19:02:21.080] [pid:48312] [zcode-host] [rpc:call] zcode-agent.syncAppRuntimePreferences OK (0.1ms)
[2026-10-02 19:02:21.178] [pid:38324] [main] [host-log] (local-1) [host] [2026-10-02 19:02:21.080] [pid:48312] [zcode-host] [rpc:call] bots.syncAppRuntimePreferences OK (0.1ms)
[2026-10-02 19:02:21.179] [pid:38324] [main] [host-log] (local-1) [host] [2026-10-02 19:02:21.081] [pid:48312] [zcode-host] [rpc:call] setting.get OK (0.8ms)
[2026-10-02 19:02:21.179] [pid:38324] [main] [host-log] (local-1) [host] [2026-10-02 19:02:21.084] [pid:48312] [zcode-host] [rpc:listen] zcode-agent.onDynamicCuaPermissionObservation subscribed
[2026-10-02 19:02:21.180] [pid:38324] [main] [host-log] (local-1) [host] [2026-10-02 19:02:21.084] [pid:48312] [zcode-host] [rpc:listen] broadcast.onMessage subscribed
[2026-10-02 19:02:21.181] [pid:38324] [main] [host-log] (local-1) [host] [2026-10-02 19:02:21.091] [pid:48312] [oauthService] restoreCachedSession skipped: no active provider
[2026-10-02 19:02:21.182] [pid:38324] [main] [host-log] (local-1) [host] [2026-10-02 19:02:21.091] [pid:48312] [zcode-host] [rpc:call] oauth.restoreCachedSessionState OK (7.7ms)
[2026-10-02 19:02:21.183] [pid:38324] [main] [open-folder] Windows Explorer 右键菜单已安装或更新 {
  executablePath: 'E:\\Xiadie\\Xiadie\\.runtime\\P01\\desktop-source\\node_modules\\electron\\dist\\electron.exe',
  hasDefaultAppEntry: true,
  locale: 'zh-CN'
}
[2026-10-02 19:02:21.186] [pid:38324] [main] [host-log] (local-1) [host] [2026-10-02 19:02:21.183] [pid:48312] [provider-runtime][trace:Provider Registry 已就绪] {"configRevision":"[\"zcode-builtin:30:0d0f81f218e8158e80dde70a98b1925bc1c7c73c6d42e1354ab5b9a2ba771bb1\",\"2915b997aefbd6c7fe8ccfc87153713dc11851987034eec5a515e9660ac81b0e\"]","providerCount":0}
[2026-10-02 19:02:21.187] [pid:38324] [main] [host-log] (local-1) [host] [2026-10-02 19:02:21.185] [pid:48312] [zcode-host] [rpc:call] provider-settings.getView OK (114.0ms)
[2026-10-02 19:02:21.188] [pid:38324] [main] [host-log] (local-1) [host] [2026-10-02 19:02:21.185] [pid:48312] [zcode-host] [rpc:call] provider-settings.getView OK (109.1ms)
[2026-10-02 19:02:21.190] [pid:38324] [main] [host-log] (local-1) [host] [2026-10-02 19:02:21.187] [pid:48312] [zcode-host] [rpc:call] credential.load OK (0.5ms)
[2026-10-02 19:02:21.191] [pid:38324] [main] [host-log] (local-1) [host] [2026-10-02 19:02:21.187] [pid:48312] [zcode-host] [rpc:call] credential.load OK (0.5ms)
[2026-10-02 19:02:21.192] [pid:38324] [main] [host-log] (local-1) [host] [2026-10-02 19:02:21.188] [pid:48312] [zcode-host] [rpc:call] model-selection.getView OK (117.1ms)
[2026-10-02 19:02:21.193] [pid:38324] [main] [host-log] (local-1) [host] [2026-10-02 19:02:21.188] [pid:48312] [zcode-agent-service] provider/model 尚未就绪，ZCode agent 保持未启动 {"providerCount":0,"revision":"model-selection:1","workspaceKey":"E:\\Xiadie\\Xiadie\\.runtime\\P01\\u08-no-key-1790938916163132300\\workspace","workspacePath":"E:\\Xiadie\\Xiadie\\.runtime\\P01\\u08-no-key-1790938916163132300\\workspace"}
[2026-10-02 19:02:21.195] [pid:38324] [main] [host-log] (local-1) [host] [2026-10-02 19:02:21.189] [pid:48312] [zcode-agent] ZCode agent command resolved {"workspaceKey":"E:\\Xiadie\\Xiadie\\.runtime\\P01\\u08-no-key-1790938916163132300\\workspace","command":"E:\\Xiadie\\Xiadie\\.runtime\\P01\\desktop-source\\node_modules\\electron\\dist\\electron.exe","effectiveCommand":"E:\\Xiadie\\Xiadie\\.runtime\\P01\\desktop-source\\node_modules\\electron\\dist\\electron.exe","resolveCommandDurationMs":1}
[2026-10-02 19:02:21.197] [pid:38324] [main] [cron-scheduler] scheduler process exited code=1
[2026-10-02 19:02:21.204] [pid:38324] [main] [open-folder] Windows Explorer 右键菜单已安装或更新 {
  executablePath: 'E:\\Xiadie\\Xiadie\\.runtime\\P01\\desktop-source\\node_modules\\electron\\dist\\electron.exe',
  hasDefaultAppEntry: true,
  locale: 'en-US'
}
[2026-10-02 19:02:21.207] [pid:38324] [main] [crash-capture] child-process-gone: {
  type: 'Utility',
  reason: 'killed',
  exitCode: 1,
  serviceName: 'node.mojom.NodeService',
  name: 'zcode-cron-scheduler'
}
[2026-10-02 19:02:21.208] [pid:38324] [main] [stability] perf_process_exit reported {
  exit_code: 1,
  exit_reason: 'killed',
  process_role: 'utility',
  exit_kind: 'normal',
  process_type: 'Utility',
  process_name: 'node.mojom.NodeService'
}
[2026-10-02 19:02:21.210] [pid:38324] [main] [host-log] (local-1) [host] [2026-10-02 19:02:21.208] [pid:48312] [zcode-host] [rpc:call] oauth.getProviders OK (0.1ms)
[2026-10-02 19:02:21.212] [pid:38324] [main] [host-log] (local-1) [host] [2026-10-02 19:02:21.208] [pid:48312] [zcode-host] [rpc:call] oauth.getProviders OK (0.0ms)
[2026-10-02 19:02:21.212] [pid:38324] [main] [host-log] (local-1) [host] [2026-10-02 19:02:21.210] [pid:48312] [zcode-agent] ZCode agent spawn preflight {"workspaceKey":"E:\\Xiadie\\Xiadie\\.runtime\\P01\\u08-no-key-1790938916163132300\\workspace","spawnPreflight":{"command":"E:\\Xiadie\\Xiadie\\.runtime\\P01\\desktop-source\\node_modules\\electron\\dist\\electron.exe","args":["E:\\Xiadie\\Xiadie\\.runtime\\P01\\desktop-source\\apps\\zcode-cli\\packages\\cli\\dist\\zcode.cjs","app-server","--stdio"],"requestedCwd":"E:\\Xiadie\\Xiadie\\.runtime\\P01\\u08-no-key-1790938916163132300\\workspace","cwd":"E:\\Xiadie\\Xiadie\\.runtime\\P01\\u08-no-key-1790938916163132300\\workspace","cwdSource":"command","commandPathKind":"absolute","commandExists":true,"cwdExists":true}}
[2026-10-02 19:02:21.231] [pid:38324] [main] [stability] perf_agent_start reported {
  pid: 28408,
  runtimeGeneration: 1,
  runtimeInstanceId: 'agent-59139887-b278-4dc4-be4f-b98a0ccf4b8b'
}
[2026-10-02 19:02:21.232] [pid:38324] [main] [host-log] (local-1) [host] [2026-10-02 19:02:21.230] [pid:48312] [zcode-agent] ZCode agent process started {"workspaceKey":"E:\\Xiadie\\Xiadie\\.runtime\\P01\\u08-no-key-1790938916163132300\\workspace","command":"E:\\Xiadie\\Xiadie\\.runtime\\P01\\desktop-source\\node_modules\\electron\\dist\\electron.exe","cwd":"E:\\Xiadie\\Xiadie\\.runtime\\P01\\u08-no-key-1790938916163132300\\workspace","pid":28408,"durationMs":42}
[2026-10-02 19:02:21.233] [pid:38324] [main] [host-log] (local-1) [host] [2026-10-02 19:02:21.230] [pid:48312] [zcode-host] [rpc:call] oauth.getActiveProvider OK (20.0ms)
[2026-10-02 19:02:21.234] [pid:38324] [main] [host-log] (local-1) [host] [2026-10-02 19:02:21.230] [pid:48312] [zcode-host] [rpc:call] oauth.getActiveProvider OK (20.0ms)
[2026-10-02 19:02:21.869] [pid:38324] [main] [stability] perf_app_start reported
[2026-10-02 19:02:22.096] [pid:38324] [main] [host-log] (local-1) [host] [2026-10-02 19:02:22.095] [pid:48312] [zcode-agent-service] 为只读会话控制面启动 ZCode agent {"workspaceKey":"E:\\Xiadie\\Xiadie\\.runtime\\P01\\u08-no-key-1790938916163132300\\workspace","workspacePath":"E:\\Xiadie\\Xiadie\\.runtime\\P01\\u08-no-key-1790938916163132300\\workspace"}
[2026-10-02 19:02:22.096] [pid:38324] [main] [host-log] (local-1) [host] [2026-10-02 19:02:22.095] [pid:48312] [zcode-agent-service] ZCode agent 初始化完成 {"durationMs":1072,"transportKind":"stdio","workspaceKey":"E:\\Xiadie\\Xiadie\\.runtime\\P01\\u08-no-key-1790938916163132300\\workspace","workspacePath":"E:\\Xiadie\\Xiadie\\.runtime\\P01\\u08-no-key-1790938916163132300\\workspace"}
[2026-10-02 19:02:22.097] [pid:38324] [main] [host-log] (local-1) [host] [2026-10-02 19:02:22.095] [pid:48312] [zcode-host] ZCode agent warmup ready (local host init (1/1)) workspace=E:\Xiadie\Xiadie\.runtime\P01\u08-no-key-1790938916163132300\workspace transport=stdio
[2026-10-02 19:02:24.475] [pid:38324] [main] [host-log] (local-1) [host] [2026-10-02 19:02:24.474] [pid:48312] [settingService] writing settings to: E:\Xiadie\Xiadie\.runtime\P01\u08-no-key-1790938916163132300\home\.zcode\v2\setting.json {"recentProjects":[],"locale":"zh-CN","localePreference":"en-US","terminalInheritSystemProfile":true,"embeddedBrowserAllowInsecureCertificates":false,"embeddedBrowserViewportPreference":{"mode":"normal","viewport":{"width":393,"height":852},"zoom":"fit"},"computerUseComposerEntryHidden":true,"taskAutoArchiveEnabled":false,"taskAutoArchiveOlderThanDays":7,"closeToTrayOnWindows":true,"closeToTrayOnWindowsMigrationInitialized":true,"keepAwakeWhileRunning":false,"desktopChromiumHardwareAccelerationEnabled":false,"messageStreamShowReasoning":true,"messageStreamShowReasoningMigrationInitialized":true,"messageStreamShowTodos":false,"toolGroupingExploreEnabled":true,"toolGroupingTerminalEnabled":true,"toolGroupingChangesEnabled":false,"zcodeInteractionBehavior":"queue","askUserQuestionAutoResolutionEnabled":true,"modelIoFullRetentionEnabled":false,"startPlanRecommendationDismissed":false,"providerFamilyConnectionSelections":{},"providerFamilyDomain":"zai","providerFamilyDomainUpdatedAt":1790938944471,"providerFamilyDomainMigrated":true,"nativeSearchEnhancementsEnabled":true,"memoryEnabled":false,"lastWorkspaceSession":[{"kind":"local","workspacePath":"E:\\Xiadie\\Xiadie\\.runtime\\P01\\u08-no-key-1790938916163132300\\workspace","workspacePurpose":"project"},{"kind":"local","workspacePath":"E:\\Xiadie\\Xiadie\\.runtime\\P01\\u08-no-key-1790938916163132300\\data\\.zcode\\workspace\\default","workspacePurpose":"conversation"}],"lastActiveTabIndex":0,"receivePreviewUpdates":false,"autoDownloadAndInstallUpdates":false,"skippedElectronUpdateVersions":{},"settingsSyncFirstRunPromptHandled":true}
[2026-10-02 19:02:24.480] [pid:38324] [main] [host-log] (local-1) [host] [2026-10-02 19:02:24.479] [pid:48312] [settingService] write done
[2026-10-02 19:02:24.481] [pid:38324] [main] [host-log] (local-1) [host] [2026-10-02 19:02:24.479] [pid:48312] [zcode-host] [rpc:call] setting.update OK (8.3ms)
[2026-10-02 19:02:24.528] [pid:38324] [main] [host-log] (local-1) [host] [2026-10-02 19:02:24.527] [pid:48312] [zcode-host] [rpc:call] setting.get OK (2.8ms)
[2026-10-02 19:02:24.529] [pid:38324] [main] [host-log] (local-1) [host] [2026-10-02 19:02:24.528] [pid:48312] [zcode-host] [rpc:call] file.ensureConversationWorkspace OK (0.7ms)
[2026-10-02 19:02:24.530] [pid:38324] [main] [task-realtime] updated host workspace scopes {
  hostId: 'c532874c-af21-4580-babf-441e13db8aa0',
  workspaceKeyCount: 1
}
[2026-10-02 19:02:24.533] [pid:38324] [main] [host-log] (local-1) [host] [2026-10-02 19:02:24.532] [pid:48312] [zcode-host] [rpc:call] setting.get OK (0.7ms)
[2026-10-02 19:02:24.534] [pid:38324] [main] [host-log] (local-1) [host] [2026-10-02 19:02:24.534] [pid:48312] [zcode-host] [rpc:call] file.ensureConversationWorkspace OK (0.6ms)
[2026-10-02 19:02:24.537] [pid:38324] [main] [host-log] (local-1) [host] [2026-10-02 19:02:24.536] [pid:48312] [settingService] writing settings to: E:\Xiadie\Xiadie\.runtime\P01\u08-no-key-1790938916163132300\home\.zcode\v2\setting.json {"recentProjects":["E:\\Xiadie\\Xiadie\\.runtime\\P01\\u08-no-key-1790938916163132300\\workspace"],"locale":"zh-CN","localePreference":"en-US","terminalInheritSystemProfile":true,"embeddedBrowserAllowInsecureCertificates":false,"embeddedBrowserViewportPreference":{"mode":"normal","viewport":{"width":393,"height":852},"zoom":"fit"},"computerUseComposerEntryHidden":true,"taskAutoArchiveEnabled":false,"taskAutoArchiveOlderThanDays":7,"closeToTrayOnWindows":true,"closeToTrayOnWindowsMigrationInitialized":true,"keepAwakeWhileRunning":false,"desktopChromiumHardwareAccelerationEnabled":false,"messageStreamShowReasoning":true,"messageStreamShowReasoningMigrationInitialized":true,"messageStreamShowTodos":false,"toolGroupingExploreEnabled":true,"toolGroupingTerminalEnabled":true,"toolGroupingChangesEnabled":false,"zcodeInteractionBehavior":"queue","askUserQuestionAutoResolutionEnabled":true,"modelIoFullRetentionEnabled":false,"startPlanRecommendationDismissed":false,"providerFamilyConnectionSelections":{},"providerFamilyDomain":"zai","providerFamilyDomainUpdatedAt":1790938944471,"providerFamilyDomainMigrated":true,"nativeSearchEnhancementsEnabled":true,"memoryEnabled":false,"lastWorkspaceSession":[{"kind":"local","workspacePath":"E:\\Xiadie\\Xiadie\\.runtime\\P01\\u08-no-key-1790938916163132300\\workspace","workspacePurpose":"project"},{"kind":"local","workspacePath":"E:\\Xiadie\\Xiadie\\.runtime\\P01\\u08-no-key-1790938916163132300\\data\\.zcode\\workspace\\default","workspacePurpose":"conversation"}],"lastActiveTabIndex":0,"receivePreviewUpdates":false,"autoDownloadAndInstallUpdates":false,"skippedElectronUpdateVersions":{},"settingsSyncFirstRunPromptHandled":true}
[2026-10-02 19:02:24.540] [pid:38324] [main] [host-log] (local-1) [host] [2026-10-02 19:02:24.538] [pid:48312] [zcode-host] [rpc:call] onboarding-record.claimAnonymousRecord OK (0.4ms)
[2026-10-02 19:02:24.544] [pid:38324] [main] [host-log] (local-1) [host] [2026-10-02 19:02:24.539] [pid:48312] [zcode-host] [rpc:call] onboarding-record.getLatestEntry OK (1.4ms)
[2026-10-02 19:02:24.545] [pid:38324] [main] [host-log] (local-1) [host] [2026-10-02 19:02:24.540] [pid:48312] [zcode-host] [rpc:call] onboarding-record.shouldOnboard OK (1.0ms)
[2026-10-02 19:02:24.546] [pid:38324] [main] [host-log] (local-1) [host] [2026-10-02 19:02:24.543] [pid:48312] [settingService] write done
[2026-10-02 19:02:24.546] [pid:38324] [main] [host-log] (local-1) [host] [2026-10-02 19:02:24.543] [pid:48312] [zcode-host] [rpc:call] setting.update OK (7.6ms)
[2026-10-02 19:02:24.549] [pid:38324] [main] [host-log] (local-1) [host] [2026-10-02 19:02:24.549] [pid:48312] [zcode-host] [rpc:call] setting.get OK (11.1ms)
[2026-10-02 19:02:24.572] [pid:38324] [renderer] v4 conversation frame upstream attached {
  workspaceKey: 'E:\\Xiadie\\Xiadie\\.runtime\\P01\\u08-no-key-1790938916163132300\\workspace',
  workspacePath: 'E:\\Xiadie\\Xiadie\\.runtime\\P01\\u08-no-key-1790938916163132300\\workspace',
  event: 'v4.conversation.frames.upstream_attached',
  listenerCount: 1,
  module: 'ui.v4.conversation_transport',
  runtimeGeneration: 0,
  status: 'completed'
}
[2026-10-02 19:02:24.573] [pid:38324] [renderer] v4 workspace connection created {
  event: 'v4.workspace_connection.created',
  isRemote: false,
  key: '__base__ E:\\Xiadie\\Xiadie\\.runtime\\P01\\u08-no-key-1790938916163132300\\workspace',
  module: 'ui.v4.workspace_connection_registry',
  refCount: 1,
  serviceGeneration: 1,
  status: 'completed'
}
[2026-10-02 19:02:24.574] [pid:38324] [main] [host-log] (local-1) [host] [2026-10-02 19:02:24.572] [pid:48312] [zcode-host] [rpc:listen] zcode-agent.onDynamicLocalTtftFacts subscribed
[2026-10-02 19:02:24.574] [pid:38324] [main] [host-log] (local-1) [host] [2026-10-02 19:02:24.572] [pid:48312] [zcode-host] [rpc:listen] zcode-agent.onDynamicConversationFrame subscribed
[2026-10-02 19:02:24.627] [pid:38324] [main] [host-log] (local-1) [host] [2026-10-02 19:02:24.626] [pid:48312] [zcode-host] [rpc:listen] window-controller.onDynamicControllerFrame subscribed
[2026-10-02 19:02:24.627] [pid:38324] [main] [host-log] (local-1) [host] [2026-10-02 19:02:24.626] [pid:48312] [zcode-host] [rpc:call] window-controller.subscribeControllerV4 OK (0.2ms)
[2026-10-02 19:02:24.627] [pid:38324] [main] [host-log] (local-1) [host] [2026-10-02 19:02:24.626] [pid:48312] [zcode-host] [rpc:call] window-controller.subscribeControllerV4 OK (0.1ms)
[2026-10-02 19:02:24.628] [pid:38324] [main] [host-log] (local-1) [host] [2026-10-02 19:02:24.627] [pid:48312] [zcode-host] [rpc:listen] zcode-agent.onDynamicSessionsIndexFrame subscribed
[2026-10-02 19:02:24.629] [pid:38324] [main] [host-log] (local-1) [host] [2026-10-02 19:02:24.627] [pid:48312] [zcode-host] [rpc:listen] zcode-agent.onAgentRuntimeLifecycle subscribed
[2026-10-02 19:02:24.629] [pid:38324] [main] [host-log] (local-1) [host] [2026-10-02 19:02:24.627] [pid:48312] [zcode-host] [rpc:call] zcode-agent.helloConversationV4 OK (0.1ms)
[2026-10-02 19:02:24.629] [pid:38324] [main] [host-log] (local-1) [host] [2026-10-02 19:02:24.627] [pid:48312] [zcode-host] [rpc:call] zcode-task.listPinnedTaskIds OK (0.3ms)
[2026-10-02 19:02:24.630] [pid:38324] [main] [host-log] (local-1) [host] [2026-10-02 19:02:24.628] [pid:48312] [zcode-host] [rpc:call] zcode-task.listArchivedTasks OK (0.2ms)
[2026-10-02 19:02:24.631] [pid:38324] [main] [host-log] (local-1) [host] [2026-10-02 19:02:24.628] [pid:48312] [zcode-host] [rpc:call] zcode-task.listTasks OK (0.3ms)
[2026-10-02 19:02:24.632] [pid:38324] [main] [host-log] (local-1) [host] [2026-10-02 19:02:24.628] [pid:48312] [zcode-host] [rpc:call] zcode-task.listPinnedTasks OK (0.1ms)
[2026-10-02 19:02:24.632] [pid:38324] [main] [host-log] (local-1) [host] [2026-10-02 19:02:24.629] [pid:48312] [zcode-host] [rpc:call] zcode-task.listDeletedTaskIds OK (0.1ms)
[2026-10-02 19:02:24.633] [pid:38324] [main] [host-log] (local-1) [host] [2026-10-02 19:02:24.629] [pid:48312] [zcode-host] [rpc:listen] zcode-task.onDynamicWorkspaceEvent subscribed
[2026-10-02 19:02:24.634] [pid:38324] [main] [host-log] (local-1) [host] [2026-10-02 19:02:24.631] [pid:48312] [zcode-host] [rpc:call] window-controller.listTaskList OK (4.5ms)
[2026-10-02 19:02:24.635] [pid:38324] [main] [host-log] (local-1) [host] [2026-10-02 19:02:24.632] [pid:48312] [zcode-host] [rpc:listen] zcode-agent.onAgentRuntimeLifecycle subscribed
[2026-10-02 19:02:24.636] [pid:38324] [main] [host-log] (local-1) [host] [2026-10-02 19:02:24.634] [pid:48312] [zcode-host] [rpc:call] system.info OK (0.1ms)
[2026-10-02 19:02:24.636] [pid:38324] [main] [host-log] (local-1) [host] [2026-10-02 19:02:24.635] [pid:48312] [zcode-host] [rpc:listen] model-selection.onDidChange subscribed
[2026-10-02 19:02:24.637] [pid:38324] [main] [host-log] (local-1) [host] [2026-10-02 19:02:24.635] [pid:48312] [zcode-host] [rpc:listen] model-selection.onDidChange subscribed
[2026-10-02 19:02:24.638] [pid:38324] [main] [host-log] (local-1) [host] [2026-10-02 19:02:24.636] [pid:48312] [zcode-host] [rpc:call] model-selection.getView OK (0.9ms)
[2026-10-02 19:02:24.638] [pid:38324] [main] [host-log] (local-1) [host] [2026-10-02 19:02:24.636] [pid:48312] [zcode-host] [rpc:listen] zcode-agent.onDynamicConversationTelemetryFact subscribed
[2026-10-02 19:02:24.639] [pid:38324] [main] [host-log] (local-1) [host] [2026-10-02 19:02:24.636] [pid:48312] [zcode-host] [rpc:call] model-selection.getView OK (1.4ms)
[2026-10-02 19:02:24.639] [pid:38324] [main] [host-log] (local-1) [host] [2026-10-02 19:02:24.638] [pid:48312] [zcode-host] [rpc:call] subagents.list OK (6.9ms)
[2026-10-02 19:02:24.640] [pid:38324] [main] [host-log] (local-1) [host] [2026-10-02 19:02:24.638] [pid:48312] [zcode-host] [rpc:call] off-peak-task.list OK (0.3ms)
[2026-10-02 19:02:24.646] [pid:38324] [main] [host-log] (local-1) [host] [2026-10-02 19:02:24.644] [pid:48312] [zcode-host] [rpc:call] settings-sync.getFirstRunPromptState OK (0.9ms)
[2026-10-02 19:02:24.693] [pid:38324] [main] [host-log] (local-1) [host] [2026-10-02 19:02:24.692] [pid:48312] [zcode-host] [rpc:call] window-controller.listTaskList OK (0.1ms)
[2026-10-02 19:02:24.694] [pid:38324] [main] [host-log] (local-1) [host] [2026-10-02 19:02:24.694] [pid:48312] [zcode-host] [rpc:call] zcode-agent.initializeConversationV4 OK (0.5ms)
[2026-10-02 19:02:24.698] [pid:38324] [main] [host-log] (local-1) [host] [2026-10-02 19:02:24.698] [pid:48312] [zcode-host] [rpc:call] window-controller.listTaskList OK (0.1ms)
[2026-10-02 19:02:24.723] [pid:38324] [main] [host-log] (local-1) [host] [2026-10-02 19:02:24.723] [pid:48312] [zcode-host] [rpc:call] zcode-agent.subscribeSessionsIndexV4 OK (1.5ms)
[2026-10-02 19:02:24.792] [pid:38324] [main] [host-log] (local-1) [host] [2026-10-02 19:02:24.791] [pid:48312] [zcode-host] [rpc:call] setting.get OK (0.8ms)
[2026-10-02 19:02:24.793] [pid:38324] [main] [host-log] (local-1) [host] [2026-10-02 19:02:24.791] [pid:48312] [zcode-host] [rpc:call] system.info OK (0.0ms)
[2026-10-02 19:02:24.794] [pid:38324] [main] [host-log] (local-1) [host] [2026-10-02 19:02:24.792] [pid:48312] [zcode-host] [rpc:call] setting.get OK (1.1ms)
[2026-10-02 19:02:24.808] [pid:38324] [main] [host-log] (local-1) [host] [2026-10-02 19:02:24.807] [pid:48312] [zcode-host] [rpc:call] git.refresh OK (168.7ms)
[2026-10-02 19:02:24.877] [pid:38324] [main] [host-log] (local-1) [host] [2026-10-02 19:02:24.876] [pid:48312] [zcode-host] [rpc:call] system.listIntegratedTerminalShells OK (0.6ms)
[2026-10-02 19:02:25.505] [pid:38324] [main] [task-realtime] updated host workspace scopes {
  hostId: 'c532874c-af21-4580-babf-441e13db8aa0',
  workspaceKeyCount: 2
}
[2026-10-02 19:02:25.506] [pid:38324] [main] [host-log] (local-1) [host] [2026-10-02 19:02:25.505] [pid:48312] [zcode-host] [rpc:call] window-controller.listTaskList OK (0.6ms)
[2026-10-02 19:02:25.507] [pid:38324] [main] [host-log] (local-1) [host] [2026-10-02 19:02:25.505] [pid:48312] [zcode-host] [rpc:call] window-controller.listTaskList OK (0.0ms)
[2026-10-02 19:02:25.802] [pid:38324] [main] [host-log] (local-1) [host] [2026-10-02 19:02:25.802] [pid:48312] [settingService] writing settings to: E:\Xiadie\Xiadie\.runtime\P01\u08-no-key-1790938916163132300\home\.zcode\v2\setting.json {"recentProjects":["E:\\Xiadie\\Xiadie\\.runtime\\P01\\u08-no-key-1790938916163132300\\workspace"],"locale":"zh-CN","localePreference":"en-US","terminalInheritSystemProfile":true,"embeddedBrowserAllowInsecureCertificates":false,"embeddedBrowserViewportPreference":{"mode":"normal","viewport":{"width":393,"height":852},"zoom":"fit"},"computerUseComposerEntryHidden":true,"taskAutoArchiveEnabled":false,"taskAutoArchiveOlderThanDays":7,"closeToTrayOnWindows":true,"closeToTrayOnWindowsMigrationInitialized":true,"keepAwakeWhileRunning":false,"desktopChromiumHardwareAccelerationEnabled":false,"messageStreamShowReasoning":true,"messageStreamShowReasoningMigrationInitialized":true,"messageStreamShowTodos":false,"toolGroupingExploreEnabled":true,"toolGroupingTerminalEnabled":true,"toolGroupingChangesEnabled":false,"zcodeInteractionBehavior":"queue","askUserQuestionAutoResolutionEnabled":true,"modelIoFullRetentionEnabled":false,"startPlanRecommendationDismissed":false,"providerFamilyConnectionSelections":{},"providerFamilyDomain":"zai","providerFamilyDomainUpdatedAt":1790938944471,"providerFamilyDomainMigrated":true,"nativeSearchEnhancementsEnabled":true,"memoryEnabled":false,"lastWorkspaceSession":[{"kind":"local","workspacePath":"E:\\Xiadie\\Xiadie\\.runtime\\P01\\u08-no-key-1790938916163132300\\workspace","workspacePurpose":"project"},{"kind":"local","workspacePath":"E:\\Xiadie\\Xiadie\\.runtime\\P01\\u08-no-key-1790938916163132300\\data\\.zcode\\workspace\\default","workspacePurpose":"conversation"}],"lastActiveTabIndex":0,"receivePreviewUpdates":false,"autoDownloadAndInstallUpdates":false,"skippedElectronUpdateVersions":{},"settingsSyncFirstRunPromptHandled":true}
[2026-10-02 19:02:25.807] [pid:38324] [main] [host-log] (local-1) [host] [2026-10-02 19:02:25.806] [pid:48312] [settingService] write done
[2026-10-02 19:02:25.808] [pid:38324] [main] [host-log] (local-1) [host] [2026-10-02 19:02:25.806] [pid:48312] [zcode-host] [rpc:call] setting.update OK (5.3ms)
[2026-10-02 19:02:26.522] [pid:38324] [main] [host-log] (local-1) [host] [2026-10-02 19:02:26.522] [pid:48312] [zcode-host] [rpc:call] system.info OK (0.0ms)
[2026-10-02 19:02:26.523] [pid:38324] [main] [host-log] (local-1) [host] [2026-10-02 19:02:26.522] [pid:48312] [zcode-host] [rpc:call] file-watcher.watch OK (0.6ms)
[2026-10-02 19:02:26.524] [pid:38324] [main] [host-log] (local-1) [host] [2026-10-02 19:02:26.523] [pid:48312] [zcode-host] [rpc:call] file-watcher.watch OK (0.5ms)
[2026-10-02 19:02:26.577] [pid:38324] [main] [host-log] (local-1) [host] [2026-10-02 19:02:26.577] [pid:48312] [zcode-host] [rpc:listen] file-watcher.onDynamicChange subscribed
[2026-10-02 19:02:26.578] [pid:38324] [main] [host-log] (local-1) [host] [2026-10-02 19:02:26.577] [pid:48312] [zcode-host] [rpc:listen] file-watcher.onDynamicChange subscribed
[2026-10-02 19:02:26.579] [pid:38324] [main] [host-log] (local-1) [host] [2026-10-02 19:02:26.577] [pid:48312] [zcode-host] [rpc:call] file-watcher.unwatch OK (0.1ms)
[2026-10-02 19:02:26.579] [pid:38324] [main] [host-log] (local-1) [host] [2026-10-02 19:02:26.577] [pid:48312] [zcode-host] [rpc:call] file-watcher.unwatch OK (0.0ms)
[2026-10-02 19:02:26.580] [pid:38324] [main] [host-log] (local-1) [host] [2026-10-02 19:02:26.578] [pid:48312] [zcode-host] [rpc:call] file-watcher.watch OK (0.5ms)
[2026-10-02 19:02:26.580] [pid:38324] [main] [host-log] (local-1) [host] [2026-10-02 19:02:26.578] [pid:48312] [zcode-host] [rpc:call] file-watcher.watch OK (0.3ms)
[2026-10-02 19:02:26.580] [pid:38324] [main] [host-log] (local-1) [host] [2026-10-02 19:02:26.579] [pid:48312] [zcode-host] [rpc:call] file-watcher.watch OK (0.3ms)
[2026-10-02 19:02:26.581] [pid:38324] [main] [host-log] (local-1) [host] [2026-10-02 19:02:26.580] [pid:48312] [zcode-host] [rpc:listen] file-watcher.onDynamicChange subscribed
[2026-10-02 19:02:26.581] [pid:38324] [main] [host-log] (local-1) [host] [2026-10-02 19:02:26.580] [pid:48312] [zcode-host] [rpc:listen] file-watcher.onDynamicChange subscribed
[2026-10-02 19:02:26.582] [pid:38324] [main] [host-log] (local-1) [host] [2026-10-02 19:02:26.580] [pid:48312] [zcode-host] [rpc:listen] file-watcher.onDynamicChange subscribed
[2026-10-02 19:02:26.824] [pid:38324] [main] [host-log] (local-1) [host] [2026-10-02 19:02:26.824] [pid:48312] [settingService] writing settings to: E:\Xiadie\Xiadie\.runtime\P01\u08-no-key-1790938916163132300\home\.zcode\v2\setting.json {"recentProjects":["E:\\Xiadie\\Xiadie\\.runtime\\P01\\u08-no-key-1790938916163132300\\workspace"],"locale":"zh-CN","localePreference":"en-US","terminalInheritSystemProfile":true,"embeddedBrowserAllowInsecureCertificates":false,"embeddedBrowserViewportPreference":{"mode":"normal","viewport":{"width":393,"height":852},"zoom":"fit"},"computerUseComposerEntryHidden":true,"taskAutoArchiveEnabled":false,"taskAutoArchiveOlderThanDays":7,"closeToTrayOnWindows":true,"closeToTrayOnWindowsMigrationInitialized":true,"keepAwakeWhileRunning":false,"desktopChromiumHardwareAccelerationEnabled":false,"messageStreamShowReasoning":true,"messageStreamShowReasoningMigrationInitialized":true,"messageStreamShowTodos":false,"toolGroupingExploreEnabled":true,"toolGroupingTerminalEnabled":true,"toolGroupingChangesEnabled":false,"zcodeInteractionBehavior":"queue","askUserQuestionAutoResolutionEnabled":true,"modelIoFullRetentionEnabled":false,"startPlanRecommendationDismissed":false,"providerFamilyConnectionSelections":{},"providerFamilyDomain":"zai","providerFamilyDomainUpdatedAt":1790938944471,"providerFamilyDomainMigrated":true,"nativeSearchEnhancementsEnabled":true,"memoryEnabled":false,"lastWorkspaceSession":[{"kind":"local","workspacePath":"E:\\Xiadie\\Xiadie\\.runtime\\P01\\u08-no-key-1790938916163132300\\workspace","workspacePurpose":"project"},{"kind":"local","workspacePath":"E:\\Xiadie\\Xiadie\\.runtime\\P01\\u08-no-key-1790938916163132300\\data\\.zcode\\workspace\\default","workspacePurpose":"conversation"}],"lastActiveTabIndex":0,"receivePreviewUpdates":false,"autoDownloadAndInstallUpdates":false,"skippedElectronUpdateVersions":{},"settingsSyncFirstRunPromptHandled":true}
[2026-10-02 19:02:26.830] [pid:38324] [main] [host-log] (local-1) [host] [2026-10-02 19:02:26.829] [pid:48312] [settingService] write done
[2026-10-02 19:02:26.830] [pid:38324] [main] [host-log] (local-1) [host] [2026-10-02 19:02:26.829] [pid:48312] [zcode-host] [rpc:call] setting.update OK (6.4ms)
[2026-10-02 19:02:28.707] [pid:38324] [main] [host-log] (local-1) [host] [2026-10-02 19:02:28.557] [pid:48312] [zcode-host] [rpc:call] zcode-task.getTaskSessionFilePath OK (0.1ms)
[2026-10-02 19:02:28.708] [pid:38324] [renderer] v4 conversation store connect started {
  event: 'v4.conversation.store.connect.started',
  generation: 1,
  hasBase: false,
  module: 'ui.v4.conversation_projection_store',
  status: 'started',
  topic: 'conversation/51cca821-9d57-4613-bf72-a08d3f78fc19'
}
[2026-10-02 19:02:28.709] [pid:38324] [renderer] v4 conversation subscription started {
  workspaceKey: 'E:\\Xiadie\\Xiadie\\.runtime\\P01\\u08-no-key-1790938916163132300\\workspace',
  workspacePath: 'E:\\Xiadie\\Xiadie\\.runtime\\P01\\u08-no-key-1790938916163132300\\workspace',
  event: 'v4.conversation.subscribe.started',
  module: 'ui.v4.conversation_transport',
  runtimeGeneration: 0,
  sessionId: '51cca821-9d57-4613-bf72-a08d3f78fc19',
  status: 'started',
  topic: 'conversation/51cca821-9d57-4613-bf72-a08d3f78fc19'
}
[2026-10-02 19:02:28.709] [pid:38324] [renderer] v4 session data lease acquired {
  event: 'v4.session_data.acquire',
  keepWarm: false,
  module: 'ui.v4.session_data_layer',
  openKind: 'cold',
  refCount: 1,
  sessionId: '51cca821-9d57-4613-bf72-a08d3f78fc19',
  status: 'completed',
  topic: 'conversation/51cca821-9d57-4613-bf72-a08d3f78fc19'
}
[2026-10-02 19:02:28.710] [pid:38324] [main] [host-log] (local-1) [host] [2026-10-02 19:02:28.558] [pid:48312] [zcode-host] [rpc:call] zcode-task.getTaskNativeSessionLogFile OK (0.4ms)
[2026-10-02 19:02:28.711] [pid:38324] [main] [host-log] (local-1) [host] [2026-10-02 19:02:28.558] [pid:48312] [zcode-agent-service] 开始请求 ZCode Protocol workspace/readPresentation {"workspaceKey":"E:\\Xiadie\\Xiadie\\.runtime\\P01\\u08-no-key-1790938916163132300\\workspace","workspacePath":"E:\\Xiadie\\Xiadie\\.runtime\\P01\\u08-no-key-1790938916163132300\\workspace"}
[2026-10-02 19:02:28.712] [pid:38324] [main] [host-log] (local-1) [host] [2026-10-02 19:02:28.559] [pid:48312] [zcode-host] [rpc:listen] zcode-agent.onAgentRuntimeRestarted subscribed
[2026-10-02 19:02:28.713] [pid:38324] [main] [host-log] (local-1) [host] [2026-10-02 19:02:28.559] [pid:48312] [zcode-host] [rpc:call] zcode-task.getTaskNativeSessionLogFile OK (0.2ms)
[2026-10-02 19:02:28.713] [pid:38324] [main] [host-log] (local-1) [host] [2026-10-02 19:02:28.559] [pid:48312] [zcode-host] [rpc:call] zcode-task.getTaskSessionFilePath OK (0.0ms)
[2026-10-02 19:02:28.714] [pid:38324] [main] [host-log] (local-1) [host] [2026-10-02 19:02:28.583] [pid:48312] [zcode-agent-service] account provider config 已交付到 ZCode agent {"providerCount":8,"reason":"workspace_read_presentation","receivedRevision":"account:[\"zcode-builtin:30:0d0f81f218e8158e80dde70a98b1925bc1c7c73c6d42e1354ab5b9a2ba771bb1\",[{\"providerId\":\"account:zai-individual-coding-plan\",\"config\":{\"access\":{\"type\":\"zhipu-account\",\"entitled\":false}}},{\"providerId\":\"account:zai-team-coding-plan\",\"config\":{\"access\":{\"type\":\"zhipu-account\",\"entitled\":false}}},{\"providerId\":\"account:zai-start-plan\",\"config\":{\"access\":{\"type\":\"zhipu-account\",\"entitled\":false}}},{\"providerId\":\"account:bigmodel-individual-coding-plan\",\"config\":{\"access\":{\"type\":\"zhipu-account\",\"entitled\":false}}},{\"providerId\":\"account:bigmodel-team-coding-plan\",\"config\":{\"access\":{\"type\":\"zhipu-account\",\"entitled\":false}}},{\"providerId\":\"account:bigmodel-start-plan\",\"config\":{\"access\":{\"type\":\"zhipu-account\",\"entitled\":false}}},{\"providerId\":\"account:zai-offpeak-idle-plan\",\"config\":{\"access\":{\"type\":\"zhipu-account\",\"entitled\":false}}},{\"providerId\":\"account:bigmodel-offpeak-idle-plan\",\"config\":{\"access\":{\"type\":\"zhipu-account\",\"entitled\":false}}}],{\"account:zai-individual-coding-plan\":{\"availability\":\"unavailable\",\"entitled\":false,\"unavailableReason\":\"not-connected\",\"current\":false,\"connectionKey\":\"41717a7a173a5e88981ed3b30d6c754715277dce3b302a8e7b1386cdf57b9b4c\"},\"account:zai-team-coding-plan\":{\"availability\":\"unavailable\",\"entitled\":false,\"unavailableReason\":\"not-connected\",\"current\":false,\"connectionKey\":\"41717a7a173a5e88981ed3b30d6c754715277dce3b302a8e7b1386cdf57b9b4c\"},\"account:zai-start-plan\":{\"availability\":\"unavailable\",\"entitled\":false,\"unavailableReason\":\"not-connected\",\"current\":false,\"connectionKey\":\"b20a8f39ea1865b9bdbc4f21e0774500034895a93cdf0c737917b6532ebedcea\"},\"account:bigmodel-individual-coding-plan\":{\"availability\":\"unavailable\",\"entitled\":false,\"unavailableReason\":\"not-connected\",\"current\":false,\"connectionKey\":\"145736c8450a04bf4ba21aee47794f53d87ea79c5dc4cc5b9f27fbf5b6038d53\"},\"account:bigmodel-team-coding-plan\":{\"availability\":\"unavailable\",\"entitled\":false,\"unavailableReason\":\"not-connected\",\"current\":false,\"connectionKey\":\"145736c8450a04bf4ba21aee47794f53d87ea79c5dc4cc5b9f27fbf5b6038d53\"},\"account:bigmodel-start-plan\":{\"availability\":\"unavailable\",\"entitled\":false,\"unavailableReason\":\"not-connected\",\"current\":false,\"connectionKey\":\"116fde2fcda0bb10f88164a63caadb0a0ec8611edcf75b35a9924684f9ba84bd\"},\"account:zai-offpeak-idle-plan\":{\"availability\":\"unavailable\",\"entitled\":false},\"account:bigmodel-offpeak-idle-plan\":{\"availability\":\"unavailable\",\"entitled\":false}}]","status":"received"}
[2026-10-02 19:02:28.859] [pid:38324] [main] [host-log] (local-1) [host] [2026-10-02 19:02:28.858] [pid:48312] [settingService] writing settings to: E:\Xiadie\Xiadie\.runtime\P01\u08-no-key-1790938916163132300\home\.zcode\v2\setting.json {"recentProjects":["E:\\Xiadie\\Xiadie\\.runtime\\P01\\u08-no-key-1790938916163132300\\workspace"],"locale":"zh-CN","localePreference":"en-US","terminalInheritSystemProfile":true,"embeddedBrowserAllowInsecureCertificates":false,"embeddedBrowserViewportPreference":{"mode":"normal","viewport":{"width":393,"height":852},"zoom":"fit"},"computerUseComposerEntryHidden":true,"taskAutoArchiveEnabled":false,"taskAutoArchiveOlderThanDays":7,"closeToTrayOnWindows":true,"closeToTrayOnWindowsMigrationInitialized":true,"keepAwakeWhileRunning":false,"desktopChromiumHardwareAccelerationEnabled":false,"messageStreamShowReasoning":true,"messageStreamShowReasoningMigrationInitialized":true,"messageStreamShowTodos":false,"toolGroupingExploreEnabled":true,"toolGroupingTerminalEnabled":true,"toolGroupingChangesEnabled":false,"zcodeInteractionBehavior":"queue","askUserQuestionAutoResolutionEnabled":true,"modelIoFullRetentionEnabled":false,"startPlanRecommendationDismissed":false,"providerFamilyConnectionSelections":{},"providerFamilyDomain":"zai","providerFamilyDomainUpdatedAt":1790938944471,"providerFamilyDomainMigrated":true,"nativeSearchEnhancementsEnabled":true,"memoryEnabled":false,"lastWorkspaceSession":[{"kind":"local","workspacePath":"E:\\Xiadie\\Xiadie\\.runtime\\P01\\u08-no-key-1790938916163132300\\workspace","workspacePurpose":"project"},{"kind":"local","workspacePath":"E:\\Xiadie\\Xiadie\\.runtime\\P01\\u08-no-key-1790938916163132300\\data\\.zcode\\workspace\\default","workspacePurpose":"conversation"}],"lastActiveTabIndex":0,"receivePreviewUpdates":false,"autoDownloadAndInstallUpdates":false,"skippedElectronUpdateVersions":{},"settingsSyncFirstRunPromptHandled":true}
[2026-10-02 19:02:28.864] [pid:38324] [main] [host-log] (local-1) [host] [2026-10-02 19:02:28.863] [pid:48312] [settingService] write done
[2026-10-02 19:02:28.865] [pid:38324] [main] [host-log] (local-1) [host] [2026-10-02 19:02:28.863] [pid:48312] [zcode-host] [rpc:call] setting.update OK (6.4ms)
[2026-10-02 19:02:29.124] [pid:38324] [main] [host-log] (local-1) [host] [2026-10-02 19:02:29.122] [pid:48312] [zcode-host] [rpc:call] zcode-agent.conversationWorkflowRunsV4 OK (550.2ms)
[2026-10-02 19:02:29.154] [pid:38324] [main] [host-log] (local-1) [host] [2026-10-02 19:02:29.153] [pid:48312] [zcode-agent-service] ZCode Protocol workspace/readPresentation 完成 {"durationMs":595,"slashCommandCount":4,"workspaceKey":"E:\\Xiadie\\Xiadie\\.runtime\\P01\\u08-no-key-1790938916163132300\\workspace","workspacePath":"E:\\Xiadie\\Xiadie\\.runtime\\P01\\u08-no-key-1790938916163132300\\workspace"}
[2026-10-02 19:02:29.158] [pid:38324] [main] [host-log] (local-1) [host] [2026-10-02 19:02:29.153] [pid:48312] [zcode-host] [rpc:call] zcode-session.readWorkspacePresentation OK (595.0ms)
[2026-10-02 19:02:29.174] [pid:38324] [main] [host-log] (local-1) [host] [2026-10-02 19:02:29.174] [pid:48312] [zcode-host] [rpc:call] zcode-agent.subscribeConversationV4 OK (601.2ms)
[2026-10-02 19:02:29.179] [pid:38324] [renderer] v4 conversation subscription acknowledged {
  workspaceKey: 'E:\\Xiadie\\Xiadie\\.runtime\\P01\\u08-no-key-1790938916163132300\\workspace',
  workspacePath: 'E:\\Xiadie\\Xiadie\\.runtime\\P01\\u08-no-key-1790938916163132300\\workspace',
  durationMs: 620,
  event: 'v4.conversation.subscribe.acknowledged',
  module: 'ui.v4.conversation_transport',
  runtimeGeneration: 0,
  sessionId: '51cca821-9d57-4613-bf72-a08d3f78fc19',
  status: 'completed',
  subscriptionId: 'sub-muqut5a3-pkirh2in-1',
  topic: 'conversation/51cca821-9d57-4613-bf72-a08d3f78fc19'
}
[2026-10-02 19:02:29.189] [pid:38324] [renderer] v4 conversation subscription activated {
  workspaceKey: 'E:\\Xiadie\\Xiadie\\.runtime\\P01\\u08-no-key-1790938916163132300\\workspace',
  workspacePath: 'E:\\Xiadie\\Xiadie\\.runtime\\P01\\u08-no-key-1790938916163132300\\workspace',
  event: 'v4.conversation.subscribe.activated',
  module: 'ui.v4.conversation_transport',
  runtimeGeneration: 0,
  status: 'completed',
  subscriptionId: 'sub-muqut5a3-pkirh2in-1',
  topic: 'conversation/51cca821-9d57-4613-bf72-a08d3f78fc19'
}
[2026-10-02 19:02:29.191] [pid:38324] [renderer] v4 conversation store connect completed {
  durationMs: 631,
  event: 'v4.conversation.store.connect.completed',
  generation: 1,
  logEpoch: 'muqut5a3-pkirh2in',
  mode: 'snapshot',
  module: 'ui.v4.conversation_projection_store',
  status: 'completed',
  subscriptionId: 'sub-muqut5a3-pkirh2in-1',
  topic: 'conversation/51cca821-9d57-4613-bf72-a08d3f78fc19'
}
[2026-10-02 19:02:29.252] [pid:38324] [main] [host-log] (local-1) [host] [2026-10-02 19:02:29.251] [pid:48312] [zcode-host] [rpc:call] zcode-agent.conversationPlansV4 OK (2.4ms)
[2026-10-02 19:02:29.862] [pid:38324] [main] [host-log] (local-1) [host] [2026-10-02 19:02:29.862] [pid:48312] [settingService] writing settings to: E:\Xiadie\Xiadie\.runtime\P01\u08-no-key-1790938916163132300\home\.zcode\v2\setting.json {"recentProjects":["E:\\Xiadie\\Xiadie\\.runtime\\P01\\u08-no-key-1790938916163132300\\workspace"],"locale":"zh-CN","localePreference":"en-US","terminalInheritSystemProfile":true,"embeddedBrowserAllowInsecureCertificates":false,"embeddedBrowserViewportPreference":{"mode":"normal","viewport":{"width":393,"height":852},"zoom":"fit"},"computerUseComposerEntryHidden":true,"taskAutoArchiveEnabled":false,"taskAutoArchiveOlderThanDays":7,"closeToTrayOnWindows":true,"closeToTrayOnWindowsMigrationInitialized":true,"keepAwakeWhileRunning":false,"desktopChromiumHardwareAccelerationEnabled":false,"messageStreamShowReasoning":true,"messageStreamShowReasoningMigrationInitialized":true,"messageStreamShowTodos":false,"toolGroupingExploreEnabled":true,"toolGroupingTerminalEnabled":true,"toolGroupingChangesEnabled":false,"zcodeInteractionBehavior":"queue","askUserQuestionAutoResolutionEnabled":true,"modelIoFullRetentionEnabled":false,"startPlanRecommendationDismissed":false,"providerFamilyConnectionSelections":{},"providerFamilyDomain":"zai","providerFamilyDomainUpdatedAt":1790938944471,"providerFamilyDomainMigrated":true,"nativeSearchEnhancementsEnabled":true,"memoryEnabled":false,"lastWorkspaceSession":[{"kind":"local","workspacePath":"E:\\Xiadie\\Xiadie\\.runtime\\P01\\u08-no-key-1790938916163132300\\workspace","workspacePurpose":"project"},{"kind":"local","workspacePath":"E:\\Xiadie\\Xiadie\\.runtime\\P01\\u08-no-key-1790938916163132300\\data\\.zcode\\workspace\\default","workspacePurpose":"conversation"}],"lastActiveTabIndex":0,"receivePreviewUpdates":false,"autoDownloadAndInstallUpdates":false,"skippedElectronUpdateVersions":{},"settingsSyncFirstRunPromptHandled":true}
[2026-10-02 19:02:29.867] [pid:38324] [main] [host-log] (local-1) [host] [2026-10-02 19:02:29.866] [pid:48312] [settingService] write done
[2026-10-02 19:02:29.868] [pid:38324] [main] [host-log] (local-1) [host] [2026-10-02 19:02:29.866] [pid:48312] [zcode-host] [rpc:call] setting.update OK (5.9ms)
[2026-10-02 19:02:32.100] [pid:38324] [main] [app-quit] forceQuit enabled (app-before-quit)
[2026-10-02 19:02:32.101] [pid:38324] [main] [stability] perf_app_exit reported { scene: 'app_quit', exitCode: 0 }
[2026-10-02 19:02:32.102] [pid:38324] [main] [app-quit] waiting for host process cleanup (app-before-quit), kind=normal, hosts=1, forceKillDelayMs=4000, waitTimeoutMs=4500
[2026-10-02 19:02:32.103] [pid:38324] [main] [disposeHostProcess] disposing host process (app-before-quit-1), pid=48312
[2026-10-02 19:02:32.104] [pid:38324] [main] [host-log] (local-1) [host] [2026-10-02 19:02:32.104] [pid:48312] [zcode-host] disposing host resources, reason=parent dispose
[2026-10-02 19:02:32.140] [pid:38324] [main] [host-log] (local-1) [host] [2026-10-02 19:02:32.139] [pid:48312] [zcode-agent] ZCode agent process exited {"workspaceKey":"E:\\Xiadie\\Xiadie\\.runtime\\P01\\u08-no-key-1790938916163132300\\workspace","pid":28408,"runtimeIdentity":"E:\\Xiadie\\Xiadie\\.runtime\\P01\\u08-no-key-1790938916163132300\\workspace:1:28408","code":0,"signal":null,"terminationKind":"expected","terminationReason":"manager-dispose"}
[2026-10-02 19:02:32.142] [pid:38324] [main] [host-log] (local-1) [host] [2026-10-02 19:02:32.140] [pid:48312] [zcode-agent] ZCode agent process cleanup completed {"workspaceKey":"E:\\Xiadie\\Xiadie\\.runtime\\P01\\u08-no-key-1790938916163132300\\workspace","pid":28408,"runtimeIdentity":"E:\\Xiadie\\Xiadie\\.runtime\\P01\\u08-no-key-1790938916163132300\\workspace:1:28408","reason":"manager-dispose"}
[2026-10-02 19:02:32.143] [pid:38324] [main] [task-realtime] unregistered host { hostId: 'c532874c-af21-4580-babf-441e13db8aa0', windowId: 1 }
[2026-10-02 19:02:32.144] [pid:38324] [main] [spawnHostProcess] host process (local-1) exited with code 0
[2026-10-02 19:02:33.606] [pid:38324] [main] [app-quit] host process cleanup completed (app-before-quit)
[2026-10-02 19:02:33.606] [pid:38324] [main] [app-quit] preparation finished, resuming quit with windows=1
[2026-10-02 19:02:33.613] [pid:38324] [main] [createWindow] window closed, killing host process (local-1)
[2026-10-02 19:02:33.613] [pid:38324] [main] [app-quit] all windows closed after preparation, exiting app
[2026-10-02 19:02:33.614] [pid:38324] [main] [app-quit] exiting prepared app (all-windows-closed-after-preparation)
