[2026-10-02 23:46:45.128] [info] [pid:47544] [main] [crash-capture] configured remoteCrashReporterEnabled=true stagingDir=E:\Xiadie\Xiadie\.runtime\P01\validation\u11-final-01\degradation\scenarios\offline\profile\data\.zcode\v2\crash\live archiveDir=E:\Xiadie\Xiadie\.runtime\P01\validation\u11-final-01\degradation\scenarios\offline\profile\data\.zcode\v2\crash\archive
[2026-10-02 23:46:45.143] [info] [pid:47544] [main] [deep-link] 注册协议成功（defaultApp） {"scheme":"zcode","execPath":"E:\\Xiadie\\Xiadie\\.runtime\\P01\\desktop-source\\node_modules\\electron\\dist\\electron.exe","entry":"--inspect=0"}
[2026-10-02 23:46:45.145] [info] [pid:47544] [main] [startup] runtime process env prepared asynchronously id=1 in 7ms
[2026-10-02 23:46:45.258] [info] [pid:47544] [main] [open-folder] Windows Explorer 右键菜单已安装或更新 {"executablePath":"E:\\Xiadie\\Xiadie\\.runtime\\P01\\desktop-source\\node_modules\\electron\\dist\\electron.exe","hasDefaultAppEntry":true,"locale":"zh-CN"}
[2026-10-02 23:46:45.260] [info] [pid:47544] [main] [desktop-network] renderer proxy mode=direct bypass=disabled customCa=disabled insecureCerts=rejected
[2026-10-02 23:46:45.260] [info] [pid:47544] [main] [desktop-network] renderer proxy mode=system bypass=disabled customCa=disabled insecureCerts=rejected
[2026-10-02 23:46:45.261] [info] [pid:47544] [main] [auto-update] disabled for this desktop product flavor
[2026-10-02 23:46:45.269] [warn] [pid:47544] [main] [desktop-tray] failed to create tray icon {}
[2026-10-02 23:46:45.271] [info] [pid:47544] [main] [resource] sampling started interval=10000ms report=60000ms
[2026-10-02 23:46:45.272] [info] [pid:47544] [main] [network] reporting started interval=60000ms
[2026-10-02 23:46:45.272] [info] [pid:47544] [main] [force-update] Preview 跳过远端强制升级检查
[2026-10-02 23:46:45.272] [info] [pid:47544] [main] [startup] 创建主窗口
[2026-10-02 23:46:45.272] [info] [pid:47544] [main] [primary-window] creating main window (app-ready)
[2026-10-02 23:46:45.274] [info] [pid:47544] [main] [startup-workspace] using explicit open workspace: E:\Xiadie\Xiadie\.runtime\P01\validation\u11-final-01\degradation\scenarios\offline\profile\workspace
[2026-10-02 23:46:45.318] [warn] [pid:47544] [main] [desktop-context-prompt] config unavailable, using cached decision {"error":{},"enabled":false}
[2026-10-02 23:46:45.846] [info] [pid:47544] [main] [createWindow] dom-ready fired (local-1)
[2026-10-02 23:46:45.852] [warn] [pid:47544] [main] [renderer-action-trace] config unavailable, using cached decision {"error":{},"enabled":false}
[2026-10-02 23:46:45.855] [warn] [pid:47544] [main] [desktop-context-prompt] config unavailable, using cached decision {"error":{},"enabled":false}
[2026-10-02 23:46:45.855] [info] [pid:47544] [main] [desktop-context-prompt] first host spawn decision resolved {"enabled":false}
[2026-10-02 23:46:45.859] [info] [pid:47544] [main] [spawnHostProcess] forked host process for (local-1), pid=undefined
[2026-10-02 23:46:45.860] [info] [pid:47544] [main] [spawnHostProcess] host module path: E:\Xiadie\Xiadie\.runtime\P01\u10-candidate-06\packages\desktop\out\host\index.js
[2026-10-02 23:46:45.860] [info] [pid:47544] [main] [spawnHostProcess] glm binary path: <not found>
[2026-10-02 23:46:45.861] [info] [pid:47544] [main] [spawnHostProcess] BIGMODEL_OAUTH_APP_SECRET source: fallback
[2026-10-02 23:46:45.861] [info] [pid:47544] [main] [task-realtime] registered host {"hostId":"b9739e72-db91-44d7-b913-1f14ed90e608","windowId":1,"workspaceKeyCount":0,"deliveryKind":"desktop_window"}
[2026-10-02 23:46:45.867] [warn] [pid:47544] [main] [desktop-context-prompt] config unavailable, using cached decision {"error":{},"enabled":false}
[2026-10-02 23:46:46.145] [warn] [pid:47544] [main] [host-log] (local-1) [host] [2026-10-02 23:46:46.138] [pid:47176] [zcode-host] ExperimentalWarning: SQLite is an experimental feature and might change at any time
[2026-10-02 23:46:47.904] [info] [pid:47544] [main] [host-log] (local-1) [host] [2026-10-02 23:46:47.904] [pid:47176] [zcode-host] initializing local services
[2026-10-02 23:46:47.969] [info] [pid:47544] [main] [host-log] (local-1) [host] [2026-10-02 23:46:47.969] [pid:47176] [cua-pip-session] [cua-pip-session] wiring resolved {"enabled":false,"platform":"win32","serviceAuthorityMode":"desktop-local","lifecycleWired":true}
[2026-10-02 23:46:47.974] [info] [pid:47544] [main] [host-log] (local-1) [host] [2026-10-02 23:46:47.974] [pid:47176] [zcode-agent-service] 开始初始化 ZCode agent {"workspaceKey":"E:\\Xiadie\\Xiadie\\.runtime\\P01\\validation\\u11-final-01\\degradation\\scenarios\\offline\\profile\\workspace","workspacePath":"E:\\Xiadie\\Xiadie\\.runtime\\P01\\validation\\u11-final-01\\degradation\\scenarios\\offline\\profile\\workspace"}
[2026-10-02 23:46:47.974] [info] [pid:47544] [main] [host-log] (local-1) [host] [2026-10-02 23:46:47.974] [pid:47176] [zcode-host] exposing services on ChannelServer...
[2026-10-02 23:46:47.975] [info] [pid:47544] [main] [host-log] (local-1) [host] [2026-10-02 23:46:47.974] [pid:47176] [zcode-host] creating ChannelServer (deferInit=false)
[2026-10-02 23:46:47.975] [info] [pid:47544] [main] [host-log] (local-1) [host] [2026-10-02 23:46:47.975] [pid:47176] [zcode-host] [rpc:register] channel "file"
[2026-10-02 23:46:47.975] [info] [pid:47544] [main] [host-log] (local-1) [host] [2026-10-02 23:46:47.975] [pid:47176] [zcode-host] [rpc:register] channel "media-preview"
[2026-10-02 23:46:47.976] [info] [pid:47544] [main] [host-log] (local-1) [host] [2026-10-02 23:46:47.975] [pid:47176] [zcode-host] [rpc:register] channel "git"
[2026-10-02 23:46:47.976] [info] [pid:47544] [main] [host-log] (local-1) [host] [2026-10-02 23:46:47.975] [pid:47176] [zcode-host] [rpc:register] channel "git-checkpoint"
[2026-10-02 23:46:47.977] [info] [pid:47544] [main] [host-log] (local-1) [host] [2026-10-02 23:46:47.975] [pid:47176] [zcode-host] [rpc:register] channel "system"
[2026-10-02 23:46:47.977] [info] [pid:47544] [main] [host-log] (local-1) [host] [2026-10-02 23:46:47.975] [pid:47176] [zcode-host] [rpc:register] channel "terminal"
[2026-10-02 23:46:47.978] [info] [pid:47544] [main] [host-log] (local-1) [host] [2026-10-02 23:46:47.975] [pid:47176] [zcode-host] [rpc:register] channel "setting"
[2026-10-02 23:46:47.978] [info] [pid:47544] [main] [host-log] (local-1) [host] [2026-10-02 23:46:47.975] [pid:47176] [zcode-host] [rpc:register] channel "onboarding-record"
[2026-10-02 23:46:47.978] [info] [pid:47544] [main] [host-log] (local-1) [host] [2026-10-02 23:46:47.975] [pid:47176] [zcode-host] [rpc:register] channel "credential"
[2026-10-02 23:46:47.979] [info] [pid:47544] [main] [host-log] (local-1) [host] [2026-10-02 23:46:47.975] [pid:47176] [zcode-host] [rpc:register] channel "broadcast"
[2026-10-02 23:46:47.980] [info] [pid:47544] [main] [host-log] (local-1) [host] [2026-10-02 23:46:47.975] [pid:47176] [zcode-host] [rpc:register] channel "zcode-task"
[2026-10-02 23:46:47.980] [info] [pid:47544] [main] [host-log] (local-1) [host] [2026-10-02 23:46:47.976] [pid:47176] [zcode-host] [rpc:register] channel "zcode-agent"
[2026-10-02 23:46:47.980] [info] [pid:47544] [main] [host-log] (local-1) [host] [2026-10-02 23:46:47.976] [pid:47176] [zcode-host] [rpc:register] channel "zcode-session"
[2026-10-02 23:46:47.981] [info] [pid:47544] [main] [host-log] (local-1) [host] [2026-10-02 23:46:47.976] [pid:47176] [zcode-host] [rpc:register] channel "cua-permission"
[2026-10-02 23:46:47.981] [info] [pid:47544] [main] [host-log] (local-1) [host] [2026-10-02 23:46:47.976] [pid:47176] [zcode-host] [rpc:register] channel "cua-pip-session"
[2026-10-02 23:46:47.982] [info] [pid:47544] [main] [host-log] (local-1) [host] [2026-10-02 23:46:47.976] [pid:47176] [zcode-host] [rpc:register] channel "conversation-share"
[2026-10-02 23:46:47.982] [info] [pid:47544] [main] [host-log] (local-1) [host] [2026-10-02 23:46:47.976] [pid:47176] [zcode-host] [rpc:register] channel "bots"
[2026-10-02 23:46:47.983] [info] [pid:47544] [main] [host-log] (local-1) [host] [2026-10-02 23:46:47.976] [pid:47176] [zcode-host] [rpc:register] channel "file-watcher"
[2026-10-02 23:46:47.983] [info] [pid:47544] [main] [host-log] (local-1) [host] [2026-10-02 23:46:47.976] [pid:47176] [zcode-host] [rpc:register] channel "oauth"
[2026-10-02 23:46:47.983] [info] [pid:47544] [main] [host-log] (local-1) [host] [2026-10-02 23:46:47.976] [pid:47176] [zcode-host] [rpc:register] channel "usage-stats"
[2026-10-02 23:46:47.984] [info] [pid:47544] [main] [host-log] (local-1) [host] [2026-10-02 23:46:47.976] [pid:47176] [zcode-host] [rpc:register] channel "coding-plan-subscription"
[2026-10-02 23:46:47.984] [info] [pid:47544] [main] [host-log] (local-1) [host] [2026-10-02 23:46:47.976] [pid:47176] [zcode-host] [rpc:register] channel "client-config"
[2026-10-02 23:46:47.985] [info] [pid:47544] [main] [host-log] (local-1) [host] [2026-10-02 23:46:47.976] [pid:47176] [zcode-host] [rpc:register] channel "client-scenes"
[2026-10-02 23:46:47.985] [info] [pid:47544] [main] [host-log] (local-1) [host] [2026-10-02 23:46:47.976] [pid:47176] [zcode-host] [rpc:register] channel "off-peak-task"
[2026-10-02 23:46:47.986] [info] [pid:47544] [main] [host-log] (local-1) [host] [2026-10-02 23:46:47.976] [pid:47176] [zcode-host] [rpc:register] channel "skills"
[2026-10-02 23:46:47.986] [info] [pid:47544] [main] [host-log] (local-1) [host] [2026-10-02 23:46:47.976] [pid:47176] [zcode-host] [rpc:register] channel "skill-sync"
[2026-10-02 23:46:47.986] [info] [pid:47544] [main] [host-log] (local-1) [host] [2026-10-02 23:46:47.976] [pid:47176] [zcode-host] [rpc:register] channel "mcp-sync"
[2026-10-02 23:46:47.987] [info] [pid:47544] [main] [host-log] (local-1) [host] [2026-10-02 23:46:47.976] [pid:47176] [zcode-host] [rpc:register] channel "plugin-sync"
[2026-10-02 23:46:47.987] [info] [pid:47544] [main] [host-log] (local-1) [host] [2026-10-02 23:46:47.976] [pid:47176] [zcode-host] [rpc:register] channel "plugins"
[2026-10-02 23:46:47.987] [info] [pid:47544] [main] [host-log] (local-1) [host] [2026-10-02 23:46:47.976] [pid:47176] [zcode-host] [rpc:register] channel "plugin-management"
[2026-10-02 23:46:47.987] [info] [pid:47544] [main] [host-log] (local-1) [host] [2026-10-02 23:46:47.976] [pid:47176] [zcode-host] [rpc:register] channel "subagents"
[2026-10-02 23:46:47.988] [info] [pid:47544] [main] [host-log] (local-1) [host] [2026-10-02 23:46:47.976] [pid:47176] [zcode-host] [rpc:register] channel "commands"
[2026-10-02 23:46:47.988] [info] [pid:47544] [main] [host-log] (local-1) [host] [2026-10-02 23:46:47.976] [pid:47176] [zcode-host] [rpc:register] channel "hooks"
[2026-10-02 23:46:47.989] [info] [pid:47544] [main] [host-log] (local-1) [host] [2026-10-02 23:46:47.976] [pid:47176] [zcode-host] [rpc:register] channel "memory"
[2026-10-02 23:46:47.989] [info] [pid:47544] [main] [host-log] (local-1) [host] [2026-10-02 23:46:47.976] [pid:47176] [zcode-host] [rpc:register] channel "settings-sync"
[2026-10-02 23:46:47.989] [info] [pid:47544] [main] [host-log] (local-1) [host] [2026-10-02 23:46:47.976] [pid:47176] [zcode-host] [rpc:register] channel "feedback"
[2026-10-02 23:46:47.990] [info] [pid:47544] [main] [host-log] (local-1) [host] [2026-10-02 23:46:47.976] [pid:47176] [zcode-host] [rpc:register] channel "prompt-attachment-transfer"
[2026-10-02 23:46:47.990] [info] [pid:47544] [main] [host-log] (local-1) [host] [2026-10-02 23:46:47.976] [pid:47176] [zcode-host] [rpc:register] channel "provider-settings"
[2026-10-02 23:46:47.991] [info] [pid:47544] [main] [host-log] (local-1) [host] [2026-10-02 23:46:47.976] [pid:47176] [zcode-host] [rpc:register] channel "model-selection"
[2026-10-02 23:46:47.991] [info] [pid:47544] [main] [host-log] (local-1) [host] [2026-10-02 23:46:47.976] [pid:47176] [zcode-host] [rpc:register] channel "window-controller"
[2026-10-02 23:46:47.992] [info] [pid:47544] [main] [host-log] (local-1) [host] [2026-10-02 23:46:47.976] [pid:47176] [zcode-host] service connection ready mode=desktop-continuous
[2026-10-02 23:46:47.992] [info] [pid:47544] [main] [host-log] (local-1) [host] [2026-10-02 23:46:47.976] [pid:47176] [zcode-host] window Host topology, reason=base-attachment-ready, pid=47176, connections=0, logicalSessions=0, attachments=1
[2026-10-02 23:46:47.993] [info] [pid:47544] [main] [host-log] (local-1) [host] [2026-10-02 23:46:47.976] [pid:47176] [zcode-host] local services ready, all channels registered
[2026-10-02 23:46:47.993] [info] [pid:47544] [main] [database-startup] terminal {"attemptId":"9a92c482-274b-405e-803e-aa5f416c45a9","status":"ready","durationMs":1835,"disk":[{"scopeId":"df81e191609143170757a1d69e37b8a237e4ca4bd99588ddaf1f2f5467edaaaf","observedAvailableDropPeakBytes":151552,"minAvailableBytes":271399677952,"quality":"complete","sampledAt":1790956006882}]}
[2026-10-02 23:46:47.995] [info] [pid:47544] [main] [cron-scheduler] forked scheduler process pid=undefined
[2026-10-02 23:46:48.003] [info] [pid:47544] [main] [host-log] (local-1) [host] [2026-10-02 23:46:48.003] [pid:47176] [zcode-host] [rpc:listen] broadcast.onMessage subscribed
[2026-10-02 23:46:48.003] [info] [pid:47544] [main] [host-log] (local-1) [host] [2026-10-02 23:46:48.003] [pid:47176] [zcode-host] [rpc:listen] zcode-agent.onDynamicCuaPermissionObservation subscribed
[2026-10-02 23:46:48.004] [info] [pid:47544] [main] [host-log] (local-1) [host] [2026-10-02 23:46:48.004] [pid:47176] [zcode-host] [rpc:listen] model-selection.onDidChange subscribed
[2026-10-02 23:46:48.005] [info] [pid:47544] [main] [task-realtime] updated host workspace scopes {"hostId":"b9739e72-db91-44d7-b913-1f14ed90e608","workspaceKeyCount":0}
[2026-10-02 23:46:48.027] [info] [pid:47544] [main] [host-log] (local-1) [host] [2026-10-02 23:46:48.004] [pid:47176] [zcode-host] [rpc:listen] broadcast.onMessage subscribed
[2026-10-02 23:46:48.029] [info] [pid:47544] [main] [host-log] (local-1) [host] [2026-10-02 23:46:48.004] [pid:47176] [zcode-host] [rpc:listen] provider-settings.onDidChange subscribed
[2026-10-02 23:46:48.030] [info] [pid:47544] [main] [host-log] (local-1) [host] [2026-10-02 23:46:48.005] [pid:47176] [zcode-host] [rpc:listen] broadcast.onMessage subscribed
[2026-10-02 23:46:48.035] [info] [pid:47544] [main] [host-log] (local-1) [host] [2026-10-02 23:46:48.007] [pid:47176] [zcode-host] [rpc:call] setting.get OK (3.1ms)
[2026-10-02 23:46:48.035] [info] [pid:47544] [main] [host-log] (local-1) [host] [2026-10-02 23:46:48.008] [pid:47176] [zcode-host] [rpc:call] setting.get OK (3.1ms)
[2026-10-02 23:46:48.036] [info] [pid:47544] [main] [host-log] (local-1) [host] [2026-10-02 23:46:48.008] [pid:47176] [zcode-host] [rpc:listen] provider-settings.onDidChange subscribed
[2026-10-02 23:46:48.037] [info] [pid:47544] [main] [host-log] (local-1) [host] [2026-10-02 23:46:48.008] [pid:47176] [zcode-host] [rpc:listen] broadcast.onMessage subscribed
[2026-10-02 23:46:48.038] [info] [pid:47544] [main] [host-log] (local-1) [host] [2026-10-02 23:46:48.008] [pid:47176] [zcode-host] [rpc:listen] broadcast.onMessage subscribed
[2026-10-02 23:46:48.038] [info] [pid:47544] [main] [host-log] (local-1) [host] [2026-10-02 23:46:48.014] [pid:47176] [oauthService] restoreCachedSession skipped: no active provider
[2026-10-02 23:46:48.039] [info] [pid:47544] [main] [host-log] (local-1) [host] [2026-10-02 23:46:48.014] [pid:47176] [zcode-host] [rpc:call] oauth.restoreCachedSessionState OK (6.2ms)
[2026-10-02 23:46:48.039] [info] [pid:47544] [main] [host-log] (local-1) [host] [2026-10-02 23:46:48.014] [pid:47176] [zcode-host] [rpc:call] setting.get OK (6.2ms)
[2026-10-02 23:46:48.040] [info] [pid:47544] [main] [host-log] (local-1) [host] [2026-10-02 23:46:48.015] [pid:47176] [zcode-host] [rpc:call] zcode-agent.syncAppRuntimePreferences OK (0.1ms)
[2026-10-02 23:46:48.040] [info] [pid:47544] [main] [host-log] (local-1) [host] [2026-10-02 23:46:48.015] [pid:47176] [zcode-host] [rpc:call] bots.syncAppRuntimePreferences OK (0.0ms)
[2026-10-02 23:46:48.040] [info] [pid:47544] [main] [host-log] (local-1) [host] [2026-10-02 23:46:48.016] [pid:47176] [zcode-host] [rpc:call] oauth.getActiveProvider OK (1.3ms)
[2026-10-02 23:46:48.041] [warn] [pid:47544] [main] [host-log] (local-1) [host] [2026-10-02 23:46:48.027] [pid:47176] [codingPlanSubscription] 动态工作流灰度配置读取失败，按关闭处理 {"errorMessage":"HTTP 404"}
[2026-10-02 23:46:48.041] [info] [pid:47544] [main] [host-log] (local-1) [host] [2026-10-02 23:46:48.027] [pid:47176] [zcode-host] [rpc:call] coding-plan-subscription.getDynamicWorkflowClientConfig OK (23.8ms)
[2026-10-02 23:46:48.046] [info] [pid:47544] [main] [open-folder] Windows Explorer 右键菜单已安装或更新 {"executablePath":"E:\\Xiadie\\Xiadie\\.runtime\\P01\\desktop-source\\node_modules\\electron\\dist\\electron.exe","hasDefaultAppEntry":true,"locale":"zh-CN"}
[2026-10-02 23:46:48.113] [info] [pid:47544] [main] [cron-scheduler] scheduler process exited code=1
[2026-10-02 23:46:48.117] [info] [pid:47544] [main] [crash-capture] child-process-gone: {"type":"Utility","reason":"killed","exitCode":1,"serviceName":"node.mojom.NodeService","name":"zcode-cron-scheduler"}
[2026-10-02 23:46:48.118] [info] [pid:47544] [main] [stability] perf_process_exit reported {"exit_code":1,"exit_reason":"killed","process_role":"utility","exit_kind":"normal","process_type":"Utility","process_name":"node.mojom.NodeService"}
[2026-10-02 23:46:48.138] [warn] [pid:47544] [main] [host-log] (local-1) [host] [2026-10-02 23:46:48.137] [pid:47176] [provider-config] ZCode Built-in Config 远端刷新失败 {"error":{}}
[2026-10-02 23:46:48.139] [info] [pid:47544] [main] [host-log] (local-1) [host] [2026-10-02 23:46:48.139] [pid:47176] [provider-runtime][trace:Provider Registry 已就绪] {"configRevision":"[\"zcode-builtin:30:a07ca9d8ef245a994b9bb9f1a8805e607e8291a0fe9bd446112873863fad0dd2\",\"7b330731affe6378fc5775b6f8bb030f4b9ef487a83ac47eb9478273c7783563\"]","providerCount":1}
[2026-10-02 23:46:48.139] [info] [pid:47544] [main] [host-log] (local-1) [host] [2026-10-02 23:46:48.139] [pid:47176] [zcode-host] [rpc:call] provider-settings.getView OK (134.8ms)
[2026-10-02 23:46:48.140] [info] [pid:47544] [main] [host-log] (local-1) [host] [2026-10-02 23:46:48.139] [pid:47176] [zcode-host] [rpc:call] provider-settings.getView OK (131.5ms)
[2026-10-02 23:46:48.140] [info] [pid:47544] [main] [host-log] (local-1) [host] [2026-10-02 23:46:48.140] [pid:47176] [zcode-host] [rpc:call] credential.load OK (0.4ms)
[2026-10-02 23:46:48.140] [info] [pid:47544] [main] [host-log] (local-1) [host] [2026-10-02 23:46:48.141] [pid:47176] [zcode-host] [rpc:call] credential.load OK (0.8ms)
[2026-10-02 23:46:48.141] [info] [pid:47544] [main] [host-log] (local-1) [host] [2026-10-02 23:46:48.141] [pid:47176] [zcode-host] [rpc:call] model-selection.getView OK (137.1ms)
[2026-10-02 23:46:48.142] [info] [pid:47544] [main] [host-log] (local-1) [host] [2026-10-02 23:46:48.142] [pid:47176] [zcode-host] [rpc:call] model-selection.getView OK (122.8ms)
[2026-10-02 23:46:48.143] [info] [pid:47544] [main] [host-log] (local-1) [host] [2026-10-02 23:46:48.143] [pid:47176] [zcode-agent] ZCode agent command resolved {"workspaceKey":"E:\\Xiadie\\Xiadie\\.runtime\\P01\\validation\\u11-final-01\\degradation\\scenarios\\offline\\profile\\workspace","command":"E:\\Xiadie\\Xiadie\\.runtime\\P01\\desktop-source\\node_modules\\electron\\dist\\electron.exe","effectiveCommand":"E:\\Xiadie\\Xiadie\\.runtime\\P01\\desktop-source\\node_modules\\electron\\dist\\electron.exe","resolveCommandDurationMs":0}
[2026-10-02 23:46:48.146] [info] [pid:47544] [main] [host-log] (local-1) [host] [2026-10-02 23:46:48.146] [pid:47176] [settingService] writing settings to: E:\Xiadie\Xiadie\.runtime\P01\validation\u11-final-01\degradation\scenarios\offline\profile\home\.zcode\v2\setting.json {"recentProjects":[],"locale":"zh-CN","localePreference":"system","terminalInheritSystemProfile":true,"embeddedBrowserAllowInsecureCertificates":false,"embeddedBrowserViewportPreference":{"mode":"normal","viewport":{"width":393,"height":852},"zoom":"fit"},"computerUseComposerEntryHidden":true,"taskAutoArchiveEnabled":false,"taskAutoArchiveOlderThanDays":7,"closeToTrayOnWindows":true,"closeToTrayOnWindowsMigrationInitialized":true,"keepAwakeWhileRunning":false,"desktopChromiumHardwareAccelerationEnabled":true,"messageStreamShowReasoning":true,"messageStreamShowReasoningMigrationInitialized":true,"messageStreamShowTodos":false,"toolGroupingExploreEnabled":true,"toolGroupingTerminalEnabled":true,"toolGroupingChangesEnabled":false,"zcodeInteractionBehavior":"queue","askUserQuestionAutoResolutionEnabled":true,"modelIoFullRetentionEnabled":false,"startPlanRecommendationDismissed":false,"providerFamilyConnectionSelections":{},"providerFamilyDomainUpdatedAt":1790956008143,"providerFamilyDomainMigrated":true,"nativeSearchEnhancementsEnabled":true,"memoryEnabled":false,"lastWorkspaceSession":[],"lastActiveTabIndex":0,"receivePreviewUpdates":false,"autoDownloadAndInstallUpdates":false,"skippedElectronUpdateVersions":{}}
[2026-10-02 23:46:48.149] [info] [pid:47544] [main] [host-log] (local-1) [host] [2026-10-02 23:46:48.149] [pid:47176] [zcode-agent] ZCode agent process start already in progress {"workspaceKey":"E:\\Xiadie\\Xiadie\\.runtime\\P01\\validation\\u11-final-01\\degradation\\scenarios\\offline\\profile\\workspace"}
[2026-10-02 23:46:48.153] [error] [pid:47544] [main] [host-log] (local-1) [host] [2026-10-02 23:46:48.153] [pid:47176] [cua-product-helper] Windows CUA Helper runtime resolution failed {"reason":"invalid-runtime-manifest","artifact":"runtime-manifest.json","errorName":"WindowsCuaDevRuntimeResolutionError","message":"Windows CUA packaged runtime has an invalid runtime-manifest.json."}
[2026-10-02 23:46:48.153] [warn] [pid:47544] [main] [host-log] (local-1) [host] [2026-10-02 23:46:48.153] [pid:47176] [cua-product-helper] Computer Use Helper broker_unavailable; disabling workspace zcode-cua MCP server for this agent spawn (Windows CUA packaged runtime has an invalid runtime-manifest.json.)
[2026-10-02 23:46:48.164] [info] [pid:47544] [main] [host-log] (local-1) [host] [2026-10-02 23:46:48.164] [pid:47176] [settingService] write done
[2026-10-02 23:46:48.165] [info] [pid:47544] [main] [host-log] (local-1) [host] [2026-10-02 23:46:48.164] [pid:47176] [zcode-host] [rpc:call] setting.update OK (21.0ms)
[2026-10-02 23:46:48.168] [info] [pid:47544] [main] [host-log] (local-1) [host] [2026-10-02 23:46:48.168] [pid:47176] [zcode-host] [rpc:call] setting.get OK (3.1ms)
[2026-10-02 23:46:48.170] [info] [pid:47544] [main] [host-log] (local-1) [host] [2026-10-02 23:46:48.170] [pid:47176] [zcode-host] [rpc:call] oauth.getProviders OK (0.0ms)
[2026-10-02 23:46:48.170] [info] [pid:47544] [main] [host-log] (local-1) [host] [2026-10-02 23:46:48.170] [pid:47176] [zcode-host] [rpc:call] oauth.getProviders OK (0.0ms)
[2026-10-02 23:46:48.171] [info] [pid:47544] [main] [host-log] (local-1) [host] [2026-10-02 23:46:48.171] [pid:47176] [zcode-host] [rpc:call] oauth.getActiveProvider OK (1.0ms)
[2026-10-02 23:46:48.172] [info] [pid:47544] [main] [host-log] (local-1) [host] [2026-10-02 23:46:48.171] [pid:47176] [zcode-host] [rpc:call] oauth.getActiveProvider OK (1.0ms)
[2026-10-02 23:46:48.172] [info] [pid:47544] [main] [host-log] (local-1) [host] [2026-10-02 23:46:48.172] [pid:47176] [zcode-agent] ZCode agent spawn preflight {"workspaceKey":"E:\\Xiadie\\Xiadie\\.runtime\\P01\\validation\\u11-final-01\\degradation\\scenarios\\offline\\profile\\workspace","spawnPreflight":{"command":"E:\\Xiadie\\Xiadie\\.runtime\\P01\\desktop-source\\node_modules\\electron\\dist\\electron.exe","args":["E:\\Xiadie\\Xiadie\\.runtime\\P01\\u10-candidate-06\\apps\\zcode-cli\\packages\\cli\\dist\\zcode.cjs","app-server","--stdio"],"requestedCwd":"E:\\Xiadie\\Xiadie\\.runtime\\P01\\validation\\u11-final-01\\degradation\\scenarios\\offline\\profile\\workspace","cwd":"E:\\Xiadie\\Xiadie\\.runtime\\P01\\validation\\u11-final-01\\degradation\\scenarios\\offline\\profile\\workspace","cwdSource":"command","commandPathKind":"absolute","commandExists":true,"cwdExists":true}}
[2026-10-02 23:46:48.182] [info] [pid:47544] [main] [host-log] (local-1) [host] [2026-10-02 23:46:48.182] [pid:47176] [zcode-agent] ZCode agent process start wait completed {"workspaceKey":"E:\\Xiadie\\Xiadie\\.runtime\\P01\\validation\\u11-final-01\\degradation\\scenarios\\offline\\profile\\workspace","durationMs":33}
[2026-10-02 23:46:48.184] [info] [pid:47544] [main] [stability] perf_agent_start reported {"pid":51292,"runtimeGeneration":1,"runtimeInstanceId":"agent-dce885f7-4ec1-47e3-8095-09ba3ee725fa"}
[2026-10-02 23:46:48.185] [info] [pid:47544] [main] [host-log] (local-1) [host] [2026-10-02 23:46:48.184] [pid:47176] [zcode-agent] ZCode agent process started {"workspaceKey":"E:\\Xiadie\\Xiadie\\.runtime\\P01\\validation\\u11-final-01\\degradation\\scenarios\\offline\\profile\\workspace","command":"E:\\Xiadie\\Xiadie\\.runtime\\P01\\desktop-source\\node_modules\\electron\\dist\\electron.exe","cwd":"E:\\Xiadie\\Xiadie\\.runtime\\P01\\validation\\u11-final-01\\degradation\\scenarios\\offline\\profile\\workspace","pid":51292,"durationMs":41}
[2026-10-02 23:46:48.189] [warn] [pid:47544] [main] [host-log] (local-1) [host] [2026-10-02 23:46:48.189] [pid:47176] [codingPlanSubscription] 动态工作流灰度配置读取失败，按关闭处理 {"errorMessage":"HTTP 404"}
[2026-10-02 23:46:48.237] [warn] [pid:47544] [main] [host-log] (local-1) [host] [2026-10-02 23:46:48.237] [pid:47176] [zcode-host] [rpc:call] provider-settings.refresh FAIL (218.4ms) {"name":"Error","message":"ZCode Built-in client-config: HTTP 404","stack":"Error: ZCode Built-in client-config: HTTP 404\n    at downloadZCodeBuiltinRelease (file:///E:/Xiadie/Xiadie/.runtime/P01/u10-candidate-06/packages/desktop/out/host/index.js:3:71461)\n    at process.processTicksAndRejections (node:internal/process/task_queues:104:5)\n    at async #r (file:///E:/Xiadie/Xiadie/.runtime/P01/u10-candidate-06/packages/desktop/out/host/index.js:3:73689)\n    at async Promise.allSettled (index 0)\n    at async Object.refreshSources (file:///E:/Xiadie/Xiadie/.runtime/P01/u10-candidate-06/packages/desktop/out/host/index.js:153:129727)\n    at async ProviderSettingsFacade.refresh (file:///E:/Xiadie/Xiadie/.runtime/P01/u10-candidate-06/packages/desktop/out/host/index.js:3:55937)\n    at async NetworkTelemetryServerChannel.call (file:///E:/Xiadie/Xiadie/.runtime/P01/u10-candidate-06/packages/desktop/out/host/chunk-XPU7OCSY.js:3:3883)\n    at async LoggingServerChannel.call (file:///E:/Xiadie/Xiadie/.runtime/P01/u10-candidate-06/packages/desktop/out/host/chunk-XPU7OCSY.js:3:2318)"}
[2026-10-02 23:46:48.238] [warn] [pid:47544] [main] [host-log] (local-1) [host] [2026-10-02 23:46:48.237] [pid:47176] [zcode-host] [rpc:call] provider-settings.refresh FAIL (67.5ms) {"name":"Error","message":"ZCode Built-in client-config: HTTP 404","stack":"Error: ZCode Built-in client-config: HTTP 404\n    at downloadZCodeBuiltinRelease (file:///E:/Xiadie/Xiadie/.runtime/P01/u10-candidate-06/packages/desktop/out/host/index.js:3:71461)\n    at process.processTicksAndRejections (node:internal/process/task_queues:104:5)\n    at async #r (file:///E:/Xiadie/Xiadie/.runtime/P01/u10-candidate-06/packages/desktop/out/host/index.js:3:73689)\n    at async Promise.allSettled (index 0)\n    at async Object.refreshSources (file:///E:/Xiadie/Xiadie/.runtime/P01/u10-candidate-06/packages/desktop/out/host/index.js:153:129727)\n    at async ProviderSettingsFacade.refresh (file:///E:/Xiadie/Xiadie/.runtime/P01/u10-candidate-06/packages/desktop/out/host/index.js:3:55937)\n    at async NetworkTelemetryServerChannel.call (file:///E:/Xiadie/Xiadie/.runtime/P01/u10-candidate-06/packages/desktop/out/host/chunk-XPU7OCSY.js:3:3883)\n    at async LoggingServerChannel.call (file:///E:/Xiadie/Xiadie/.runtime/P01/u10-candidate-06/packages/desktop/out/host/chunk-XPU7OCSY.js:3:2318)"}
[2026-10-02 23:46:48.921] [info] [pid:47544] [main] [host-log] (local-1) [host] [2026-10-02 23:46:48.921] [pid:47176] [zcode-agent-service] 为只读会话控制面启动 ZCode agent {"workspaceKey":"E:\\Xiadie\\Xiadie\\.runtime\\P01\\validation\\u11-final-01\\degradation\\scenarios\\offline\\profile\\workspace","workspacePath":"E:\\Xiadie\\Xiadie\\.runtime\\P01\\validation\\u11-final-01\\degradation\\scenarios\\offline\\profile\\workspace"}
[2026-10-02 23:46:48.922] [info] [pid:47544] [main] [stability] perf_agent_ready reported {"pid":51292,"runtimeGeneration":1,"runtimeInstanceId":"agent-dce885f7-4ec1-47e3-8095-09ba3ee725fa","startupDurationMs":739}
[2026-10-02 23:46:48.923] [info] [pid:47544] [main] [host-log] (local-1) [host] [2026-10-02 23:46:48.921] [pid:47176] [zcode-agent-service] provider/model 就绪，允许 ZCode agent 模型执行 {"modelId":"deepseek-flash","providerId":"p01-u10-loopback","revision":"model-selection:1","workspaceKey":"E:\\Xiadie\\Xiadie\\.runtime\\P01\\validation\\u11-final-01\\degradation\\scenarios\\offline\\profile\\workspace","workspacePath":"E:\\Xiadie\\Xiadie\\.runtime\\P01\\validation\\u11-final-01\\degradation\\scenarios\\offline\\profile\\workspace"}
[2026-10-02 23:46:48.924] [info] [pid:47544] [main] [host-log] (local-1) [host] [2026-10-02 23:46:48.921] [pid:47176] [zcode-agent-service] provider/model 就绪，允许 ZCode agent 模型执行 {"modelId":"deepseek-flash","providerId":"p01-u10-loopback","revision":"model-selection:1","workspaceKey":"E:\\Xiadie\\Xiadie\\.runtime\\P01\\validation\\u11-final-01\\degradation\\scenarios\\offline\\profile\\workspace","workspacePath":"E:\\Xiadie\\Xiadie\\.runtime\\P01\\validation\\u11-final-01\\degradation\\scenarios\\offline\\profile\\workspace"}
[2026-10-02 23:46:48.924] [info] [pid:47544] [main] [host-log] (local-1) [host] [2026-10-02 23:46:48.922] [pid:47176] [zcode-agent-service] ZCode agent 初始化完成 {"durationMs":948,"transportKind":"stdio","workspaceKey":"E:\\Xiadie\\Xiadie\\.runtime\\P01\\validation\\u11-final-01\\degradation\\scenarios\\offline\\profile\\workspace","workspacePath":"E:\\Xiadie\\Xiadie\\.runtime\\P01\\validation\\u11-final-01\\degradation\\scenarios\\offline\\profile\\workspace"}
[2026-10-02 23:46:48.925] [info] [pid:47544] [main] [host-log] (local-1) [host] [2026-10-02 23:46:48.922] [pid:47176] [zcode-host] ZCode agent warmup ready (local host init (1/1)) workspace=E:\Xiadie\Xiadie\.runtime\P01\validation\u11-final-01\degradation\scenarios\offline\profile\workspace transport=stdio
[2026-10-02 23:46:48.943] [info] [pid:47544] [main] [host-log] (local-1) [host] [2026-10-02 23:46:48.943] [pid:47176] [zcode-agent-service] account provider config 已交付到 ZCode agent {"providerCount":8,"reason":"startup_ready:model_selection_changed","receivedRevision":"account:[\"zcode-builtin:30:a07ca9d8ef245a994b9bb9f1a8805e607e8291a0fe9bd446112873863fad0dd2\",[{\"providerId\":\"account:zai-individual-coding-plan\",\"config\":{\"access\":{\"type\":\"zhipu-account\",\"entitled\":false}}},{\"providerId\":\"account:zai-team-coding-plan\",\"config\":{\"access\":{\"type\":\"zhipu-account\",\"entitled\":false}}},{\"providerId\":\"account:zai-start-plan\",\"config\":{\"access\":{\"type\":\"zhipu-account\",\"entitled\":false}}},{\"providerId\":\"account:bigmodel-individual-coding-plan\",\"config\":{\"access\":{\"type\":\"zhipu-account\",\"entitled\":false}}},{\"providerId\":\"account:bigmodel-team-coding-plan\",\"config\":{\"access\":{\"type\":\"zhipu-account\",\"entitled\":false}}},{\"providerId\":\"account:bigmodel-start-plan\",\"config\":{\"access\":{\"type\":\"zhipu-account\",\"entitled\":false}}},{\"providerId\":\"account:zai-offpeak-idle-plan\",\"config\":{\"access\":{\"type\":\"zhipu-account\",\"entitled\":false}}},{\"providerId\":\"account:bigmodel-offpeak-idle-plan\",\"config\":{\"access\":{\"type\":\"zhipu-account\",\"entitled\":false}}}],{\"account:zai-individual-coding-plan\":{\"availability\":\"unavailable\",\"entitled\":false,\"unavailableReason\":\"not-connected\",\"current\":false,\"connectionKey\":\"41717a7a173a5e88981ed3b30d6c754715277dce3b302a8e7b1386cdf57b9b4c\"},\"account:zai-team-coding-plan\":{\"availability\":\"unavailable\",\"entitled\":false,\"unavailableReason\":\"not-connected\",\"current\":false,\"connectionKey\":\"41717a7a173a5e88981ed3b30d6c754715277dce3b302a8e7b1386cdf57b9b4c\"},\"account:zai-start-plan\":{\"availability\":\"unavailable\",\"entitled\":false,\"unavailableReason\":\"not-connected\",\"current\":false,\"connectionKey\":\"b20a8f39ea1865b9bdbc4f21e0774500034895a93cdf0c737917b6532ebedcea\"},\"account:bigmodel-individual-coding-plan\":{\"availability\":\"unavailable\",\"entitled\":false,\"unavailableReason\":\"not-connected\",\"current\":false,\"connectionKey\":\"145736c8450a04bf4ba21aee47794f53d87ea79c5dc4cc5b9f27fbf5b6038d53\"},\"account:bigmodel-team-coding-plan\":{\"availability\":\"unavailable\",\"entitled\":false,\"unavailableReason\":\"not-connected\",\"current\":false,\"connectionKey\":\"145736c8450a04bf4ba21aee47794f53d87ea79c5dc4cc5b9f27fbf5b6038d53\"},\"account:bigmodel-start-plan\":{\"availability\":\"unavailable\",\"entitled\":false,\"unavailableReason\":\"not-connected\",\"current\":false,\"connectionKey\":\"116fde2fcda0bb10f88164a63caadb0a0ec8611edcf75b35a9924684f9ba84bd\"},\"account:zai-offpeak-idle-plan\":{\"availability\":\"unavailable\",\"entitled\":false},\"account:bigmodel-offpeak-idle-plan\":{\"availability\":\"unavailable\",\"entitled\":false}}]","status":"received"}
[2026-10-02 23:46:48.944] [info] [pid:47544] [main] [host-log] (local-1) [host] [2026-10-02 23:46:48.943] [pid:47176] [zcode-agent-service] provider/model 就绪后已启动等待中的 ZCode agent {"providerCount":1,"reason":"model_selection_changed","revision":"model-selection:1","workspaceKey":"E:\\Xiadie\\Xiadie\\.runtime\\P01\\validation\\u11-final-01\\degradation\\scenarios\\offline\\profile\\workspace","workspacePath":"E:\\Xiadie\\Xiadie\\.runtime\\P01\\validation\\u11-final-01\\degradation\\scenarios\\offline\\profile\\workspace"}
[2026-10-02 23:46:49.058] [info] [pid:47544] [main] [stability] perf_app_start reported
[2026-10-02 23:46:51.573] [info] [pid:47544] [main] [host-log] (local-1) [host] [2026-10-02 23:46:51.573] [pid:47176] [settingService] writing settings to: E:\Xiadie\Xiadie\.runtime\P01\validation\u11-final-01\degradation\scenarios\offline\profile\home\.zcode\v2\setting.json {"recentProjects":[],"locale":"zh-CN","localePreference":"system","terminalInheritSystemProfile":true,"embeddedBrowserAllowInsecureCertificates":false,"embeddedBrowserViewportPreference":{"mode":"normal","viewport":{"width":393,"height":852},"zoom":"fit"},"computerUseComposerEntryHidden":true,"taskAutoArchiveEnabled":false,"taskAutoArchiveOlderThanDays":7,"closeToTrayOnWindows":true,"closeToTrayOnWindowsMigrationInitialized":true,"keepAwakeWhileRunning":false,"desktopChromiumHardwareAccelerationEnabled":true,"messageStreamShowReasoning":true,"messageStreamShowReasoningMigrationInitialized":true,"messageStreamShowTodos":false,"toolGroupingExploreEnabled":true,"toolGroupingTerminalEnabled":true,"toolGroupingChangesEnabled":false,"zcodeInteractionBehavior":"queue","askUserQuestionAutoResolutionEnabled":true,"modelIoFullRetentionEnabled":false,"startPlanRecommendationDismissed":false,"providerFamilyConnectionSelections":{},"providerFamilyDomain":"bigmodel","providerFamilyDomainUpdatedAt":1790956011572,"providerFamilyDomainMigrated":true,"nativeSearchEnhancementsEnabled":true,"memoryEnabled":false,"lastWorkspaceSession":[],"lastActiveTabIndex":0,"receivePreviewUpdates":false,"autoDownloadAndInstallUpdates":false,"skippedElectronUpdateVersions":{}}
[2026-10-02 23:46:51.576] [info] [pid:47544] [main] [host-log] (local-1) [host] [2026-10-02 23:46:51.576] [pid:47176] [settingService] write done
[2026-10-02 23:46:51.578] [info] [pid:47544] [main] [host-log] (local-1) [host] [2026-10-02 23:46:51.577] [pid:47176] [zcode-host] [rpc:call] setting.update OK (4.6ms)
[2026-10-02 23:46:51.631] [info] [pid:47544] [main] [host-log] (local-1) [host] [2026-10-02 23:46:51.631] [pid:47176] [zcode-host] [rpc:call] setting.get OK (1.1ms)
[2026-10-02 23:46:51.632] [info] [pid:47544] [main] [host-log] (local-1) [host] [2026-10-02 23:46:51.632] [pid:47176] [zcode-host] [rpc:call] file.ensureConversationWorkspace OK (0.8ms)
[2026-10-02 23:46:51.634] [info] [pid:47544] [main] [task-realtime] updated host workspace scopes {"hostId":"b9739e72-db91-44d7-b913-1f14ed90e608","workspaceKeyCount":1}
[2026-10-02 23:46:51.635] [info] [pid:47544] [main] [host-log] (local-1) [host] [2026-10-02 23:46:51.636] [pid:47176] [zcode-host] [rpc:call] setting.get OK (0.5ms)
[2026-10-02 23:46:51.636] [info] [pid:47544] [main] [host-log] (local-1) [host] [2026-10-02 23:46:51.636] [pid:47176] [zcode-host] [rpc:call] file.ensureConversationWorkspace OK (0.3ms)
[2026-10-02 23:46:51.638] [info] [pid:47544] [main] [task-realtime] updated host workspace scopes {"hostId":"b9739e72-db91-44d7-b913-1f14ed90e608","workspaceKeyCount":1}
[2026-10-02 23:46:51.641] [info] [pid:47544] [main] [task-realtime] updated host workspace scopes {"hostId":"b9739e72-db91-44d7-b913-1f14ed90e608","workspaceKeyCount":2}
[2026-10-02 23:46:51.641] [info] [pid:47544] [main] [host-log] (local-1) [host] [2026-10-02 23:46:51.640] [pid:47176] [zcode-host] [rpc:call] onboarding-record.claimAnonymousRecord OK (0.4ms)
[2026-10-02 23:46:51.644] [info] [pid:47544] [main] [host-log] (local-1) [host] [2026-10-02 23:46:51.641] [pid:47176] [zcode-host] [rpc:call] onboarding-record.getLatestEntry OK (0.5ms)
[2026-10-02 23:46:51.645] [info] [pid:47544] [main] [host-log] (local-1) [host] [2026-10-02 23:46:51.641] [pid:47176] [zcode-host] [rpc:call] setting.get OK (1.2ms)
[2026-10-02 23:46:51.645] [info] [pid:47544] [main] [host-log] (local-1) [host] [2026-10-02 23:46:51.645] [pid:47176] [zcode-host] [rpc:call] onboarding-record.shouldOnboard OK (4.3ms)
[2026-10-02 23:46:51.672] [info] [pid:47544] [renderer] v4 conversation frame upstream attached {"workspaceKey":"E:\\Xiadie\\Xiadie\\.runtime\\P01\\validation\\u11-final-01\\degradation\\scenarios\\offline\\profile\\workspace","workspacePath":"E:\\Xiadie\\Xiadie\\.runtime\\P01\\validation\\u11-final-01\\degradation\\scenarios\\offline\\profile\\workspace","event":"v4.conversation.frames.upstream_attached","listenerCount":1,"module":"ui.v4.conversation_transport","runtimeGeneration":0,"status":"completed"}
[2026-10-02 23:46:51.673] [info] [pid:47544] [renderer] v4 workspace connection created {"event":"v4.workspace_connection.created","isRemote":false,"key":"__base__ E:\\Xiadie\\Xiadie\\.runtime\\P01\\validation\\u11-final-01\\degradation\\scenarios\\offline\\profile\\workspace","module":"ui.v4.workspace_connection_registry","refCount":1,"serviceGeneration":1,"status":"completed"}
[2026-10-02 23:46:51.673] [info] [pid:47544] [main] [host-log] (local-1) [host] [2026-10-02 23:46:51.672] [pid:47176] [zcode-host] [rpc:listen] zcode-agent.onDynamicLocalTtftFacts subscribed
[2026-10-02 23:46:51.674] [info] [pid:47544] [main] [host-log] (local-1) [host] [2026-10-02 23:46:51.673] [pid:47176] [zcode-host] [rpc:listen] zcode-agent.onDynamicConversationFrame subscribed
[2026-10-02 23:46:51.716] [info] [pid:47544] [main] [host-log] (local-1) [host] [2026-10-02 23:46:51.717] [pid:47176] [zcode-host] [rpc:listen] window-controller.onDynamicControllerFrame subscribed
[2026-10-02 23:46:51.717] [info] [pid:47544] [main] [host-log] (local-1) [host] [2026-10-02 23:46:51.717] [pid:47176] [zcode-host] [rpc:call] window-controller.subscribeControllerV4 OK (0.2ms)
[2026-10-02 23:46:51.718] [info] [pid:47544] [main] [host-log] (local-1) [host] [2026-10-02 23:46:51.717] [pid:47176] [zcode-host] [rpc:call] window-controller.subscribeControllerV4 OK (0.1ms)
[2026-10-02 23:46:51.718] [info] [pid:47544] [main] [host-log] (local-1) [host] [2026-10-02 23:46:51.719] [pid:47176] [zcode-host] [rpc:call] window-controller.listTaskList OK (0.0ms)
[2026-10-02 23:46:51.721] [info] [pid:47544] [main] [host-log] (local-1) [host] [2026-10-02 23:46:51.721] [pid:47176] [zcode-host] [rpc:call] window-controller.listTaskList OK (3.7ms)
[2026-10-02 23:46:51.721] [info] [pid:47544] [main] [host-log] (local-1) [host] [2026-10-02 23:46:51.721] [pid:47176] [zcode-host] [rpc:listen] zcode-agent.onDynamicSessionsIndexFrame subscribed
[2026-10-02 23:46:51.721] [info] [pid:47544] [main] [host-log] (local-1) [host] [2026-10-02 23:46:51.721] [pid:47176] [zcode-host] [rpc:listen] zcode-agent.onAgentRuntimeLifecycle subscribed
[2026-10-02 23:46:51.722] [info] [pid:47544] [main] [host-log] (local-1) [host] [2026-10-02 23:46:51.721] [pid:47176] [zcode-host] [rpc:call] zcode-agent.helloConversationV4 OK (0.1ms)
[2026-10-02 23:46:51.722] [info] [pid:47544] [main] [host-log] (local-1) [host] [2026-10-02 23:46:51.721] [pid:47176] [zcode-host] [rpc:call] zcode-task.listPinnedTaskIds OK (0.1ms)
[2026-10-02 23:46:51.723] [info] [pid:47544] [main] [host-log] (local-1) [host] [2026-10-02 23:46:51.722] [pid:47176] [zcode-host] [rpc:call] zcode-task.listArchivedTasks OK (0.1ms)
[2026-10-02 23:46:51.723] [info] [pid:47544] [main] [host-log] (local-1) [host] [2026-10-02 23:46:51.722] [pid:47176] [zcode-host] [rpc:call] zcode-task.listTasks OK (0.2ms)
[2026-10-02 23:46:51.723] [info] [pid:47544] [main] [host-log] (local-1) [host] [2026-10-02 23:46:51.722] [pid:47176] [zcode-host] [rpc:call] zcode-task.listPinnedTasks OK (0.1ms)
[2026-10-02 23:46:51.724] [info] [pid:47544] [main] [host-log] (local-1) [host] [2026-10-02 23:46:51.722] [pid:47176] [zcode-host] [rpc:call] zcode-task.listDeletedTaskIds OK (0.1ms)
[2026-10-02 23:46:51.724] [info] [pid:47544] [main] [host-log] (local-1) [host] [2026-10-02 23:46:51.723] [pid:47176] [zcode-host] [rpc:listen] zcode-task.onDynamicWorkspaceEvent subscribed
[2026-10-02 23:46:51.725] [warn] [pid:47544] [main] [host-log] (local-1) [host] [2026-10-02 23:46:51.724] [pid:47176] [zcode-host] [rpc:call] client-scenes.list FAIL (9.6ms) {"name":"ApiError","message":"HTTP 404","stack":"ApiError: HTTP 404\n    at readApiJson (file:///E:/Xiadie/Xiadie/.runtime/P01/u10-candidate-06/packages/desktop/out/host/index.js:153:27822)\n    at process.processTicksAndRejections (node:internal/process/task_queues:104:5)\n    at async NetworkTelemetryServerChannel.call (file:///E:/Xiadie/Xiadie/.runtime/P01/u10-candidate-06/packages/desktop/out/host/chunk-XPU7OCSY.js:3:3883)\n    at async LoggingServerChannel.call (file:///E:/Xiadie/Xiadie/.runtime/P01/u10-candidate-06/packages/desktop/out/host/chunk-XPU7OCSY.js:3:2318)"}
[2026-10-02 23:46:51.725] [info] [pid:47544] [main] [host-log] (local-1) [host] [2026-10-02 23:46:51.724] [pid:47176] [zcode-host] [rpc:listen] zcode-agent.onAgentRuntimeLifecycle subscribed
[2026-10-02 23:46:51.725] [info] [pid:47544] [main] [host-log] (local-1) [host] [2026-10-02 23:46:51.725] [pid:47176] [zcode-host] [rpc:call] setting.get OK (7.7ms)
[2026-10-02 23:46:51.726] [info] [pid:47544] [main] [host-log] (local-1) [host] [2026-10-02 23:46:51.725] [pid:47176] [zcode-host] [rpc:call] system.info OK (0.1ms)
[2026-10-02 23:46:51.726] [info] [pid:47544] [main] [host-log] (local-1) [host] [2026-10-02 23:46:51.726] [pid:47176] [zcode-host] [rpc:listen] model-selection.onDidChange subscribed
[2026-10-02 23:46:51.727] [info] [pid:47544] [main] [host-log] (local-1) [host] [2026-10-02 23:46:51.726] [pid:47176] [zcode-host] [rpc:listen] model-selection.onDidChange subscribed
[2026-10-02 23:46:51.727] [info] [pid:47544] [main] [host-log] (local-1) [host] [2026-10-02 23:46:51.727] [pid:47176] [zcode-host] [rpc:listen] zcode-agent.onDynamicConversationTelemetryFact subscribed
[2026-10-02 23:46:51.728] [info] [pid:47544] [main] [host-log] (local-1) [host] [2026-10-02 23:46:51.728] [pid:47176] [zcode-host] [rpc:call] model-selection.getView OK (1.5ms)
[2026-10-02 23:46:51.728] [info] [pid:47544] [main] [host-log] (local-1) [host] [2026-10-02 23:46:51.728] [pid:47176] [zcode-host] [rpc:call] model-selection.getView OK (1.8ms)
[2026-10-02 23:46:51.729] [info] [pid:47544] [main] [host-log] (local-1) [host] [2026-10-02 23:46:51.729] [pid:47176] [zcode-host] [rpc:call] subagents.list OK (6.3ms)
[2026-10-02 23:46:51.737] [info] [pid:47544] [main] [host-log] (local-1) [host] [2026-10-02 23:46:51.729] [pid:47176] [zcode-host] [rpc:call] off-peak-task.list OK (0.3ms)
[2026-10-02 23:46:51.737] [info] [pid:47544] [main] [host-log] (local-1) [host] [2026-10-02 23:46:51.734] [pid:47176] [zcode-host] [rpc:call] settings-sync.getFirstRunPromptState OK (0.6ms)
[2026-10-02 23:46:51.746] [warn] [pid:47544] [main] [community] failed to fetch remote config: {}
[2026-10-02 23:46:51.753] [info] [pid:47544] [main] [host-log] (local-1) [host] [2026-10-02 23:46:51.753] [pid:47176] [zcode-host] [rpc:call] window-controller.listTaskList OK (0.1ms)
[2026-10-02 23:46:51.754] [info] [pid:47544] [main] [host-log] (local-1) [host] [2026-10-02 23:46:51.754] [pid:47176] [zcode-host] [rpc:call] window-controller.listTaskList OK (0.0ms)
[2026-10-02 23:46:51.754] [info] [pid:47544] [main] [host-log] (local-1) [host] [2026-10-02 23:46:51.754] [pid:47176] [zcode-host] [rpc:call] window-controller.listTaskList OK (0.0ms)
[2026-10-02 23:46:51.756] [info] [pid:47544] [main] [host-log] (local-1) [host] [2026-10-02 23:46:51.756] [pid:47176] [zcode-host] [rpc:call] zcode-agent.initializeConversationV4 OK (0.7ms)
[2026-10-02 23:46:51.778] [info] [pid:47544] [main] [host-log] (local-1) [host] [2026-10-02 23:46:51.778] [pid:47176] [zcode-host] [rpc:listen] model-selection.onDidChange subscribed
[2026-10-02 23:46:51.779] [info] [pid:47544] [main] [host-log] (local-1) [host] [2026-10-02 23:46:51.779] [pid:47176] [zcode-agent-service] 开始请求 ZCode Protocol workspace/readPresentation {"workspaceKey":"E:\\Xiadie\\Xiadie\\.runtime\\P01\\validation\\u11-final-01\\degradation\\scenarios\\offline\\profile\\workspace","workspacePath":"E:\\Xiadie\\Xiadie\\.runtime\\P01\\validation\\u11-final-01\\degradation\\scenarios\\offline\\profile\\workspace"}
[2026-10-02 23:46:51.779] [info] [pid:47544] [main] [host-log] (local-1) [host] [2026-10-02 23:46:51.780] [pid:47176] [zcode-host] [rpc:call] model-selection.getView OK (1.1ms)
[2026-10-02 23:46:51.784] [info] [pid:47544] [main] [host-log] (local-1) [host] [2026-10-02 23:46:51.784] [pid:47176] [zcode-host] [rpc:call] settings-sync.detect OK (0.1ms)
[2026-10-02 23:46:51.786] [info] [pid:47544] [main] [host-log] (local-1) [host] [2026-10-02 23:46:51.786] [pid:47176] [zcode-agent-service] ZCode Protocol workspace/readPresentation 完成 {"durationMs":7,"slashCommandCount":4,"workspaceKey":"E:\\Xiadie\\Xiadie\\.runtime\\P01\\validation\\u11-final-01\\degradation\\scenarios\\offline\\profile\\workspace","workspacePath":"E:\\Xiadie\\Xiadie\\.runtime\\P01\\validation\\u11-final-01\\degradation\\scenarios\\offline\\profile\\workspace"}
[2026-10-02 23:46:51.786] [info] [pid:47544] [main] [host-log] (local-1) [host] [2026-10-02 23:46:51.786] [pid:47176] [zcode-host] [rpc:call] zcode-session.readWorkspacePresentation OK (7.2ms)
[2026-10-02 23:46:51.788] [info] [pid:47544] [main] [host-log] (local-1) [host] [2026-10-02 23:46:51.788] [pid:47176] [zcode-host] [rpc:call] zcode-agent.subscribeSessionsIndexV4 OK (1.9ms)
[2026-10-02 23:46:51.806] [info] [pid:47544] [main] [host-log] (local-1) [host] [2026-10-02 23:46:51.806] [pid:47176] [settingService] writing settings to: E:\Xiadie\Xiadie\.runtime\P01\validation\u11-final-01\degradation\scenarios\offline\profile\home\.zcode\v2\setting.json {"recentProjects":[],"locale":"zh-CN","localePreference":"system","terminalInheritSystemProfile":true,"embeddedBrowserAllowInsecureCertificates":false,"embeddedBrowserViewportPreference":{"mode":"normal","viewport":{"width":393,"height":852},"zoom":"fit"},"computerUseComposerEntryHidden":true,"taskAutoArchiveEnabled":false,"taskAutoArchiveOlderThanDays":7,"closeToTrayOnWindows":true,"closeToTrayOnWindowsMigrationInitialized":true,"keepAwakeWhileRunning":false,"desktopChromiumHardwareAccelerationEnabled":true,"messageStreamShowReasoning":true,"messageStreamShowReasoningMigrationInitialized":true,"messageStreamShowTodos":false,"toolGroupingExploreEnabled":true,"toolGroupingTerminalEnabled":true,"toolGroupingChangesEnabled":false,"zcodeInteractionBehavior":"queue","askUserQuestionAutoResolutionEnabled":true,"modelIoFullRetentionEnabled":false,"startPlanRecommendationDismissed":false,"providerFamilyConnectionSelections":{},"providerFamilyDomain":"bigmodel","providerFamilyDomainUpdatedAt":1790956011572,"providerFamilyDomainMigrated":true,"nativeSearchEnhancementsEnabled":true,"memoryEnabled":false,"lastWorkspaceSession":[],"lastActiveTabIndex":0,"receivePreviewUpdates":false,"autoDownloadAndInstallUpdates":false,"skippedElectronUpdateVersions":{},"settingsSyncFirstRunPromptHandled":true}
[2026-10-02 23:46:51.810] [info] [pid:47544] [main] [host-log] (local-1) [host] [2026-10-02 23:46:51.810] [pid:47176] [settingService] write done
[2026-10-02 23:46:51.811] [info] [pid:47544] [main] [host-log] (local-1) [host] [2026-10-02 23:46:51.810] [pid:47176] [zcode-host] [rpc:call] settings-sync.markFirstRunPromptHandled OK (5.0ms)
[2026-10-02 23:46:51.838] [info] [pid:47544] [main] [host-log] (local-1) [host] [2026-10-02 23:46:51.838] [pid:47176] [zcode-host] [rpc:call] git.refresh OK (108.5ms)
[2026-10-02 23:46:51.848] [info] [pid:47544] [main] [host-log] (local-1) [host] [2026-10-02 23:46:51.848] [pid:47176] [zcode-host] [rpc:call] system.info OK (0.0ms)
[2026-10-02 23:46:51.849] [info] [pid:47544] [main] [host-log] (local-1) [host] [2026-10-02 23:46:51.849] [pid:47176] [zcode-host] [rpc:call] file-watcher.watch OK (0.9ms)
[2026-10-02 23:46:51.850] [info] [pid:47544] [main] [host-log] (local-1) [host] [2026-10-02 23:46:51.850] [pid:47176] [zcode-host] [rpc:call] file-watcher.watch OK (0.6ms)
[2026-10-02 23:46:51.850] [info] [pid:47544] [main] [host-log] (local-1) [host] [2026-10-02 23:46:51.851] [pid:47176] [zcode-host] [rpc:call] file-watcher.watch OK (0.7ms)
[2026-10-02 23:46:51.851] [info] [pid:47544] [main] [host-log] (local-1) [host] [2026-10-02 23:46:51.851] [pid:47176] [zcode-host] [rpc:call] file-watcher.watch OK (0.5ms)
[2026-10-02 23:46:51.852] [info] [pid:47544] [main] [host-log] (local-1) [host] [2026-10-02 23:46:51.852] [pid:47176] [zcode-host] [rpc:call] file-watcher.watch OK (0.5ms)
[2026-10-02 23:46:51.852] [info] [pid:47544] [main] [host-log] (local-1) [host] [2026-10-02 23:46:51.852] [pid:47176] [zcode-host] [rpc:call] file-watcher.unwatch OK (0.1ms)
[2026-10-02 23:46:51.853] [info] [pid:47544] [main] [host-log] (local-1) [host] [2026-10-02 23:46:51.852] [pid:47176] [zcode-host] [rpc:call] file-watcher.unwatch OK (0.0ms)
[2026-10-02 23:46:51.853] [info] [pid:47544] [main] [host-log] (local-1) [host] [2026-10-02 23:46:51.852] [pid:47176] [zcode-host] [rpc:listen] file-watcher.onDynamicChange subscribed
[2026-10-02 23:46:51.854] [info] [pid:47544] [main] [host-log] (local-1) [host] [2026-10-02 23:46:51.853] [pid:47176] [zcode-host] [rpc:listen] file-watcher.onDynamicChange subscribed
[2026-10-02 23:46:51.854] [info] [pid:47544] [main] [host-log] (local-1) [host] [2026-10-02 23:46:51.853] [pid:47176] [zcode-host] [rpc:listen] file-watcher.onDynamicChange subscribed
[2026-10-02 23:46:51.895] [info] [pid:47544] [main] [host-log] (local-1) [host] [2026-10-02 23:46:51.895] [pid:47176] [zcode-host] [rpc:call] zcode-agent.sendConversationCommandV4 OK (108.7ms)
[2026-10-02 23:46:51.899] [info] [pid:47544] [renderer] v4 conversation store connect started {"event":"v4.conversation.store.connect.started","generation":1,"hasBase":false,"module":"ui.v4.conversation_projection_store","status":"started","topic":"conversation/sess_7303d9c9-6740-4290-a619-d477ae64fec3"}
[2026-10-02 23:46:51.900] [info] [pid:47544] [main] [host-log] (local-1) [host] [2026-10-02 23:46:51.899] [pid:47176] [zcode-host] [rpc:listen] zcode-agent.onAgentRuntimeRestarted subscribed
[2026-10-02 23:46:51.901] [info] [pid:47544] [renderer] v4 conversation subscription started {"workspaceKey":"E:\\Xiadie\\Xiadie\\.runtime\\P01\\validation\\u11-final-01\\degradation\\scenarios\\offline\\profile\\workspace","workspacePath":"E:\\Xiadie\\Xiadie\\.runtime\\P01\\validation\\u11-final-01\\degradation\\scenarios\\offline\\profile\\workspace","event":"v4.conversation.subscribe.started","module":"ui.v4.conversation_transport","runtimeGeneration":0,"sessionId":"sess_7303d9c9-6740-4290-a619-d477ae64fec3","status":"started","topic":"conversation/sess_7303d9c9-6740-4290-a619-d477ae64fec3"}
[2026-10-02 23:46:51.901] [info] [pid:47544] [renderer] v4 session data lease acquired {"event":"v4.session_data.acquire","keepWarm":false,"module":"ui.v4.session_data_layer","openKind":"cold","refCount":1,"sessionId":"sess_7303d9c9-6740-4290-a619-d477ae64fec3","status":"completed","topic":"conversation/sess_7303d9c9-6740-4290-a619-d477ae64fec3"}
[2026-10-02 23:46:51.915] [info] [pid:47544] [main] [host-log] (local-1) [host] [2026-10-02 23:46:51.915] [pid:47176] [zcode-host] [rpc:call] zcode-agent.subscribeConversationV4 OK (12.1ms)
[2026-10-02 23:46:51.916] [info] [pid:47544] [renderer] v4 conversation subscription acknowledged {"workspaceKey":"E:\\Xiadie\\Xiadie\\.runtime\\P01\\validation\\u11-final-01\\degradation\\scenarios\\offline\\profile\\workspace","workspacePath":"E:\\Xiadie\\Xiadie\\.runtime\\P01\\validation\\u11-final-01\\degradation\\scenarios\\offline\\profile\\workspace","durationMs":16,"event":"v4.conversation.subscribe.acknowledged","module":"ui.v4.conversation_transport","runtimeGeneration":0,"sessionId":"sess_7303d9c9-6740-4290-a619-d477ae64fec3","status":"completed","subscriptionId":"sub-mur4yv0p-io1w8p1r-1","topic":"conversation/sess_7303d9c9-6740-4290-a619-d477ae64fec3"}
[2026-10-02 23:46:51.921] [info] [pid:47544] [renderer] v4 conversation subscription activated {"workspaceKey":"E:\\Xiadie\\Xiadie\\.runtime\\P01\\validation\\u11-final-01\\degradation\\scenarios\\offline\\profile\\workspace","workspacePath":"E:\\Xiadie\\Xiadie\\.runtime\\P01\\validation\\u11-final-01\\degradation\\scenarios\\offline\\profile\\workspace","event":"v4.conversation.subscribe.activated","module":"ui.v4.conversation_transport","runtimeGeneration":0,"status":"completed","subscriptionId":"sub-mur4yv0p-io1w8p1r-1","topic":"conversation/sess_7303d9c9-6740-4290-a619-d477ae64fec3"}
[2026-10-02 23:46:51.921] [info] [pid:47544] [renderer] v4 conversation store connect completed {"durationMs":22,"event":"v4.conversation.store.connect.completed","generation":1,"logEpoch":"mur4yv0p-io1w8p1r","mode":"snapshot","module":"ui.v4.conversation_projection_store","status":"completed","subscriptionId":"sub-mur4yv0p-io1w8p1r-1","topic":"conversation/sess_7303d9c9-6740-4290-a619-d477ae64fec3"}
[2026-10-02 23:46:51.947] [info] [pid:47544] [main] [host-log] (local-1) [host] [2026-10-02 23:46:51.947] [pid:47176] [settingService] writing settings to: E:\Xiadie\Xiadie\.runtime\P01\validation\u11-final-01\degradation\scenarios\offline\profile\home\.zcode\v2\setting.json {"recentProjects":[],"locale":"zh-CN","localePreference":"system","terminalInheritSystemProfile":true,"embeddedBrowserAllowInsecureCertificates":false,"embeddedBrowserViewportPreference":{"mode":"normal","viewport":{"width":393,"height":852},"zoom":"fit"},"computerUseComposerEntryHidden":true,"taskAutoArchiveEnabled":false,"taskAutoArchiveOlderThanDays":7,"closeToTrayOnWindows":true,"closeToTrayOnWindowsMigrationInitialized":true,"keepAwakeWhileRunning":false,"desktopChromiumHardwareAccelerationEnabled":true,"messageStreamShowReasoning":true,"messageStreamShowReasoningMigrationInitialized":true,"messageStreamShowTodos":false,"toolGroupingExploreEnabled":true,"toolGroupingTerminalEnabled":true,"toolGroupingChangesEnabled":false,"zcodeInteractionBehavior":"queue","askUserQuestionAutoResolutionEnabled":true,"modelIoFullRetentionEnabled":false,"startPlanRecommendationDismissed":false,"providerFamilyConnectionSelections":{},"providerFamilyDomain":"bigmodel","providerFamilyDomainUpdatedAt":1790956011572,"providerFamilyDomainMigrated":true,"nativeSearchEnhancementsEnabled":true,"memoryEnabled":false,"lastWorkspaceSession":[{"kind":"local","workspacePath":"E:\\Xiadie\\Xiadie\\.runtime\\P01\\validation\\u11-final-01\\degradation\\scenarios\\offline\\profile\\workspace","workspacePurpose":"project"},{"kind":"local","workspacePath":"E:\\Xiadie\\Xiadie\\.runtime\\P01\\validation\\u11-final-01\\degradation\\scenarios\\offline\\profile\\data\\.zcode\\workspace\\default","workspacePurpose":"conversation"}],"lastActiveTabIndex":0,"receivePreviewUpdates":false,"autoDownloadAndInstallUpdates":false,"skippedElectronUpdateVersions":{},"settingsSyncFirstRunPromptHandled":true}
[2026-10-02 23:46:51.950] [info] [pid:47544] [main] [host-log] (local-1) [host] [2026-10-02 23:46:51.950] [pid:47176] [settingService] write done
[2026-10-02 23:46:51.951] [info] [pid:47544] [main] [host-log] (local-1) [host] [2026-10-02 23:46:51.950] [pid:47176] [zcode-host] [rpc:call] setting.update OK (4.6ms)
[2026-10-02 23:46:54.601] [info] [pid:47544] [renderer] v4 session data lease released {"event":"v4.session_data.release","keepWarmMs":30000,"module":"ui.v4.session_data_layer","refCount":0,"status":"keep_warm","topic":"conversation/sess_7303d9c9-6740-4290-a619-d477ae64fec3"}
[2026-10-02 23:46:54.703] [info] [pid:47544] [main] [host-log] (local-1) [host] [2026-10-02 23:46:54.602] [pid:47176] [zcode-host] [rpc:call] zcode-task.getTaskSessionFilePath OK (0.1ms)
[2026-10-02 23:46:54.703] [info] [pid:47544] [renderer] v4 conversation store connect started {"event":"v4.conversation.store.connect.started","generation":1,"hasBase":false,"module":"ui.v4.conversation_projection_store","status":"started","topic":"conversation/a02f5a5e-0a10-4baa-b90f-763a7b6c43ea"}
[2026-10-02 23:46:54.704] [info] [pid:47544] [renderer] v4 conversation subscription started {"workspaceKey":"E:\\Xiadie\\Xiadie\\.runtime\\P01\\validation\\u11-final-01\\degradation\\scenarios\\offline\\profile\\workspace","workspacePath":"E:\\Xiadie\\Xiadie\\.runtime\\P01\\validation\\u11-final-01\\degradation\\scenarios\\offline\\profile\\workspace","event":"v4.conversation.subscribe.started","module":"ui.v4.conversation_transport","runtimeGeneration":0,"sessionId":"a02f5a5e-0a10-4baa-b90f-763a7b6c43ea","status":"started","topic":"conversation/a02f5a5e-0a10-4baa-b90f-763a7b6c43ea"}
[2026-10-02 23:46:54.704] [info] [pid:47544] [renderer] v4 session data lease acquired {"event":"v4.session_data.acquire","keepWarm":false,"module":"ui.v4.session_data_layer","openKind":"cold","refCount":1,"sessionId":"a02f5a5e-0a10-4baa-b90f-763a7b6c43ea","status":"completed","topic":"conversation/a02f5a5e-0a10-4baa-b90f-763a7b6c43ea"}
[2026-10-02 23:46:54.705] [info] [pid:47544] [main] [host-log] (local-1) [host] [2026-10-02 23:46:54.602] [pid:47176] [zcode-host] [rpc:call] zcode-task.getTaskNativeSessionLogFile OK (0.2ms)
[2026-10-02 23:46:54.706] [info] [pid:47544] [main] [host-log] (local-1) [host] [2026-10-02 23:46:54.603] [pid:47176] [zcode-host] [rpc:listen] model-selection.onDidChange subscribed
[2026-10-02 23:46:54.706] [info] [pid:47544] [main] [host-log] (local-1) [host] [2026-10-02 23:46:54.603] [pid:47176] [zcode-host] [rpc:call] zcode-task.getTaskNativeSessionLogFile OK (0.1ms)
[2026-10-02 23:46:54.706] [info] [pid:47544] [main] [host-log] (local-1) [host] [2026-10-02 23:46:54.604] [pid:47176] [zcode-host] [rpc:call] zcode-task.getTaskSessionFilePath OK (0.0ms)
[2026-10-02 23:46:54.707] [info] [pid:47544] [main] [host-log] (local-1) [host] [2026-10-02 23:46:54.604] [pid:47176] [zcode-host] [rpc:call] model-selection.getView OK (0.9ms)
[2026-10-02 23:46:54.893] [info] [pid:47544] [main] [host-log] (local-1) [host] [2026-10-02 23:46:54.893] [pid:47176] [settingService] writing settings to: E:\Xiadie\Xiadie\.runtime\P01\validation\u11-final-01\degradation\scenarios\offline\profile\home\.zcode\v2\setting.json {"recentProjects":[],"locale":"zh-CN","localePreference":"system","terminalInheritSystemProfile":true,"embeddedBrowserAllowInsecureCertificates":false,"embeddedBrowserViewportPreference":{"mode":"normal","viewport":{"width":393,"height":852},"zoom":"fit"},"computerUseComposerEntryHidden":true,"taskAutoArchiveEnabled":false,"taskAutoArchiveOlderThanDays":7,"closeToTrayOnWindows":true,"closeToTrayOnWindowsMigrationInitialized":true,"keepAwakeWhileRunning":false,"desktopChromiumHardwareAccelerationEnabled":true,"messageStreamShowReasoning":true,"messageStreamShowReasoningMigrationInitialized":true,"messageStreamShowTodos":false,"toolGroupingExploreEnabled":true,"toolGroupingTerminalEnabled":true,"toolGroupingChangesEnabled":false,"zcodeInteractionBehavior":"queue","askUserQuestionAutoResolutionEnabled":true,"modelIoFullRetentionEnabled":false,"startPlanRecommendationDismissed":false,"providerFamilyConnectionSelections":{},"providerFamilyDomain":"bigmodel","providerFamilyDomainUpdatedAt":1790956011572,"providerFamilyDomainMigrated":true,"nativeSearchEnhancementsEnabled":true,"memoryEnabled":false,"lastWorkspaceSession":[{"kind":"local","workspacePath":"E:\\Xiadie\\Xiadie\\.runtime\\P01\\validation\\u11-final-01\\degradation\\scenarios\\offline\\profile\\workspace","workspacePurpose":"project"},{"kind":"local","workspacePath":"E:\\Xiadie\\Xiadie\\.runtime\\P01\\validation\\u11-final-01\\degradation\\scenarios\\offline\\profile\\data\\.zcode\\workspace\\default","workspacePurpose":"conversation"}],"lastActiveTabIndex":0,"receivePreviewUpdates":false,"autoDownloadAndInstallUpdates":false,"skippedElectronUpdateVersions":{},"settingsSyncFirstRunPromptHandled":true}
[2026-10-02 23:46:54.896] [info] [pid:47544] [main] [host-log] (local-1) [host] [2026-10-02 23:46:54.896] [pid:47176] [settingService] write done
[2026-10-02 23:46:54.896] [info] [pid:47544] [main] [host-log] (local-1) [host] [2026-10-02 23:46:54.896] [pid:47176] [zcode-host] [rpc:call] setting.update OK (4.2ms)
[2026-10-02 23:46:55.000] [info] [pid:47544] [main] [host-log] (local-1) [host] [2026-10-02 23:46:55.000] [pid:47176] [zcode-host] [rpc:call] zcode-agent.conversationWorkflowRunsV4 OK (385.1ms)
[2026-10-02 23:46:55.006] [info] [pid:47544] [main] [host-log] (local-1) [host] [2026-10-02 23:46:55.006] [pid:47176] [zcode-host] [rpc:call] zcode-agent.conversationWorkflowRunsV4 OK (390.5ms)
[2026-10-02 23:46:55.006] [info] [pid:47544] [main] [host-log] (local-1) [host] [2026-10-02 23:46:55.006] [pid:47176] [zcode-host] [rpc:call] zcode-agent.subscribeConversationV4 OK (391.0ms)
[2026-10-02 23:46:55.007] [info] [pid:47544] [main] [host-log] (local-1) [host] [2026-10-02 23:46:55.006] [pid:47176] [zcode-host] [rpc:call] zcode-agent.sendConversationCommandV4 OK (329.0ms)
[2026-10-02 23:46:55.009] [info] [pid:47544] [renderer] v4 conversation subscription acknowledged {"workspaceKey":"E:\\Xiadie\\Xiadie\\.runtime\\P01\\validation\\u11-final-01\\degradation\\scenarios\\offline\\profile\\workspace","workspacePath":"E:\\Xiadie\\Xiadie\\.runtime\\P01\\validation\\u11-final-01\\degradation\\scenarios\\offline\\profile\\workspace","durationMs":407,"event":"v4.conversation.subscribe.acknowledged","module":"ui.v4.conversation_transport","runtimeGeneration":0,"sessionId":"a02f5a5e-0a10-4baa-b90f-763a7b6c43ea","status":"completed","subscriptionId":"sub-mur4yxec-ba96kbgt-1","topic":"conversation/a02f5a5e-0a10-4baa-b90f-763a7b6c43ea"}
[2026-10-02 23:46:55.012] [info] [pid:47544] [renderer] v4 conversation subscription activated {"workspaceKey":"E:\\Xiadie\\Xiadie\\.runtime\\P01\\validation\\u11-final-01\\degradation\\scenarios\\offline\\profile\\workspace","workspacePath":"E:\\Xiadie\\Xiadie\\.runtime\\P01\\validation\\u11-final-01\\degradation\\scenarios\\offline\\profile\\workspace","event":"v4.conversation.subscribe.activated","module":"ui.v4.conversation_transport","runtimeGeneration":0,"status":"completed","subscriptionId":"sub-mur4yxec-ba96kbgt-1","topic":"conversation/a02f5a5e-0a10-4baa-b90f-763a7b6c43ea"}
[2026-10-02 23:46:55.012] [info] [pid:47544] [renderer] v4 conversation store connect completed {"durationMs":409,"event":"v4.conversation.store.connect.completed","generation":1,"logEpoch":"mur4yxec-ba96kbgt","mode":"snapshot","module":"ui.v4.conversation_projection_store","status":"completed","subscriptionId":"sub-mur4yxec-ba96kbgt-1","topic":"conversation/a02f5a5e-0a10-4baa-b90f-763a7b6c43ea"}
[2026-10-02 23:46:55.057] [info] [pid:47544] [main] [host-log] (local-1) [host] [2026-10-02 23:46:55.056] [pid:47176] [zcode-host] [rpc:call] zcode-agent.conversationPlansV4 OK (1.7ms)
[2026-10-02 23:46:55.889] [info] [pid:47544] [main] [host-log] (local-1) [host] [2026-10-02 23:46:55.889] [pid:47176] [settingService] writing settings to: E:\Xiadie\Xiadie\.runtime\P01\validation\u11-final-01\degradation\scenarios\offline\profile\home\.zcode\v2\setting.json {"recentProjects":[],"locale":"zh-CN","localePreference":"system","terminalInheritSystemProfile":true,"embeddedBrowserAllowInsecureCertificates":false,"embeddedBrowserViewportPreference":{"mode":"normal","viewport":{"width":393,"height":852},"zoom":"fit"},"computerUseComposerEntryHidden":true,"taskAutoArchiveEnabled":false,"taskAutoArchiveOlderThanDays":7,"closeToTrayOnWindows":true,"closeToTrayOnWindowsMigrationInitialized":true,"keepAwakeWhileRunning":false,"desktopChromiumHardwareAccelerationEnabled":true,"messageStreamShowReasoning":true,"messageStreamShowReasoningMigrationInitialized":true,"messageStreamShowTodos":false,"toolGroupingExploreEnabled":true,"toolGroupingTerminalEnabled":true,"toolGroupingChangesEnabled":false,"zcodeInteractionBehavior":"queue","askUserQuestionAutoResolutionEnabled":true,"modelIoFullRetentionEnabled":false,"startPlanRecommendationDismissed":false,"providerFamilyConnectionSelections":{},"providerFamilyDomain":"bigmodel","providerFamilyDomainUpdatedAt":1790956011572,"providerFamilyDomainMigrated":true,"nativeSearchEnhancementsEnabled":true,"memoryEnabled":false,"lastWorkspaceSession":[{"kind":"local","workspacePath":"E:\\Xiadie\\Xiadie\\.runtime\\P01\\validation\\u11-final-01\\degradation\\scenarios\\offline\\profile\\workspace","workspacePurpose":"project"},{"kind":"local","workspacePath":"E:\\Xiadie\\Xiadie\\.runtime\\P01\\validation\\u11-final-01\\degradation\\scenarios\\offline\\profile\\data\\.zcode\\workspace\\default","workspacePurpose":"conversation"}],"lastActiveTabIndex":0,"receivePreviewUpdates":false,"autoDownloadAndInstallUpdates":false,"skippedElectronUpdateVersions":{},"settingsSyncFirstRunPromptHandled":true}
[2026-10-02 23:46:55.892] [info] [pid:47544] [main] [host-log] (local-1) [host] [2026-10-02 23:46:55.892] [pid:47176] [settingService] write done
[2026-10-02 23:46:55.893] [info] [pid:47544] [main] [host-log] (local-1) [host] [2026-10-02 23:46:55.892] [pid:47176] [zcode-host] [rpc:call] setting.update OK (4.2ms)
[2026-10-02 23:46:56.599] [info] [pid:47544] [main] [host-log] (local-1) [host] [2026-10-02 23:46:56.599] [pid:47176] [zcode-host] [rpc:call] file.ensureConversationWorkspace OK (0.5ms)
[2026-10-02 23:46:56.663] [info] [pid:47544] [renderer] v4 conversation frame upstream attached {"workspaceKey":"E:\\Xiadie\\Xiadie\\.runtime\\P01\\validation\\u11-final-01\\degradation\\scenarios\\offline\\profile\\data\\.zcode\\workspace\\default","workspacePath":"E:\\Xiadie\\Xiadie\\.runtime\\P01\\validation\\u11-final-01\\degradation\\scenarios\\offline\\profile\\data\\.zcode\\workspace\\default","event":"v4.conversation.frames.upstream_attached","listenerCount":1,"module":"ui.v4.conversation_transport","runtimeGeneration":0,"status":"completed"}
[2026-10-02 23:46:56.664] [info] [pid:47544] [renderer] v4 workspace connection created {"event":"v4.workspace_connection.created","isRemote":false,"key":"__base__ E:\\Xiadie\\Xiadie\\.runtime\\P01\\validation\\u11-final-01\\degradation\\scenarios\\offline\\profile\\data\\.zcode\\workspace\\default","module":"ui.v4.workspace_connection_registry","refCount":1,"serviceGeneration":1,"status":"completed"}
[2026-10-02 23:46:56.664] [info] [pid:47544] [main] [host-log] (local-1) [host] [2026-10-02 23:46:56.664] [pid:47176] [zcode-host] [rpc:listen] zcode-agent.onDynamicLocalTtftFacts subscribed
[2026-10-02 23:46:56.665] [info] [pid:47544] [main] [host-log] (local-1) [host] [2026-10-02 23:46:56.664] [pid:47176] [zcode-host] [rpc:listen] zcode-agent.onDynamicConversationFrame subscribed
[2026-10-02 23:46:56.673] [info] [pid:47544] [renderer] v4 session data lease released {"event":"v4.session_data.release","keepWarmMs":30000,"module":"ui.v4.session_data_layer","refCount":0,"status":"keep_warm","topic":"conversation/a02f5a5e-0a10-4baa-b90f-763a7b6c43ea"}
[2026-10-02 23:46:56.674] [info] [pid:47544] [renderer] v4 workspace connection lease released {"event":"v4.workspace_connection.release","keepWarmMs":30000,"key":"__base__ E:\\Xiadie\\Xiadie\\.runtime\\P01\\validation\\u11-final-01\\degradation\\scenarios\\offline\\profile\\workspace","module":"ui.v4.workspace_connection_registry","refCount":0,"status":"keep_warm"}
[2026-10-02 23:46:56.676] [info] [pid:47544] [main] [host-log] (local-1) [host] [2026-10-02 23:46:56.676] [pid:47176] [zcode-host] [rpc:call] file-watcher.unwatch OK (0.0ms)
[2026-10-02 23:46:56.676] [info] [pid:47544] [main] [task-realtime] updated host workspace scopes {"hostId":"b9739e72-db91-44d7-b913-1f14ed90e608","workspaceKeyCount":2}
[2026-10-02 23:46:56.677] [info] [pid:47544] [main] [host-log] (local-1) [host] [2026-10-02 23:46:56.676] [pid:47176] [zcode-host] [rpc:call] file-watcher.unwatch OK (0.0ms)
[2026-10-02 23:46:56.677] [info] [pid:47544] [main] [host-log] (local-1) [host] [2026-10-02 23:46:56.676] [pid:47176] [zcode-host] [rpc:call] file-watcher.unwatch OK (0.0ms)
[2026-10-02 23:46:56.677] [info] [pid:47544] [main] [host-log] (local-1) [host] [2026-10-02 23:46:56.676] [pid:47176] [zcode-host] [rpc:listen] zcode-agent.onAgentRuntimeLifecycle subscribed
[2026-10-02 23:46:56.678] [info] [pid:47544] [main] [host-log] (local-1) [host] [2026-10-02 23:46:56.676] [pid:47176] [zcode-host] [rpc:call] system.info OK (0.0ms)
[2026-10-02 23:46:56.678] [info] [pid:47544] [main] [host-log] (local-1) [host] [2026-10-02 23:46:56.676] [pid:47176] [zcode-host] [rpc:listen] model-selection.onDidChange subscribed
[2026-10-02 23:46:56.678] [info] [pid:47544] [main] [host-log] (local-1) [host] [2026-10-02 23:46:56.677] [pid:47176] [zcode-host] [rpc:listen] model-selection.onDidChange subscribed
[2026-10-02 23:46:56.679] [info] [pid:47544] [main] [host-log] (local-1) [host] [2026-10-02 23:46:56.677] [pid:47176] [zcode-host] [rpc:listen] zcode-agent.onDynamicConversationTelemetryFact subscribed
[2026-10-02 23:46:56.679] [info] [pid:47544] [main] [host-log] (local-1) [host] [2026-10-02 23:46:56.677] [pid:47176] [zcode-host] [rpc:listen] zcode-agent.onDynamicSessionsIndexFrame subscribed
[2026-10-02 23:46:56.679] [info] [pid:47544] [main] [host-log] (local-1) [host] [2026-10-02 23:46:56.677] [pid:47176] [zcode-host] [rpc:listen] zcode-agent.onAgentRuntimeLifecycle subscribed
[2026-10-02 23:46:56.681] [warn] [pid:47544] [main] [host-log] (local-1) [host] [2026-10-02 23:46:56.681] [pid:47176] [zcode-host] [rpc:call] client-scenes.list FAIL (8.1ms) {"name":"ApiError","message":"HTTP 404","stack":"ApiError: HTTP 404\n    at readApiJson (file:///E:/Xiadie/Xiadie/.runtime/P01/u10-candidate-06/packages/desktop/out/host/index.js:153:27822)\n    at process.processTicksAndRejections (node:internal/process/task_queues:104:5)\n    at async NetworkTelemetryServerChannel.call (file:///E:/Xiadie/Xiadie/.runtime/P01/u10-candidate-06/packages/desktop/out/host/chunk-XPU7OCSY.js:3:3883)\n    at async LoggingServerChannel.call (file:///E:/Xiadie/Xiadie/.runtime/P01/u10-candidate-06/packages/desktop/out/host/chunk-XPU7OCSY.js:3:2318)"}
[2026-10-02 23:46:56.682] [info] [pid:47544] [main] [host-log] (local-1) [host] [2026-10-02 23:46:56.682] [pid:47176] [zcode-host] [rpc:call] setting.get OK (5.5ms)
[2026-10-02 23:46:56.682] [info] [pid:47544] [main] [host-log] (local-1) [host] [2026-10-02 23:46:56.682] [pid:47176] [zcode-host] [rpc:call] model-selection.getView OK (5.6ms)
[2026-10-02 23:46:56.682] [info] [pid:47544] [main] [host-log] (local-1) [host] [2026-10-02 23:46:56.682] [pid:47176] [zcode-host] [rpc:call] settings-sync.getFirstRunPromptState OK (2.7ms)
[2026-10-02 23:46:56.683] [info] [pid:47544] [main] [host-log] (local-1) [host] [2026-10-02 23:46:56.682] [pid:47176] [zcode-host] [rpc:call] model-selection.getView OK (5.8ms)
[2026-10-02 23:46:56.684] [info] [pid:47544] [main] [host-log] (local-1) [host] [2026-10-02 23:46:56.684] [pid:47176] [zcode-host] [rpc:call] subagents.list OK (7.6ms)
[2026-10-02 23:46:56.688] [warn] [pid:47544] [main] [host-log] (local-1) [host] [2026-10-02 23:46:56.688] [pid:47176] [zcode-host] [rpc:call] zcode-agent.subscribeSessionsIndexV4 FAIL (0.1ms) {"name":"Error","message":"ZCode Agent runtime is not running.","stack":"Error: ZCode Agent runtime is not running.\n    at createRuntimeUnavailableError (file:///E:/Xiadie/Xiadie/.runtime/P01/u10-candidate-06/packages/desktop/out/host/index.js:79:31197)\n    at getReadOnlyClient (file:///E:/Xiadie/Xiadie/.runtime/P01/u10-candidate-06/packages/desktop/out/host/index.js:79:64440)\n    at Object.subscribeSessionsIndexV4 (file:///E:/Xiadie/Xiadie/.runtime/P01/u10-candidate-06/packages/desktop/out/host/index.js:79:101569)\n    at Proxy.subscribeSessionsIndexV4 (file:///E:/Xiadie/Xiadie/.runtime/P01/u10-candidate-06/packages/desktop/out/host/chunk-QER3M7XR.js:1:77911)\n    at Object.call (file:///E:/Xiadie/Xiadie/.runtime/P01/u10-candidate-06/packages/desktop/out/host/chunk-XPU7OCSY.js:3:4653)\n    at NetworkTelemetryServerChannel.call (file:///E:/Xiadie/Xiadie/.runtime/P01/u10-candidate-06/packages/desktop/out/host/chunk-XPU7OCSY.js:3:3900)\n    at LoggingServerChannel.call (file:///E:/Xiadie/Xiadie/.runtime/P01/u10-candidate-06/packages/desktop/out/host/chunk-XPU7OCSY.js:3:2335)\n    at ChannelServer.onPromise (file:///E:/Xiadie/Xiadie/.runtime/P01/u10-candidate-06/packages/desktop/out/host/chunk-XPU7OCSY.js:1:9500)\n    at ChannelServer.onRawMessage (file:///E:/Xiadie/Xiadie/.runtime/P01/u10-candidate-06/packages/desktop/out/host/chunk-XPU7OCSY.js:1:9170)\n    at file:///E:/Xiadie/Xiadie/.runtime/P01/u10-candidate-06/packages/desktop/out/host/chunk-XPU7OCSY.js:1:8527"}
[2026-10-02 23:46:56.702] [info] [pid:47544] [main] [host-log] (local-1) [host] [2026-10-02 23:46:56.702] [pid:47176] [zcode-agent-service] 开始请求 ZCode Protocol workspace/readPresentation {"workspaceKey":"E:\\Xiadie\\Xiadie\\.runtime\\P01\\validation\\u11-final-01\\degradation\\scenarios\\offline\\profile\\data\\.zcode\\workspace\\default","workspacePath":"E:\\Xiadie\\Xiadie\\.runtime\\P01\\validation\\u11-final-01\\degradation\\scenarios\\offline\\profile\\data\\.zcode\\workspace\\default"}
[2026-10-02 23:46:56.702] [info] [pid:47544] [main] [host-log] (local-1) [host] [2026-10-02 23:46:56.702] [pid:47176] [zcode-agent] ZCode agent command resolved {"workspaceKey":"E:\\Xiadie\\Xiadie\\.runtime\\P01\\validation\\u11-final-01\\degradation\\scenarios\\offline\\profile\\data\\.zcode\\workspace\\default","command":"E:\\Xiadie\\Xiadie\\.runtime\\P01\\desktop-source\\node_modules\\electron\\dist\\electron.exe","effectiveCommand":"E:\\Xiadie\\Xiadie\\.runtime\\P01\\desktop-source\\node_modules\\electron\\dist\\electron.exe","resolveCommandDurationMs":0}
[2026-10-02 23:46:56.706] [info] [pid:47544] [main] [host-log] (local-1) [host] [2026-10-02 23:46:56.706] [pid:47176] [zcode-agent] ZCode agent spawn preflight {"workspaceKey":"E:\\Xiadie\\Xiadie\\.runtime\\P01\\validation\\u11-final-01\\degradation\\scenarios\\offline\\profile\\data\\.zcode\\workspace\\default","spawnPreflight":{"command":"E:\\Xiadie\\Xiadie\\.runtime\\P01\\desktop-source\\node_modules\\electron\\dist\\electron.exe","args":["E:\\Xiadie\\Xiadie\\.runtime\\P01\\u10-candidate-06\\apps\\zcode-cli\\packages\\cli\\dist\\zcode.cjs","app-server","--stdio"],"requestedCwd":"E:\\Xiadie\\Xiadie\\.runtime\\P01\\validation\\u11-final-01\\degradation\\scenarios\\offline\\profile\\data\\.zcode\\workspace\\default","cwd":"E:\\Xiadie\\Xiadie\\.runtime\\P01\\validation\\u11-final-01\\degradation\\scenarios\\offline\\profile\\data\\.zcode\\workspace\\default","cwdSource":"command","commandPathKind":"absolute","commandExists":true,"cwdExists":true}}
[2026-10-02 23:46:56.717] [info] [pid:47544] [main] [stability] perf_agent_start reported {"pid":55680,"runtimeGeneration":1,"runtimeInstanceId":"agent-60f6df4d-0d56-4a34-a21b-6f5400ef71fd"}
[2026-10-02 23:46:56.718] [info] [pid:47544] [main] [host-log] (local-1) [host] [2026-10-02 23:46:56.717] [pid:47176] [zcode-agent] ZCode agent process started {"workspaceKey":"E:\\Xiadie\\Xiadie\\.runtime\\P01\\validation\\u11-final-01\\degradation\\scenarios\\offline\\profile\\data\\.zcode\\workspace\\default","command":"E:\\Xiadie\\Xiadie\\.runtime\\P01\\desktop-source\\node_modules\\electron\\dist\\electron.exe","cwd":"E:\\Xiadie\\Xiadie\\.runtime\\P01\\validation\\u11-final-01\\degradation\\scenarios\\offline\\profile\\data\\.zcode\\workspace\\default","pid":55680,"durationMs":15}
[2026-10-02 23:46:56.791] [info] [pid:47544] [main] [host-log] (local-1) [host] [2026-10-02 23:46:56.791] [pid:47176] [zcode-host] [rpc:call] git.refresh OK (114.4ms)
[2026-10-02 23:46:56.797] [info] [pid:47544] [main] [host-log] (local-1) [host] [2026-10-02 23:46:56.797] [pid:47176] [zcode-host] [rpc:call] system.info OK (0.0ms)
[2026-10-02 23:46:56.799] [info] [pid:47544] [main] [host-log] (local-1) [host] [2026-10-02 23:46:56.799] [pid:47176] [zcode-host] [rpc:call] file-watcher.watch OK (0.9ms)
[2026-10-02 23:46:56.799] [info] [pid:47544] [main] [host-log] (local-1) [host] [2026-10-02 23:46:56.799] [pid:47176] [zcode-host] [rpc:call] file-watcher.watch OK (0.4ms)
[2026-10-02 23:46:56.800] [info] [pid:47544] [main] [host-log] (local-1) [host] [2026-10-02 23:46:56.800] [pid:47176] [zcode-host] [rpc:call] file-watcher.watch OK (0.3ms)
[2026-10-02 23:46:56.800] [info] [pid:47544] [main] [host-log] (local-1) [host] [2026-10-02 23:46:56.800] [pid:47176] [zcode-host] [rpc:listen] file-watcher.onDynamicChange subscribed
[2026-10-02 23:46:56.801] [info] [pid:47544] [main] [host-log] (local-1) [host] [2026-10-02 23:46:56.800] [pid:47176] [zcode-host] [rpc:listen] file-watcher.onDynamicChange subscribed
[2026-10-02 23:46:56.801] [info] [pid:47544] [main] [host-log] (local-1) [host] [2026-10-02 23:46:56.800] [pid:47176] [zcode-host] [rpc:listen] file-watcher.onDynamicChange subscribed
[2026-10-02 23:46:56.966] [info] [pid:47544] [main] [host-log] (local-1) [host] [2026-10-02 23:46:56.966] [pid:47176] [settingService] writing settings to: E:\Xiadie\Xiadie\.runtime\P01\validation\u11-final-01\degradation\scenarios\offline\profile\home\.zcode\v2\setting.json {"recentProjects":[],"locale":"zh-CN","localePreference":"system","terminalInheritSystemProfile":true,"embeddedBrowserAllowInsecureCertificates":false,"embeddedBrowserViewportPreference":{"mode":"normal","viewport":{"width":393,"height":852},"zoom":"fit"},"computerUseComposerEntryHidden":true,"taskAutoArchiveEnabled":false,"taskAutoArchiveOlderThanDays":7,"closeToTrayOnWindows":true,"closeToTrayOnWindowsMigrationInitialized":true,"keepAwakeWhileRunning":false,"desktopChromiumHardwareAccelerationEnabled":true,"messageStreamShowReasoning":true,"messageStreamShowReasoningMigrationInitialized":true,"messageStreamShowTodos":false,"toolGroupingExploreEnabled":true,"toolGroupingTerminalEnabled":true,"toolGroupingChangesEnabled":false,"zcodeInteractionBehavior":"queue","askUserQuestionAutoResolutionEnabled":true,"modelIoFullRetentionEnabled":false,"startPlanRecommendationDismissed":false,"providerFamilyConnectionSelections":{},"providerFamilyDomain":"bigmodel","providerFamilyDomainUpdatedAt":1790956011572,"providerFamilyDomainMigrated":true,"nativeSearchEnhancementsEnabled":true,"memoryEnabled":false,"lastWorkspaceSession":[{"kind":"local","workspacePath":"E:\\Xiadie\\Xiadie\\.runtime\\P01\\validation\\u11-final-01\\degradation\\scenarios\\offline\\profile\\workspace","workspacePurpose":"project"},{"kind":"local","workspacePath":"E:\\Xiadie\\Xiadie\\.runtime\\P01\\validation\\u11-final-01\\degradation\\scenarios\\offline\\profile\\data\\.zcode\\workspace\\default","workspacePurpose":"conversation"}],"lastActiveTabIndex":1,"receivePreviewUpdates":false,"autoDownloadAndInstallUpdates":false,"skippedElectronUpdateVersions":{},"settingsSyncFirstRunPromptHandled":true}
[2026-10-02 23:46:56.972] [info] [pid:47544] [main] [host-log] (local-1) [host] [2026-10-02 23:46:56.971] [pid:47176] [settingService] write done
[2026-10-02 23:46:56.972] [info] [pid:47544] [main] [host-log] (local-1) [host] [2026-10-02 23:46:56.972] [pid:47176] [zcode-host] [rpc:call] setting.update OK (7.2ms)
[2026-10-02 23:46:57.513] [info] [pid:47544] [main] [host-log] (local-1) [host] [2026-10-02 23:46:57.513] [pid:47176] [zcode-host] [rpc:call] zcode-agent.subscribeSessionsIndexV4 OK (782.0ms)
[2026-10-02 23:46:57.513] [info] [pid:47544] [main] [host-log] (local-1) [host] [2026-10-02 23:46:57.513] [pid:47176] [zcode-agent-service] 为只读会话控制面启动 ZCode agent {"workspaceKey":"E:\\Xiadie\\Xiadie\\.runtime\\P01\\validation\\u11-final-01\\degradation\\scenarios\\offline\\profile\\data\\.zcode\\workspace\\default","workspacePath":"E:\\Xiadie\\Xiadie\\.runtime\\P01\\validation\\u11-final-01\\degradation\\scenarios\\offline\\profile\\data\\.zcode\\workspace\\default"}
[2026-10-02 23:46:57.514] [info] [pid:47544] [main] [stability] perf_agent_ready reported {"pid":55680,"runtimeGeneration":1,"runtimeInstanceId":"agent-60f6df4d-0d56-4a34-a21b-6f5400ef71fd","startupDurationMs":796}
[2026-10-02 23:46:57.514] [info] [pid:47544] [main] [host-log] (local-1) [host] [2026-10-02 23:46:57.513] [pid:47176] [zcode-agent-service] provider/model 就绪，允许 ZCode agent 模型执行 {"modelId":"deepseek-flash","providerId":"p01-u10-loopback","revision":"model-selection:1","workspaceKey":"E:\\Xiadie\\Xiadie\\.runtime\\P01\\validation\\u11-final-01\\degradation\\scenarios\\offline\\profile\\data\\.zcode\\workspace\\default","workspacePath":"E:\\Xiadie\\Xiadie\\.runtime\\P01\\validation\\u11-final-01\\degradation\\scenarios\\offline\\profile\\data\\.zcode\\workspace\\default"}
[2026-10-02 23:46:57.529] [info] [pid:47544] [main] [host-log] (local-1) [host] [2026-10-02 23:46:57.529] [pid:47176] [zcode-agent-service] account provider config 已交付到 ZCode agent {"providerCount":8,"reason":"workspace_read_presentation","receivedRevision":"account:[\"zcode-builtin:30:a07ca9d8ef245a994b9bb9f1a8805e607e8291a0fe9bd446112873863fad0dd2\",[{\"providerId\":\"account:zai-individual-coding-plan\",\"config\":{\"access\":{\"type\":\"zhipu-account\",\"entitled\":false}}},{\"providerId\":\"account:zai-team-coding-plan\",\"config\":{\"access\":{\"type\":\"zhipu-account\",\"entitled\":false}}},{\"providerId\":\"account:zai-start-plan\",\"config\":{\"access\":{\"type\":\"zhipu-account\",\"entitled\":false}}},{\"providerId\":\"account:bigmodel-individual-coding-plan\",\"config\":{\"access\":{\"type\":\"zhipu-account\",\"entitled\":false}}},{\"providerId\":\"account:bigmodel-team-coding-plan\",\"config\":{\"access\":{\"type\":\"zhipu-account\",\"entitled\":false}}},{\"providerId\":\"account:bigmodel-start-plan\",\"config\":{\"access\":{\"type\":\"zhipu-account\",\"entitled\":false}}},{\"providerId\":\"account:zai-offpeak-idle-plan\",\"config\":{\"access\":{\"type\":\"zhipu-account\",\"entitled\":false}}},{\"providerId\":\"account:bigmodel-offpeak-idle-plan\",\"config\":{\"access\":{\"type\":\"zhipu-account\",\"entitled\":false}}}],{\"account:zai-individual-coding-plan\":{\"availability\":\"unavailable\",\"entitled\":false,\"unavailableReason\":\"not-connected\",\"current\":false,\"connectionKey\":\"41717a7a173a5e88981ed3b30d6c754715277dce3b302a8e7b1386cdf57b9b4c\"},\"account:zai-team-coding-plan\":{\"availability\":\"unavailable\",\"entitled\":false,\"unavailableReason\":\"not-connected\",\"current\":false,\"connectionKey\":\"41717a7a173a5e88981ed3b30d6c754715277dce3b302a8e7b1386cdf57b9b4c\"},\"account:zai-start-plan\":{\"availability\":\"unavailable\",\"entitled\":false,\"unavailableReason\":\"not-connected\",\"current\":false,\"connectionKey\":\"b20a8f39ea1865b9bdbc4f21e0774500034895a93cdf0c737917b6532ebedcea\"},\"account:bigmodel-individual-coding-plan\":{\"availability\":\"unavailable\",\"entitled\":false,\"unavailableReason\":\"not-connected\",\"current\":false,\"connectionKey\":\"145736c8450a04bf4ba21aee47794f53d87ea79c5dc4cc5b9f27fbf5b6038d53\"},\"account:bigmodel-team-coding-plan\":{\"availability\":\"unavailable\",\"entitled\":false,\"unavailableReason\":\"not-connected\",\"current\":false,\"connectionKey\":\"145736c8450a04bf4ba21aee47794f53d87ea79c5dc4cc5b9f27fbf5b6038d53\"},\"account:bigmodel-start-plan\":{\"availability\":\"unavailable\",\"entitled\":false,\"unavailableReason\":\"not-connected\",\"current\":false,\"connectionKey\":\"116fde2fcda0bb10f88164a63caadb0a0ec8611edcf75b35a9924684f9ba84bd\"},\"account:zai-offpeak-idle-plan\":{\"availability\":\"unavailable\",\"entitled\":false},\"account:bigmodel-offpeak-idle-plan\":{\"availability\":\"unavailable\",\"entitled\":false}}]","status":"received"}
[2026-10-02 23:46:57.539] [info] [pid:47544] [main] [host-log] (local-1) [host] [2026-10-02 23:46:57.538] [pid:47176] [zcode-agent-service] ZCode Protocol workspace/readPresentation 完成 {"durationMs":836,"slashCommandCount":4,"workspaceKey":"E:\\Xiadie\\Xiadie\\.runtime\\P01\\validation\\u11-final-01\\degradation\\scenarios\\offline\\profile\\data\\.zcode\\workspace\\default","workspacePath":"E:\\Xiadie\\Xiadie\\.runtime\\P01\\validation\\u11-final-01\\degradation\\scenarios\\offline\\profile\\data\\.zcode\\workspace\\default"}
[2026-10-02 23:46:57.540] [info] [pid:47544] [main] [host-log] (local-1) [host] [2026-10-02 23:46:57.539] [pid:47176] [zcode-host] [rpc:call] zcode-session.readWorkspacePresentation OK (837.1ms)
[2026-10-02 23:46:57.616] [info] [pid:47544] [main] [host-log] (local-1) [host] [2026-10-02 23:46:57.616] [pid:47176] [zcode-host] [rpc:call] zcode-agent.sendConversationCommandV4 OK (898.5ms)
[2026-10-02 23:46:57.618] [info] [pid:47544] [renderer] v4 conversation store connect started {"event":"v4.conversation.store.connect.started","generation":1,"hasBase":false,"module":"ui.v4.conversation_projection_store","status":"started","topic":"conversation/sess_6112af47-68b2-442d-9a14-f3a4425c9ed8"}
[2026-10-02 23:46:57.619] [info] [pid:47544] [renderer] v4 conversation subscription started {"workspaceKey":"E:\\Xiadie\\Xiadie\\.runtime\\P01\\validation\\u11-final-01\\degradation\\scenarios\\offline\\profile\\data\\.zcode\\workspace\\default","workspacePath":"E:\\Xiadie\\Xiadie\\.runtime\\P01\\validation\\u11-final-01\\degradation\\scenarios\\offline\\profile\\data\\.zcode\\workspace\\default","event":"v4.conversation.subscribe.started","module":"ui.v4.conversation_transport","runtimeGeneration":0,"sessionId":"sess_6112af47-68b2-442d-9a14-f3a4425c9ed8","status":"started","topic":"conversation/sess_6112af47-68b2-442d-9a14-f3a4425c9ed8"}
[2026-10-02 23:46:57.620] [info] [pid:47544] [renderer] v4 session data lease acquired {"event":"v4.session_data.acquire","keepWarm":false,"module":"ui.v4.session_data_layer","openKind":"cold","refCount":1,"sessionId":"sess_6112af47-68b2-442d-9a14-f3a4425c9ed8","status":"completed","topic":"conversation/sess_6112af47-68b2-442d-9a14-f3a4425c9ed8"}
[2026-10-02 23:46:57.620] [info] [pid:47544] [main] [host-log] (local-1) [host] [2026-10-02 23:46:57.619] [pid:47176] [zcode-host] [rpc:listen] zcode-agent.onAgentRuntimeRestarted subscribed
[2026-10-02 23:46:57.629] [info] [pid:47544] [main] [host-log] (local-1) [host] [2026-10-02 23:46:57.629] [pid:47176] [zcode-host] [rpc:call] zcode-agent.subscribeConversationV4 OK (7.6ms)
[2026-10-02 23:46:57.629] [info] [pid:47544] [renderer] v4 conversation subscription acknowledged {"workspaceKey":"E:\\Xiadie\\Xiadie\\.runtime\\P01\\validation\\u11-final-01\\degradation\\scenarios\\offline\\profile\\data\\.zcode\\workspace\\default","workspacePath":"E:\\Xiadie\\Xiadie\\.runtime\\P01\\validation\\u11-final-01\\degradation\\scenarios\\offline\\profile\\data\\.zcode\\workspace\\default","durationMs":10,"event":"v4.conversation.subscribe.acknowledged","module":"ui.v4.conversation_transport","runtimeGeneration":0,"sessionId":"sess_6112af47-68b2-442d-9a14-f3a4425c9ed8","status":"completed","subscriptionId":"sub-mur4yzfe-a74yovjz-1","topic":"conversation/sess_6112af47-68b2-442d-9a14-f3a4425c9ed8"}
[2026-10-02 23:46:57.630] [info] [pid:47544] [renderer] v4 conversation subscription activated {"workspaceKey":"E:\\Xiadie\\Xiadie\\.runtime\\P01\\validation\\u11-final-01\\degradation\\scenarios\\offline\\profile\\data\\.zcode\\workspace\\default","workspacePath":"E:\\Xiadie\\Xiadie\\.runtime\\P01\\validation\\u11-final-01\\degradation\\scenarios\\offline\\profile\\data\\.zcode\\workspace\\default","event":"v4.conversation.subscribe.activated","module":"ui.v4.conversation_transport","runtimeGeneration":0,"status":"completed","subscriptionId":"sub-mur4yzfe-a74yovjz-1","topic":"conversation/sess_6112af47-68b2-442d-9a14-f3a4425c9ed8"}
[2026-10-02 23:46:57.630] [info] [pid:47544] [renderer] v4 conversation store connect completed {"durationMs":11,"event":"v4.conversation.store.connect.completed","generation":1,"logEpoch":"mur4yzfe-a74yovjz","mode":"snapshot","module":"ui.v4.conversation_projection_store","status":"completed","subscriptionId":"sub-mur4yzfe-a74yovjz-1","topic":"conversation/sess_6112af47-68b2-442d-9a14-f3a4425c9ed8"}
[2026-10-02 23:47:00.608] [info] [pid:47544] [main] [host-log] (local-1) [host] [2026-10-02 23:47:00.608] [pid:47176] [zcode-host] [rpc:call] model-selection.getView OK (1.1ms)
[2026-10-02 23:47:00.703] [info] [pid:47544] [main] [host-log] (local-1) [host] [2026-10-02 23:47:00.703] [pid:47176] [zcode-host] [rpc:call] zcode-agent.sendConversationCommandV4 OK (33.2ms)
[2026-10-02 23:47:00.716] [info] [pid:47544] [main] [host-log] (local-1) [host] [2026-10-02 23:47:00.717] [pid:47176] [zcode-host] [rpc:call] zcode-task.getTaskSessionFilePath OK (0.0ms)
[2026-10-02 23:47:00.717] [info] [pid:47544] [main] [host-log] (local-1) [host] [2026-10-02 23:47:00.717] [pid:47176] [zcode-host] [rpc:call] zcode-task.getTaskNativeSessionLogFile OK (0.1ms)
[2026-10-02 23:47:00.718] [info] [pid:47544] [main] [host-log] (local-1) [host] [2026-10-02 23:47:00.718] [pid:47176] [zcode-host] [rpc:call] zcode-task.getTaskNativeSessionLogFile OK (0.1ms)
[2026-10-02 23:47:00.718] [info] [pid:47544] [main] [host-log] (local-1) [host] [2026-10-02 23:47:00.718] [pid:47176] [zcode-host] [rpc:call] zcode-task.getTaskSessionFilePath OK (0.0ms)
[2026-10-02 23:47:00.739] [info] [pid:47544] [main] [host-log] (local-1) [host] [2026-10-02 23:47:00.739] [pid:47176] [zcode-session-service] [zcode-session-service] readSession 历史快照读取完成 {"durationMs":22,"messageLimit":1,"sessionId":"sess_6112af47-68b2-442d-9a14-f3a4425c9ed8","snapshot":{"activeTurnId":null,"eventSeq":1,"messageCount":0,"pendingRequestCount":0,"sessionStatus":"idle","stateRevision":0},"workspaceIdentity":null,"workspacePath":"E:\\Xiadie\\Xiadie\\.runtime\\P01\\validation\\u11-final-01\\degradation\\scenarios\\offline\\profile\\data\\.zcode\\workspace\\default"}
[2026-10-02 23:47:00.740] [info] [pid:47544] [main] [host-log] (local-1) [host] [2026-10-02 23:47:00.739] [pid:47176] [zcode-host] [rpc:call] zcode-session.readSession OK (21.9ms)
[2026-10-02 23:47:00.741] [info] [pid:47544] [main] [host-log] (local-1) [host] [2026-10-02 23:47:00.739] [pid:47176] [zcode-host] [rpc:call] zcode-agent.conversationWorkflowRunsV4 OK (18.3ms)
[2026-10-02 23:47:00.741] [info] [pid:47544] [main] [host-log] (local-1) [host] [2026-10-02 23:47:00.740] [pid:47176] [zcode-host] [rpc:call] zcode-agent.conversationPlansV4 OK (18.3ms)
[2026-10-02 23:47:00.746] [info] [pid:47544] [main] [host-log] (local-1) [host] [2026-10-02 23:47:00.746] [pid:47176] [zcode-host] [rpc:call] zcode-task.getTaskNativeSessionLogFile OK (0.2ms)
[2026-10-02 23:47:01.014] [warn] [pid:47544] [main] [host-log] (local-1) [host] [2026-10-02 23:47:01.014] [pid:47176] [cua-pip-session] [cua-pip-session] event delivery dropped {"eventId":"c58c36a9-da81-470f-a53b-aa2e9f55c422","kind":"turn-started","sequenceNumber":2,"sessionId":"sess_6112af47-68b2-442d-9a14-f3a4425c9ed8","turnId":"turn_58098127-8f26-49b0-99da-6eaff8200d31","skipReason":"service-disabled"}
[2026-10-02 23:47:01.017] [info] [pid:47544] [main] [host-log] (local-1) [host] [2026-10-02 23:47:01.017] [pid:47176] [settingService] writing settings to: E:\Xiadie\Xiadie\.runtime\P01\validation\u11-final-01\degradation\scenarios\offline\profile\home\.zcode\v2\setting.json {"recentProjects":[],"locale":"zh-CN","localePreference":"system","terminalInheritSystemProfile":true,"embeddedBrowserAllowInsecureCertificates":false,"embeddedBrowserViewportPreference":{"mode":"normal","viewport":{"width":393,"height":852},"zoom":"fit"},"computerUseComposerEntryHidden":true,"taskAutoArchiveEnabled":false,"taskAutoArchiveOlderThanDays":7,"closeToTrayOnWindows":true,"closeToTrayOnWindowsMigrationInitialized":true,"keepAwakeWhileRunning":false,"desktopChromiumHardwareAccelerationEnabled":true,"messageStreamShowReasoning":true,"messageStreamShowReasoningMigrationInitialized":true,"messageStreamShowTodos":false,"toolGroupingExploreEnabled":true,"toolGroupingTerminalEnabled":true,"toolGroupingChangesEnabled":false,"zcodeInteractionBehavior":"queue","askUserQuestionAutoResolutionEnabled":true,"modelIoFullRetentionEnabled":false,"startPlanRecommendationDismissed":false,"providerFamilyConnectionSelections":{},"providerFamilyDomain":"bigmodel","providerFamilyDomainUpdatedAt":1790956011572,"providerFamilyDomainMigrated":true,"nativeSearchEnhancementsEnabled":true,"memoryEnabled":false,"lastWorkspaceSession":[{"kind":"local","workspacePath":"E:\\Xiadie\\Xiadie\\.runtime\\P01\\validation\\u11-final-01\\degradation\\scenarios\\offline\\profile\\workspace","workspacePurpose":"project"},{"kind":"local","workspacePath":"E:\\Xiadie\\Xiadie\\.runtime\\P01\\validation\\u11-final-01\\degradation\\scenarios\\offline\\profile\\data\\.zcode\\workspace\\default","workspacePurpose":"conversation"}],"lastActiveTabIndex":1,"receivePreviewUpdates":false,"autoDownloadAndInstallUpdates":false,"skippedElectronUpdateVersions":{},"settingsSyncFirstRunPromptHandled":true}
[2026-10-02 23:47:01.020] [info] [pid:47544] [main] [host-log] (local-1) [host] [2026-10-02 23:47:01.020] [pid:47176] [settingService] write done
[2026-10-02 23:47:01.021] [info] [pid:47544] [main] [host-log] (local-1) [host] [2026-10-02 23:47:01.021] [pid:47176] [zcode-host] [rpc:call] setting.update OK (4.4ms)
[2026-10-02 23:47:01.079] [info] [pid:47544] [main] [host-log] (local-1) [host] [2026-10-02 23:47:01.079] [pid:47176] [zcode-host] [rpc:call] window-controller.listTaskList OK (0.1ms)
[2026-10-02 23:47:01.080] [info] [pid:47544] [main] [host-log] (local-1) [host] [2026-10-02 23:47:01.080] [pid:47176] [zcode-host] [rpc:call] window-controller.listTaskList OK (0.1ms)
[2026-10-02 23:47:01.133] [info] [pid:47544] [main] [host-log] (local-1) [host] [2026-10-02 23:47:01.133] [pid:47176] [zcode-host] [rpc:call] window-controller.listTaskList OK (0.1ms)
[2026-10-02 23:47:01.140] [info] [pid:47544] [main] [host-log] (local-1) [host] [2026-10-02 23:47:01.140] [pid:47176] [zcode-host] [rpc:call] window-controller.listTaskList OK (0.1ms)
[2026-10-02 23:47:01.149] [info] [pid:47544] [main] [host-log] (local-1) [host] [2026-10-02 23:47:01.149] [pid:47176] [zcode-host] [rpc:call] window-controller.listTaskList OK (0.0ms)
[2026-10-02 23:47:01.199] [info] [pid:47544] [main] [host-log] (local-1) [host] [2026-10-02 23:47:01.199] [pid:47176] [zcode-host] [rpc:call] window-controller.listTaskList OK (0.1ms)
[2026-10-02 23:47:01.206] [warn] [pid:47544] [main] [host-log] (local-1) [host] [2026-10-02 23:47:01.206] [pid:47176] [cua-pip-session] [cua-pip-session] event delivery dropped {"eventId":"79dbe5c9-dbe9-428f-830c-83b0c891a471","kind":"turn-ended","sequenceNumber":9,"sessionId":"sess_6112af47-68b2-442d-9a14-f3a4425c9ed8","turnId":"turn_58098127-8f26-49b0-99da-6eaff8200d31","outcome":"failed","skipReason":"service-disabled"}
[2026-10-02 23:47:01.210] [info] [pid:47544] [main] [host-log] (local-1) [host] [2026-10-02 23:47:01.210] [pid:47176] [zcode-host] [rpc:call] window-controller.listTaskList OK (0.0ms)
[2026-10-02 23:47:01.229] [info] [pid:47544] [main] [host-log] (local-1) [host] [2026-10-02 23:47:01.229] [pid:47176] [zcode-host] [rpc:call] window-controller.listTaskList OK (0.1ms)
[2026-10-02 23:47:01.450] [info] [pid:47544] [main] [host-log] (local-1) [host] [2026-10-02 23:47:01.450] [pid:47176] [zcode-host] [rpc:call] file-watcher.unwatch OK (0.1ms)
[2026-10-02 23:47:01.451] [info] [pid:47544] [main] [host-log] (local-1) [host] [2026-10-02 23:47:01.450] [pid:47176] [zcode-host] [rpc:call] file-watcher.unwatch OK (0.0ms)
[2026-10-02 23:47:01.451] [info] [pid:47544] [main] [host-log] (local-1) [host] [2026-10-02 23:47:01.451] [pid:47176] [zcode-host] [rpc:call] file-watcher.unwatch OK (0.0ms)
[2026-10-02 23:47:01.453] [info] [pid:47544] [main] [host-log] (local-1) [host] [2026-10-02 23:47:01.453] [pid:47176] [zcode-host] [rpc:call] setting.get OK (0.8ms)
[2026-10-02 23:47:01.453] [info] [pid:47544] [main] [task-realtime] updated host workspace scopes {"hostId":"b9739e72-db91-44d7-b913-1f14ed90e608","workspaceKeyCount":2}
[2026-10-02 23:47:01.454] [info] [pid:47544] [main] [host-log] (local-1) [host] [2026-10-02 23:47:01.453] [pid:47176] [zcode-host] [rpc:call] system.info OK (0.0ms)
[2026-10-02 23:47:01.454] [info] [pid:47544] [main] [host-log] (local-1) [host] [2026-10-02 23:47:01.454] [pid:47176] [zcode-host] [rpc:call] setting.get OK (0.6ms)
[2026-10-02 23:47:01.561] [info] [pid:47544] [main] [host-log] (local-1) [host] [2026-10-02 23:47:01.561] [pid:47176] [zcode-host] [rpc:call] system.listIntegratedTerminalShells OK (0.5ms)
[2026-10-02 23:47:01.745] [info] [pid:47544] [main] [host-log] (local-1) [host] [2026-10-02 23:47:01.745] [pid:47176] [settingService] writing settings to: E:\Xiadie\Xiadie\.runtime\P01\validation\u11-final-01\degradation\scenarios\offline\profile\home\.zcode\v2\setting.json {"recentProjects":[],"locale":"zh-CN","localePreference":"system","terminalInheritSystemProfile":true,"embeddedBrowserAllowInsecureCertificates":false,"embeddedBrowserViewportPreference":{"mode":"normal","viewport":{"width":393,"height":852},"zoom":"fit"},"computerUseComposerEntryHidden":true,"taskAutoArchiveEnabled":false,"taskAutoArchiveOlderThanDays":7,"closeToTrayOnWindows":true,"closeToTrayOnWindowsMigrationInitialized":true,"keepAwakeWhileRunning":false,"desktopChromiumHardwareAccelerationEnabled":true,"messageStreamShowReasoning":true,"messageStreamShowReasoningMigrationInitialized":true,"messageStreamShowTodos":false,"toolGroupingExploreEnabled":true,"toolGroupingTerminalEnabled":true,"toolGroupingChangesEnabled":false,"zcodeInteractionBehavior":"queue","askUserQuestionAutoResolutionEnabled":true,"modelIoFullRetentionEnabled":false,"startPlanRecommendationDismissed":false,"providerFamilyConnectionSelections":{},"providerFamilyDomain":"bigmodel","providerFamilyDomainUpdatedAt":1790956011572,"providerFamilyDomainMigrated":true,"nativeSearchEnhancementsEnabled":true,"memoryEnabled":false,"lastWorkspaceSession":[{"kind":"local","workspacePath":"E:\\Xiadie\\Xiadie\\.runtime\\P01\\validation\\u11-final-01\\degradation\\scenarios\\offline\\profile\\workspace","workspacePurpose":"project"},{"kind":"local","workspacePath":"E:\\Xiadie\\Xiadie\\.runtime\\P01\\validation\\u11-final-01\\degradation\\scenarios\\offline\\profile\\data\\.zcode\\workspace\\default","workspacePurpose":"conversation"}],"lastActiveTabIndex":1,"receivePreviewUpdates":false,"autoDownloadAndInstallUpdates":false,"skippedElectronUpdateVersions":{},"settingsSyncFirstRunPromptHandled":true}
[2026-10-02 23:47:01.748] [info] [pid:47544] [main] [host-log] (local-1) [host] [2026-10-02 23:47:01.748] [pid:47176] [settingService] write done
[2026-10-02 23:47:01.748] [info] [pid:47544] [main] [host-log] (local-1) [host] [2026-10-02 23:47:01.748] [pid:47176] [zcode-host] [rpc:call] setting.update OK (4.4ms)
[2026-10-02 23:47:02.598] [info] [pid:47544] [main] [host-log] (local-1) [host] [2026-10-02 23:47:02.598] [pid:47176] [zcode-host] [rpc:call] system.info OK (0.0ms)
[2026-10-02 23:47:02.599] [info] [pid:47544] [main] [host-log] (local-1) [host] [2026-10-02 23:47:02.599] [pid:47176] [zcode-host] [rpc:call] file-watcher.watch OK (0.8ms)
[2026-10-02 23:47:02.599] [info] [pid:47544] [main] [host-log] (local-1) [host] [2026-10-02 23:47:02.600] [pid:47176] [zcode-host] [rpc:call] file-watcher.watch OK (0.2ms)
[2026-10-02 23:47:02.600] [info] [pid:47544] [main] [host-log] (local-1) [host] [2026-10-02 23:47:02.600] [pid:47176] [zcode-host] [rpc:call] file-watcher.watch OK (0.2ms)
[2026-10-02 23:47:02.661] [info] [pid:47544] [main] [host-log] (local-1) [host] [2026-10-02 23:47:02.661] [pid:47176] [zcode-host] [rpc:listen] file-watcher.onDynamicChange subscribed
[2026-10-02 23:47:02.661] [info] [pid:47544] [main] [host-log] (local-1) [host] [2026-10-02 23:47:02.661] [pid:47176] [zcode-host] [rpc:listen] file-watcher.onDynamicChange subscribed
[2026-10-02 23:47:02.662] [info] [pid:47544] [main] [host-log] (local-1) [host] [2026-10-02 23:47:02.661] [pid:47176] [zcode-host] [rpc:listen] file-watcher.onDynamicChange subscribed
[2026-10-02 23:47:02.893] [info] [pid:47544] [main] [host-log] (local-1) [host] [2026-10-02 23:47:02.893] [pid:47176] [settingService] writing settings to: E:\Xiadie\Xiadie\.runtime\P01\validation\u11-final-01\degradation\scenarios\offline\profile\home\.zcode\v2\setting.json {"recentProjects":[],"locale":"zh-CN","localePreference":"system","terminalInheritSystemProfile":true,"embeddedBrowserAllowInsecureCertificates":false,"embeddedBrowserViewportPreference":{"mode":"normal","viewport":{"width":393,"height":852},"zoom":"fit"},"computerUseComposerEntryHidden":true,"taskAutoArchiveEnabled":false,"taskAutoArchiveOlderThanDays":7,"closeToTrayOnWindows":true,"closeToTrayOnWindowsMigrationInitialized":true,"keepAwakeWhileRunning":false,"desktopChromiumHardwareAccelerationEnabled":true,"messageStreamShowReasoning":true,"messageStreamShowReasoningMigrationInitialized":true,"messageStreamShowTodos":false,"toolGroupingExploreEnabled":true,"toolGroupingTerminalEnabled":true,"toolGroupingChangesEnabled":false,"zcodeInteractionBehavior":"queue","askUserQuestionAutoResolutionEnabled":true,"modelIoFullRetentionEnabled":false,"startPlanRecommendationDismissed":false,"providerFamilyConnectionSelections":{},"providerFamilyDomain":"bigmodel","providerFamilyDomainUpdatedAt":1790956011572,"providerFamilyDomainMigrated":true,"nativeSearchEnhancementsEnabled":true,"memoryEnabled":false,"lastWorkspaceSession":[{"kind":"local","workspacePath":"E:\\Xiadie\\Xiadie\\.runtime\\P01\\validation\\u11-final-01\\degradation\\scenarios\\offline\\profile\\workspace","workspacePurpose":"project"},{"kind":"local","workspacePath":"E:\\Xiadie\\Xiadie\\.runtime\\P01\\validation\\u11-final-01\\degradation\\scenarios\\offline\\profile\\data\\.zcode\\workspace\\default","workspacePurpose":"conversation"}],"lastActiveTabIndex":1,"receivePreviewUpdates":false,"autoDownloadAndInstallUpdates":false,"skippedElectronUpdateVersions":{},"settingsSyncFirstRunPromptHandled":true}
[2026-10-02 23:47:02.897] [info] [pid:47544] [main] [host-log] (local-1) [host] [2026-10-02 23:47:02.897] [pid:47176] [settingService] write done
[2026-10-02 23:47:02.899] [info] [pid:47544] [main] [host-log] (local-1) [host] [2026-10-02 23:47:02.898] [pid:47176] [zcode-host] [rpc:call] setting.update OK (5.1ms)
[2026-10-02 23:47:04.600] [info] [pid:47544] [renderer] v4 workspace connection reused {"event":"v4.workspace_connection.reused","isRemote":false,"key":"__base__ E:\\Xiadie\\Xiadie\\.runtime\\P01\\validation\\u11-final-01\\degradation\\scenarios\\offline\\profile\\workspace","module":"ui.v4.workspace_connection_registry","refCount":1,"serviceGeneration":1,"status":"completed"}
[2026-10-02 23:47:04.605] [info] [pid:47544] [renderer] v4 session data lease released {"event":"v4.session_data.release","keepWarmMs":30000,"module":"ui.v4.session_data_layer","refCount":0,"status":"keep_warm","topic":"conversation/sess_6112af47-68b2-442d-9a14-f3a4425c9ed8"}
[2026-10-02 23:47:04.606] [info] [pid:47544] [renderer] v4 workspace connection lease released {"event":"v4.workspace_connection.release","keepWarmMs":30000,"key":"__base__ E:\\Xiadie\\Xiadie\\.runtime\\P01\\validation\\u11-final-01\\degradation\\scenarios\\offline\\profile\\data\\.zcode\\workspace\\default","module":"ui.v4.workspace_connection_registry","refCount":0,"status":"keep_warm"}
[2026-10-02 23:47:04.606] [info] [pid:47544] [main] [host-log] (local-1) [host] [2026-10-02 23:47:04.606] [pid:47176] [zcode-host] [rpc:call] file-watcher.unwatch OK (0.1ms)
[2026-10-02 23:47:04.607] [info] [pid:47544] [main] [host-log] (local-1) [host] [2026-10-02 23:47:04.607] [pid:47176] [zcode-host] [rpc:call] file-watcher.unwatch OK (0.0ms)
[2026-10-02 23:47:04.607] [info] [pid:47544] [main] [host-log] (local-1) [host] [2026-10-02 23:47:04.607] [pid:47176] [zcode-host] [rpc:call] file-watcher.unwatch OK (0.0ms)
[2026-10-02 23:47:04.608] [info] [pid:47544] [main] [host-log] (local-1) [host] [2026-10-02 23:47:04.607] [pid:47176] [zcode-host] [rpc:call] zcode-task.getTaskSessionFilePath OK (0.0ms)
[2026-10-02 23:47:04.608] [info] [pid:47544] [main] [host-log] (local-1) [host] [2026-10-02 23:47:04.608] [pid:47176] [zcode-host] [rpc:call] zcode-task.getTaskNativeSessionLogFile OK (0.1ms)
[2026-10-02 23:47:04.608] [info] [pid:47544] [renderer] v4 session data lease acquired {"event":"v4.session_data.acquire","keepWarm":false,"module":"ui.v4.session_data_layer","openKind":"keep_warm","refCount":1,"sessionId":"a02f5a5e-0a10-4baa-b90f-763a7b6c43ea","status":"completed","topic":"conversation/a02f5a5e-0a10-4baa-b90f-763a7b6c43ea"}
[2026-10-02 23:47:04.609] [info] [pid:47544] [main] [host-log] (local-1) [host] [2026-10-02 23:47:04.608] [pid:47176] [zcode-host] [rpc:listen] model-selection.onDidChange subscribed
[2026-10-02 23:47:04.609] [info] [pid:47544] [main] [host-log] (local-1) [host] [2026-10-02 23:47:04.609] [pid:47176] [zcode-host] [rpc:call] model-selection.getView OK (0.7ms)
[2026-10-02 23:47:04.609] [info] [pid:47544] [main] [host-log] (local-1) [host] [2026-10-02 23:47:04.609] [pid:47176] [zcode-host] [rpc:call] zcode-task.getTaskNativeSessionLogFile OK (0.1ms)
[2026-10-02 23:47:04.610] [info] [pid:47544] [main] [host-log] (local-1) [host] [2026-10-02 23:47:04.609] [pid:47176] [zcode-host] [rpc:call] zcode-task.getTaskSessionFilePath OK (0.0ms)
[2026-10-02 23:47:04.612] [info] [pid:47544] [main] [host-log] (local-1) [host] [2026-10-02 23:47:04.612] [pid:47176] [zcode-host] [rpc:call] settings-sync.getFirstRunPromptState OK (0.6ms)
[2026-10-02 23:47:04.629] [info] [pid:47544] [main] [host-log] (local-1) [host] [2026-10-02 23:47:04.630] [pid:47176] [zcode-host] [rpc:call] zcode-agent.conversationWorkflowRunsV4 OK (0.9ms)
[2026-10-02 23:47:04.630] [info] [pid:47544] [main] [host-log] (local-1) [host] [2026-10-02 23:47:04.630] [pid:47176] [zcode-host] [rpc:call] zcode-agent.conversationPlansV4 OK (1.0ms)
[2026-10-02 23:47:04.630] [info] [pid:47544] [main] [host-log] (local-1) [host] [2026-10-02 23:47:04.630] [pid:47176] [zcode-host] [rpc:call] zcode-agent.unsubscribeSessionsIndexV4 OK (1.7ms)
[2026-10-02 23:47:04.670] [info] [pid:47544] [main] [host-log] (local-1) [host] [2026-10-02 23:47:04.670] [pid:47176] [zcode-host] [rpc:call] git.refresh OK (60.9ms)
[2026-10-02 23:47:04.698] [info] [pid:47544] [main] [host-log] (local-1) [host] [2026-10-02 23:47:04.698] [pid:47176] [zcode-host] [rpc:call] system.info OK (0.0ms)
[2026-10-02 23:47:04.699] [info] [pid:47544] [main] [host-log] (local-1) [host] [2026-10-02 23:47:04.699] [pid:47176] [zcode-host] [rpc:call] file-watcher.watch OK (0.5ms)
[2026-10-02 23:47:04.699] [info] [pid:47544] [main] [host-log] (local-1) [host] [2026-10-02 23:47:04.699] [pid:47176] [zcode-host] [rpc:call] file-watcher.watch OK (0.3ms)
[2026-10-02 23:47:04.699] [info] [pid:47544] [main] [host-log] (local-1) [host] [2026-10-02 23:47:04.700] [pid:47176] [zcode-host] [rpc:call] file-watcher.watch OK (0.3ms)
[2026-10-02 23:47:04.700] [info] [pid:47544] [main] [host-log] (local-1) [host] [2026-10-02 23:47:04.700] [pid:47176] [zcode-host] [rpc:listen] file-watcher.onDynamicChange subscribed
[2026-10-02 23:47:04.700] [info] [pid:47544] [main] [host-log] (local-1) [host] [2026-10-02 23:47:04.700] [pid:47176] [zcode-host] [rpc:listen] file-watcher.onDynamicChange subscribed
[2026-10-02 23:47:04.700] [info] [pid:47544] [main] [host-log] (local-1) [host] [2026-10-02 23:47:04.700] [pid:47176] [zcode-host] [rpc:listen] file-watcher.onDynamicChange subscribed
[2026-10-02 23:47:04.905] [info] [pid:47544] [main] [host-log] (local-1) [host] [2026-10-02 23:47:04.905] [pid:47176] [settingService] writing settings to: E:\Xiadie\Xiadie\.runtime\P01\validation\u11-final-01\degradation\scenarios\offline\profile\home\.zcode\v2\setting.json {"recentProjects":[],"locale":"zh-CN","localePreference":"system","terminalInheritSystemProfile":true,"embeddedBrowserAllowInsecureCertificates":false,"embeddedBrowserViewportPreference":{"mode":"normal","viewport":{"width":393,"height":852},"zoom":"fit"},"computerUseComposerEntryHidden":true,"taskAutoArchiveEnabled":false,"taskAutoArchiveOlderThanDays":7,"closeToTrayOnWindows":true,"closeToTrayOnWindowsMigrationInitialized":true,"keepAwakeWhileRunning":false,"desktopChromiumHardwareAccelerationEnabled":true,"messageStreamShowReasoning":true,"messageStreamShowReasoningMigrationInitialized":true,"messageStreamShowTodos":false,"toolGroupingExploreEnabled":true,"toolGroupingTerminalEnabled":true,"toolGroupingChangesEnabled":false,"zcodeInteractionBehavior":"queue","askUserQuestionAutoResolutionEnabled":true,"modelIoFullRetentionEnabled":false,"startPlanRecommendationDismissed":false,"providerFamilyConnectionSelections":{},"providerFamilyDomain":"bigmodel","providerFamilyDomainUpdatedAt":1790956011572,"providerFamilyDomainMigrated":true,"nativeSearchEnhancementsEnabled":true,"memoryEnabled":false,"lastWorkspaceSession":[{"kind":"local","workspacePath":"E:\\Xiadie\\Xiadie\\.runtime\\P01\\validation\\u11-final-01\\degradation\\scenarios\\offline\\profile\\workspace","workspacePurpose":"project"},{"kind":"local","workspacePath":"E:\\Xiadie\\Xiadie\\.runtime\\P01\\validation\\u11-final-01\\degradation\\scenarios\\offline\\profile\\data\\.zcode\\workspace\\default","workspacePurpose":"conversation"}],"lastActiveTabIndex":0,"receivePreviewUpdates":false,"autoDownloadAndInstallUpdates":false,"skippedElectronUpdateVersions":{},"settingsSyncFirstRunPromptHandled":true}
[2026-10-02 23:47:04.909] [info] [pid:47544] [main] [host-log] (local-1) [host] [2026-10-02 23:47:04.909] [pid:47176] [settingService] write done
[2026-10-02 23:47:04.910] [info] [pid:47544] [main] [host-log] (local-1) [host] [2026-10-02 23:47:04.910] [pid:47176] [zcode-host] [rpc:call] setting.update OK (5.1ms)
[2026-10-02 23:47:05.902] [info] [pid:47544] [main] [host-log] (local-1) [host] [2026-10-02 23:47:05.902] [pid:47176] [settingService] writing settings to: E:\Xiadie\Xiadie\.runtime\P01\validation\u11-final-01\degradation\scenarios\offline\profile\home\.zcode\v2\setting.json {"recentProjects":[],"locale":"zh-CN","localePreference":"system","terminalInheritSystemProfile":true,"embeddedBrowserAllowInsecureCertificates":false,"embeddedBrowserViewportPreference":{"mode":"normal","viewport":{"width":393,"height":852},"zoom":"fit"},"computerUseComposerEntryHidden":true,"taskAutoArchiveEnabled":false,"taskAutoArchiveOlderThanDays":7,"closeToTrayOnWindows":true,"closeToTrayOnWindowsMigrationInitialized":true,"keepAwakeWhileRunning":false,"desktopChromiumHardwareAccelerationEnabled":true,"messageStreamShowReasoning":true,"messageStreamShowReasoningMigrationInitialized":true,"messageStreamShowTodos":false,"toolGroupingExploreEnabled":true,"toolGroupingTerminalEnabled":true,"toolGroupingChangesEnabled":false,"zcodeInteractionBehavior":"queue","askUserQuestionAutoResolutionEnabled":true,"modelIoFullRetentionEnabled":false,"startPlanRecommendationDismissed":false,"providerFamilyConnectionSelections":{},"providerFamilyDomain":"bigmodel","providerFamilyDomainUpdatedAt":1790956011572,"providerFamilyDomainMigrated":true,"nativeSearchEnhancementsEnabled":true,"memoryEnabled":false,"lastWorkspaceSession":[{"kind":"local","workspacePath":"E:\\Xiadie\\Xiadie\\.runtime\\P01\\validation\\u11-final-01\\degradation\\scenarios\\offline\\profile\\workspace","workspacePurpose":"project"},{"kind":"local","workspacePath":"E:\\Xiadie\\Xiadie\\.runtime\\P01\\validation\\u11-final-01\\degradation\\scenarios\\offline\\profile\\data\\.zcode\\workspace\\default","workspacePurpose":"conversation"}],"lastActiveTabIndex":0,"receivePreviewUpdates":false,"autoDownloadAndInstallUpdates":false,"skippedElectronUpdateVersions":{},"settingsSyncFirstRunPromptHandled":true}
[2026-10-02 23:47:05.906] [info] [pid:47544] [main] [host-log] (local-1) [host] [2026-10-02 23:47:05.905] [pid:47176] [settingService] write done
[2026-10-02 23:47:05.907] [info] [pid:47544] [main] [host-log] (local-1) [host] [2026-10-02 23:47:05.906] [pid:47176] [zcode-host] [rpc:call] setting.update OK (5.1ms)
[2026-10-02 23:47:05.954] [info] [pid:47544] [main] [app-quit] forceQuit enabled (app-before-quit)
[2026-10-02 23:47:05.954] [info] [pid:47544] [main] [stability] perf_app_exit reported {"scene":"app_quit","exitCode":0}
[2026-10-02 23:47:05.955] [info] [pid:47544] [main] [app-quit] waiting for host process cleanup (app-before-quit), kind=normal, hosts=1, forceKillDelayMs=4000, waitTimeoutMs=4500
[2026-10-02 23:47:05.955] [info] [pid:47544] [main] [disposeHostProcess] disposing host process (app-before-quit-1), pid=47176
[2026-10-02 23:47:05.956] [info] [pid:47544] [main] [host-log] (local-1) [host] [2026-10-02 23:47:05.957] [pid:47176] [zcode-host] disposing host resources, reason=parent dispose
[2026-10-02 23:47:05.959] [warn] [pid:47544] [main] [host-log] (local-1) [host] [2026-10-02 23:47:05.959] [pid:47176] [zcode-task-index-syncer] 清理 task index sessions-index 订阅失败 workspace=E:\Xiadie\Xiadie\.runtime\P01\validation\u11-final-01\degradation\scenarios\offline\profile\workspace {"name":"Error","message":"ZCode Protocol client is disposed","stack":"Error: ZCode Protocol client is disposed\n    at ZCodeProtocolClient.assertNotDisposed (file:///E:/Xiadie/Xiadie/.runtime/P01/u10-candidate-06/packages/desktop/out/host/chunk-ZZOLNKTD.js:1009:11179)\n    at ZCodeProtocolClient.request (file:///E:/Xiadie/Xiadie/.runtime/P01/u10-candidate-06/packages/desktop/out/host/chunk-ZZOLNKTD.js:1009:7447)\n    at unsubscribeV4Route (file:///E:/Xiadie/Xiadie/.runtime/P01/u10-candidate-06/packages/desktop/out/host/index.js:79:42753)\n    at process.processTicksAndRejections (node:internal/process/task_queues:104:5)\n    at async Object.unsubscribeSessionsIndexV4 (file:///E:/Xiadie/Xiadie/.runtime/P01/u10-candidate-06/packages/desktop/out/host/index.js:79:102469)\n    at async unsubscribeIndex (file:///E:/Xiadie/Xiadie/.runtime/P01/u10-candidate-06/packages/desktop/out/host/index.js:249:31381)"}
[2026-10-02 23:47:05.960] [warn] [pid:47544] [main] [host-log] (local-1) [host] [2026-10-02 23:47:05.960] [pid:47176] [zcode-task-index-syncer] 清理 task index workspace-config 订阅失败 workspace=E:\Xiadie\Xiadie\.runtime\P01\validation\u11-final-01\degradation\scenarios\offline\profile\workspace {"name":"Error","message":"ZCode Protocol client is disposed","stack":"Error: ZCode Protocol client is disposed\n    at ZCodeProtocolClient.assertNotDisposed (file:///E:/Xiadie/Xiadie/.runtime/P01/u10-candidate-06/packages/desktop/out/host/chunk-ZZOLNKTD.js:1009:11179)\n    at ZCodeProtocolClient.request (file:///E:/Xiadie/Xiadie/.runtime/P01/u10-candidate-06/packages/desktop/out/host/chunk-ZZOLNKTD.js:1009:7447)\n    at unsubscribeV4Route (file:///E:/Xiadie/Xiadie/.runtime/P01/u10-candidate-06/packages/desktop/out/host/index.js:79:42753)\n    at process.processTicksAndRejections (node:internal/process/task_queues:104:5)\n    at async Object.unsubscribeWorkspaceConfigV4 (file:///E:/Xiadie/Xiadie/.runtime/P01/u10-candidate-06/packages/desktop/out/host/index.js:79:102998)\n    at async unsubscribeConfig (file:///E:/Xiadie/Xiadie/.runtime/P01/u10-candidate-06/packages/desktop/out/host/index.js:249:31652)"}
[2026-10-02 23:47:05.960] [warn] [pid:47544] [main] [host-log] (local-1) [host] [2026-10-02 23:47:05.960] [pid:47176] [zcode-task-index-syncer] 清理 task index sessions-index 订阅失败 workspace=E:\Xiadie\Xiadie\.runtime\P01\validation\u11-final-01\degradation\scenarios\offline\profile\data\.zcode\workspace\default {"name":"Error","message":"ZCode Protocol client is disposed","stack":"Error: ZCode Protocol client is disposed\n    at ZCodeProtocolClient.assertNotDisposed (file:///E:/Xiadie/Xiadie/.runtime/P01/u10-candidate-06/packages/desktop/out/host/chunk-ZZOLNKTD.js:1009:11179)\n    at ZCodeProtocolClient.request (file:///E:/Xiadie/Xiadie/.runtime/P01/u10-candidate-06/packages/desktop/out/host/chunk-ZZOLNKTD.js:1009:7447)\n    at unsubscribeV4Route (file:///E:/Xiadie/Xiadie/.runtime/P01/u10-candidate-06/packages/desktop/out/host/index.js:79:42753)\n    at process.processTicksAndRejections (node:internal/process/task_queues:104:5)\n    at async Object.unsubscribeSessionsIndexV4 (file:///E:/Xiadie/Xiadie/.runtime/P01/u10-candidate-06/packages/desktop/out/host/index.js:79:102469)\n    at async unsubscribeIndex (file:///E:/Xiadie/Xiadie/.runtime/P01/u10-candidate-06/packages/desktop/out/host/index.js:249:31381)"}
[2026-10-02 23:47:05.960] [warn] [pid:47544] [main] [host-log] (local-1) [host] [2026-10-02 23:47:05.960] [pid:47176] [zcode-task-index-syncer] 清理 task index workspace-config 订阅失败 workspace=E:\Xiadie\Xiadie\.runtime\P01\validation\u11-final-01\degradation\scenarios\offline\profile\data\.zcode\workspace\default {"name":"Error","message":"ZCode Protocol client is disposed","stack":"Error: ZCode Protocol client is disposed\n    at ZCodeProtocolClient.assertNotDisposed (file:///E:/Xiadie/Xiadie/.runtime/P01/u10-candidate-06/packages/desktop/out/host/chunk-ZZOLNKTD.js:1009:11179)\n    at ZCodeProtocolClient.request (file:///E:/Xiadie/Xiadie/.runtime/P01/u10-candidate-06/packages/desktop/out/host/chunk-ZZOLNKTD.js:1009:7447)\n    at unsubscribeV4Route (file:///E:/Xiadie/Xiadie/.runtime/P01/u10-candidate-06/packages/desktop/out/host/index.js:79:42753)\n    at process.processTicksAndRejections (node:internal/process/task_queues:104:5)\n    at async Object.unsubscribeWorkspaceConfigV4 (file:///E:/Xiadie/Xiadie/.runtime/P01/u10-candidate-06/packages/desktop/out/host/index.js:79:102998)\n    at async unsubscribeConfig (file:///E:/Xiadie/Xiadie/.runtime/P01/u10-candidate-06/packages/desktop/out/host/index.js:249:31652)"}
[2026-10-02 23:47:05.960] [warn] [pid:47544] [main] [host-log] (local-1) [host] [2026-10-02 23:47:05.960] [pid:47176] [zcode-agent-process-tree] 查询 Windows runtime 进程表失败（异步）: {"name":"Error","message":"spawn powershell.exe ENOENT","stack":"Error: spawn powershell.exe ENOENT\n    at ChildProcess._handle.onexit (node:internal/child_process:286:19)\n    at onErrorNT (node:internal/child_process:484:16)\n    at process.processTicksAndRejections (node:internal/process/task_queues:90:21)"}
[2026-10-02 23:47:05.961] [error] [pid:47544] [main] [host-log] (local-1) [host] (node:47176) UnhandledPromiseRejectionWarning: Error: ZCode Protocol client disposed
    at ZCodeProtocolClient.disposeLocalResources (file:///E:/Xiadie/Xiadie/.runtime/P01/u10-candidate-06/packages/desktop/out/host/chunk-ZZOLNKTD.js:1009:10826)
    at ZCodeProtocolClient.disposeAndWait (file:///E:/Xiadie/Xiadie/.runtime/P01/u10-candidate-06/packages/desktop/out/host/chunk-ZZOLNKTD.js:1009:9137)
    at ZCodeAgentProcessManager.cleanupManagedProcess (file:///E:/Xiadie/Xiadie/.runtime/P01/u10-candidate-06/packages/desktop/out/host/chunk-ZZOLNKTD.js:1050:7696)
    at ZCodeAgentProcessManager.cleanupManagedProcessWithRetry (file:///E:/Xiadie/Xiadie/.runtime/P01/u10-candidate-06/packages/desktop/out/host/chunk-ZZOLNKTD.js:1050:8414)
    at ZCodeAgentProcessManager.cleanupManagedProcessForShutdown (file:///E:/Xiadie/Xiadie/.runtime/P01/u10-candidate-06/packages/desktop/out/host/chunk-ZZOLNKTD.js:1050:8259)
    at file:///E:/Xiadie/Xiadie/.runtime/P01/u10-candidate-06/packages/desktop/out/host/chunk-ZZOLNKTD.js:1050:19137
    at Array.map (<anonymous>)
    at ZCodeAgentProcessManager.disposeAllAndWait (file:///E:/Xiadie/Xiadie/.runtime/P01/u10-candidate-06/packages/desktop/out/host/chunk-ZZOLNKTD.js:1050:19125)
    at Object.disposeAllAndWait (file:///E:/Xiadie/Xiadie/.runtime/P01/u10-candidate-06/packages/desktop/out/host/index.js:79:103728)
    at disposeZCodeAgentServiceAndWait (file:///E:/Xiadie/Xiadie/.runtime/P01/u10-candidate-06/packages/desktop/out/host/index.js:89:28784)
[2026-10-02 23:47:05.961] [warn] [pid:47544] [main] [host-log] (local-1) [host] [2026-10-02 23:47:05.960] [pid:47176] [zcode-host] UnhandledPromiseRejectionWarning: Error: ZCode Protocol client disposed
    at ZCodeProtocolClient.disposeLocalResources (file:///E:/Xiadie/Xiadie/.runtime/P01/u10-candidate-06/packages/desktop/out/host/chunk-ZZOLNKTD.js:1009:10826)
    at ZCodeProtocolClient.disposeAndWait (file:///E:/Xiadie/Xiadie/.runtime/P01/u10-candidate-06/packages/desktop/out/host/chunk-ZZOLNKTD.js:1009:9137)
    at ZCodeAgentProcessManager.cleanupManagedProcess (file:///E:/Xiadie/Xiadie/.runtime/P01/u10-candidate-06/packages/desktop/out/host/chunk-ZZOLNKTD.js:1050:7696)
    at ZCodeAgentProcessManager.cleanupManagedProcessWithRetry (file:///E:/Xiadie/Xiadie/.runtime/P01/u10-candidate-06/packages/desktop/out/host/chunk-ZZOLNKTD.js:1050:8414)
    at ZCodeAgentProcessManager.cleanupManagedProcessForShutdown (file:///E:/Xiadie/Xiadie/.runtime/P01/u10-candidate-06/packages/desktop/out/host/chunk-ZZOLNKTD.js:1050:8259)
    at file:///E:/Xiadie/Xiadie/.runtime/P01/u10-candidate-06/packages/desktop/out/host/chunk-ZZOLNKTD.js:1050:19137
    at Array.map (<anonymous>)
    at ZCodeAgentProcessManager.disposeAllAndWait (file:///E:/Xiadie/Xiadie/.runtime/P01/u10-candidate-06/packages/desktop/out/host/chunk-ZZOLNKTD.js:1050:19125)
    at Object.disposeAllAndWait (file:///E:/Xiadie/Xiadie/.runtime/P01/u10-candidate-06/packages/desktop/out/host/index.js:79:103728)
    at disposeZCodeAgentServiceAndWait (file:///E:/Xiadie/Xiadie/.runtime/P01/u10-candidate-06/packages/desktop/out/host/index.js:89:28784)
[2026-10-02 23:47:05.961] [error] [pid:47544] [main] [host-log] (local-1) [host] (node:47176) UnhandledPromiseRejectionWarning: Unhandled promise rejection. This error originated either by throwing inside of an async function without a catch block, or by rejecting a promise which was not handled with .catch(). To terminate the node process on unhandled promise rejection, use the CLI flag `--unhandled-rejections=strict` (see https://nodejs.org/api/cli.html#cli_unhandled_rejections_mode). (rejection id: 87)
[2026-10-02 23:47:05.962] [warn] [pid:47544] [main] [host-log] (local-1) [host] [2026-10-02 23:47:05.960] [pid:47176] [zcode-host] UnhandledPromiseRejectionWarning: Unhandled promise rejection. This error originated either by throwing inside of an async function without a catch block, or by rejecting a promise which was not handled with .catch(). To terminate the node process on unhandled promise rejection, use the CLI flag `--unhandled-rejections=strict` (see https://nodejs.org/api/cli.html#cli_unhandled_rejections_mode). (rejection id: 87)
[2026-10-02 23:47:05.962] [error] [pid:47544] [main] [host-log] (local-1) [host] (node:47176) UnhandledPromiseRejectionWarning: Error: ZCode Protocol client disposed
    at ZCodeProtocolClient.disposeLocalResources (file:///E:/Xiadie/Xiadie/.runtime/P01/u10-candidate-06/packages/desktop/out/host/chunk-ZZOLNKTD.js:1009:10826)
    at ZCodeProtocolClient.disposeAndWait (file:///E:/Xiadie/Xiadie/.runtime/P01/u10-candidate-06/packages/desktop/out/host/chunk-ZZOLNKTD.js:1009:9137)
    at ZCodeAgentProcessManager.cleanupManagedProcess (file:///E:/Xiadie/Xiadie/.runtime/P01/u10-candidate-06/packages/desktop/out/host/chunk-ZZOLNKTD.js:1050:7696)
    at ZCodeAgentProcessManager.cleanupManagedProcessWithRetry (file:///E:/Xiadie/Xiadie/.runtime/P01/u10-candidate-06/packages/desktop/out/host/chunk-ZZOLNKTD.js:1050:8414)
    at ZCodeAgentProcessManager.cleanupManagedProcessForShutdown (file:///E:/Xiadie/Xiadie/.runtime/P01/u10-candidate-06/packages/desktop/out/host/chunk-ZZOLNKTD.js:1050:8259)
    at file:///E:/Xiadie/Xiadie/.runtime/P01/u10-candidate-06/packages/desktop/out/host/chunk-ZZOLNKTD.js:1050:19137
    at Array.map (<anonymous>)
    at ZCodeAgentProcessManager.disposeAllAndWait (file:///E:/Xiadie/Xiadie/.runtime/P01/u10-candidate-06/packages/desktop/out/host/chunk-ZZOLNKTD.js:1050:19125)
    at Object.disposeAllAndWait (file:///E:/Xiadie/Xiadie/.runtime/P01/u10-candidate-06/packages/desktop/out/host/index.js:79:103728)
    at disposeZCodeAgentServiceAndWait (file:///E:/Xiadie/Xiadie/.runtime/P01/u10-candidate-06/packages/desktop/out/host/index.js:89:28784)
[2026-10-02 23:47:05.963] [warn] [pid:47544] [main] [host-log] (local-1) [host] [2026-10-02 23:47:05.961] [pid:47176] [zcode-host] UnhandledPromiseRejectionWarning: Error: ZCode Protocol client disposed
    at ZCodeProtocolClient.disposeLocalResources (file:///E:/Xiadie/Xiadie/.runtime/P01/u10-candidate-06/packages/desktop/out/host/chunk-ZZOLNKTD.js:1009:10826)
    at ZCodeProtocolClient.disposeAndWait (file:///E:/Xiadie/Xiadie/.runtime/P01/u10-candidate-06/packages/desktop/out/host/chunk-ZZOLNKTD.js:1009:9137)
    at ZCodeAgentProcessManager.cleanupManagedProcess (file:///E:/Xiadie/Xiadie/.runtime/P01/u10-candidate-06/packages/desktop/out/host/chunk-ZZOLNKTD.js:1050:7696)
    at ZCodeAgentProcessManager.cleanupManagedProcessWithRetry (file:///E:/Xiadie/Xiadie/.runtime/P01/u10-candidate-06/packages/desktop/out/host/chunk-ZZOLNKTD.js:1050:8414)
    at ZCodeAgentProcessManager.cleanupManagedProcessForShutdown (file:///E:/Xiadie/Xiadie/.runtime/P01/u10-candidate-06/packages/desktop/out/host/chunk-ZZOLNKTD.js:1050:8259)
    at file:///E:/Xiadie/Xiadie/.runtime/P01/u10-candidate-06/packages/desktop/out/host/chunk-ZZOLNKTD.js:1050:19137
    at Array.map (<anonymous>)
    at ZCodeAgentProcessManager.disposeAllAndWait (file:///E:/Xiadie/Xiadie/.runtime/P01/u10-candidate-06/packages/desktop/out/host/chunk-ZZOLNKTD.js:1050:19125)
    at Object.disposeAllAndWait (file:///E:/Xiadie/Xiadie/.runtime/P01/u10-candidate-06/packages/desktop/out/host/index.js:79:103728)
    at disposeZCodeAgentServiceAndWait (file:///E:/Xiadie/Xiadie/.runtime/P01/u10-candidate-06/packages/desktop/out/host/index.js:89:28784)
[2026-10-02 23:47:05.963] [error] [pid:47544] [main] [host-log] (local-1) [host] (node:47176) UnhandledPromiseRejectionWarning: Unhandled promise rejection. This error originated either by throwing inside of an async function without a catch block, or by rejecting a promise which was not handled with .catch(). To terminate the node process on unhandled promise rejection, use the CLI flag `--unhandled-rejections=strict` (see https://nodejs.org/api/cli.html#cli_unhandled_rejections_mode). (rejection id: 88)
[2026-10-02 23:47:05.964] [warn] [pid:47544] [main] [host-log] (local-1) [host] [2026-10-02 23:47:05.961] [pid:47176] [zcode-host] UnhandledPromiseRejectionWarning: Unhandled promise rejection. This error originated either by throwing inside of an async function without a catch block, or by rejecting a promise which was not handled with .catch(). To terminate the node process on unhandled promise rejection, use the CLI flag `--unhandled-rejections=strict` (see https://nodejs.org/api/cli.html#cli_unhandled_rejections_mode). (rejection id: 88)
[2026-10-02 23:47:05.964] [error] [pid:47544] [main] [host-log] (local-1) [host] (node:47176) UnhandledPromiseRejectionWarning: Error: ZCode Protocol client disposed
    at ZCodeProtocolClient.disposeLocalResources (file:///E:/Xiadie/Xiadie/.runtime/P01/u10-candidate-06/packages/desktop/out/host/chunk-ZZOLNKTD.js:1009:10826)
    at ZCodeProtocolClient.disposeAndWait (file:///E:/Xiadie/Xiadie/.runtime/P01/u10-candidate-06/packages/desktop/out/host/chunk-ZZOLNKTD.js:1009:9137)
    at ZCodeAgentProcessManager.cleanupManagedProcess (file:///E:/Xiadie/Xiadie/.runtime/P01/u10-candidate-06/packages/desktop/out/host/chunk-ZZOLNKTD.js:1050:7696)
    at ZCodeAgentProcessManager.cleanupManagedProcessWithRetry (file:///E:/Xiadie/Xiadie/.runtime/P01/u10-candidate-06/packages/desktop/out/host/chunk-ZZOLNKTD.js:1050:8414)
    at ZCodeAgentProcessManager.cleanupManagedProcessForShutdown (file:///E:/Xiadie/Xiadie/.runtime/P01/u10-candidate-06/packages/desktop/out/host/chunk-ZZOLNKTD.js:1050:8259)
    at file:///E:/Xiadie/Xiadie/.runtime/P01/u10-candidate-06/packages/desktop/out/host/chunk-ZZOLNKTD.js:1050:19137
    at Array.map (<anonymous>)
    at ZCodeAgentProcessManager.disposeAllAndWait (file:///E:/Xiadie/Xiadie/.runtime/P01/u10-candidate-06/packages/desktop/out/host/chunk-ZZOLNKTD.js:1050:19125)
    at Object.disposeAllAndWait (file:///E:/Xiadie/Xiadie/.runtime/P01/u10-candidate-06/packages/desktop/out/host/index.js:79:103728)
    at disposeZCodeAgentServiceAndWait (file:///E:/Xiadie/Xiadie/.runtime/P01/u10-candidate-06/packages/desktop/out/host/index.js:89:28784)
[2026-10-02 23:47:05.964] [warn] [pid:47544] [main] [host-log] (local-1) [host] [2026-10-02 23:47:05.961] [pid:47176] [zcode-host] UnhandledPromiseRejectionWarning: Error: ZCode Protocol client disposed
    at ZCodeProtocolClient.disposeLocalResources (file:///E:/Xiadie/Xiadie/.runtime/P01/u10-candidate-06/packages/desktop/out/host/chunk-ZZOLNKTD.js:1009:10826)
    at ZCodeProtocolClient.disposeAndWait (file:///E:/Xiadie/Xiadie/.runtime/P01/u10-candidate-06/packages/desktop/out/host/chunk-ZZOLNKTD.js:1009:9137)
    at ZCodeAgentProcessManager.cleanupManagedProcess (file:///E:/Xiadie/Xiadie/.runtime/P01/u10-candidate-06/packages/desktop/out/host/chunk-ZZOLNKTD.js:1050:7696)
    at ZCodeAgentProcessManager.cleanupManagedProcessWithRetry (file:///E:/Xiadie/Xiadie/.runtime/P01/u10-candidate-06/packages/desktop/out/host/chunk-ZZOLNKTD.js:1050:8414)
    at ZCodeAgentProcessManager.cleanupManagedProcessForShutdown (file:///E:/Xiadie/Xiadie/.runtime/P01/u10-candidate-06/packages/desktop/out/host/chunk-ZZOLNKTD.js:1050:8259)
    at file:///E:/Xiadie/Xiadie/.runtime/P01/u10-candidate-06/packages/desktop/out/host/chunk-ZZOLNKTD.js:1050:19137
    at Array.map (<anonymous>)
    at ZCodeAgentProcessManager.disposeAllAndWait (file:///E:/Xiadie/Xiadie/.runtime/P01/u10-candidate-06/packages/desktop/out/host/chunk-ZZOLNKTD.js:1050:19125)
    at Object.disposeAllAndWait (file:///E:/Xiadie/Xiadie/.runtime/P01/u10-candidate-06/packages/desktop/out/host/index.js:79:103728)
    at disposeZCodeAgentServiceAndWait (file:///E:/Xiadie/Xiadie/.runtime/P01/u10-candidate-06/packages/desktop/out/host/index.js:89:28784)
[2026-10-02 23:47:05.965] [error] [pid:47544] [main] [host-log] (local-1) [host] (node:47176) UnhandledPromiseRejectionWarning: Unhandled promise rejection. This error originated either by throwing inside of an async function without a catch block, or by rejecting a promise which was not handled with .catch(). To terminate the node process on unhandled promise rejection, use the CLI flag `--unhandled-rejections=strict` (see https://nodejs.org/api/cli.html#cli_unhandled_rejections_mode). (rejection id: 89)
[2026-10-02 23:47:05.965] [warn] [pid:47544] [main] [host-log] (local-1) [host] [2026-10-02 23:47:05.961] [pid:47176] [zcode-host] UnhandledPromiseRejectionWarning: Unhandled promise rejection. This error originated either by throwing inside of an async function without a catch block, or by rejecting a promise which was not handled with .catch(). To terminate the node process on unhandled promise rejection, use the CLI flag `--unhandled-rejections=strict` (see https://nodejs.org/api/cli.html#cli_unhandled_rejections_mode). (rejection id: 89)
[2026-10-02 23:47:05.965] [error] [pid:47544] [main] [host-log] (local-1) [host] (node:47176) PromiseRejectionHandledWarning: Promise rejection was handled asynchronously (rejection id: 87)
[2026-10-02 23:47:05.965] [warn] [pid:47544] [main] [host-log] (local-1) [host] [2026-10-02 23:47:05.961] [pid:47176] [zcode-host] PromiseRejectionHandledWarning: Promise rejection was handled asynchronously (rejection id: 87)
[2026-10-02 23:47:05.966] [error] [pid:47544] [main] [host-log] (local-1) [host] (node:47176) PromiseRejectionHandledWarning: Promise rejection was handled asynchronously (rejection id: 89)
[2026-10-02 23:47:05.966] [warn] [pid:47544] [main] [host-log] (local-1) [host] [2026-10-02 23:47:05.961] [pid:47176] [zcode-host] PromiseRejectionHandledWarning: Promise rejection was handled asynchronously (rejection id: 89)
[2026-10-02 23:47:05.966] [warn] [pid:47544] [main] [host-log] (local-1) [host] [2026-10-02 23:47:05.961] [pid:47176] [zcode-host] failed to forward attachment connection flow state {"state":"closed","message":"ZCode Protocol client disposed"}
[2026-10-02 23:47:05.967] [error] [pid:47544] [main] [host-log] (local-1) [host] (node:47176) PromiseRejectionHandledWarning: Promise rejection was handled asynchronously (rejection id: 88)
[2026-10-02 23:47:05.967] [warn] [pid:47544] [main] [host-log] (local-1) [host] [2026-10-02 23:47:05.962] [pid:47176] [zcode-host] PromiseRejectionHandledWarning: Promise rejection was handled asynchronously (rejection id: 88)
[2026-10-02 23:47:05.982] [info] [pid:47544] [main] [host-log] (local-1) [host] [2026-10-02 23:47:05.982] [pid:47176] [zcode-agent] ZCode agent process exited {"workspaceKey":"E:\\Xiadie\\Xiadie\\.runtime\\P01\\validation\\u11-final-01\\degradation\\scenarios\\offline\\profile\\workspace","pid":51292,"runtimeIdentity":"E:\\Xiadie\\Xiadie\\.runtime\\P01\\validation\\u11-final-01\\degradation\\scenarios\\offline\\profile\\workspace:1:51292","code":0,"signal":null,"terminationKind":"expected","terminationReason":"manager-dispose"}
[2026-10-02 23:47:05.983] [info] [pid:47544] [main] [host-log] (local-1) [host] [2026-10-02 23:47:05.983] [pid:47176] [zcode-agent] ZCode agent process cleanup completed {"workspaceKey":"E:\\Xiadie\\Xiadie\\.runtime\\P01\\validation\\u11-final-01\\degradation\\scenarios\\offline\\profile\\workspace","pid":51292,"runtimeIdentity":"E:\\Xiadie\\Xiadie\\.runtime\\P01\\validation\\u11-final-01\\degradation\\scenarios\\offline\\profile\\workspace:1:51292","reason":"manager-dispose"}
[2026-10-02 23:47:05.983] [info] [pid:47544] [main] [host-log] (local-1) [host] [2026-10-02 23:47:05.983] [pid:47176] [zcode-agent] ZCode agent process exited {"workspaceKey":"E:\\Xiadie\\Xiadie\\.runtime\\P01\\validation\\u11-final-01\\degradation\\scenarios\\offline\\profile\\data\\.zcode\\workspace\\default","pid":55680,"runtimeIdentity":"E:\\Xiadie\\Xiadie\\.runtime\\P01\\validation\\u11-final-01\\degradation\\scenarios\\offline\\profile\\data\\.zcode\\workspace\\default:1:55680","code":0,"signal":null,"terminationKind":"expected","terminationReason":"manager-dispose"}
[2026-10-02 23:47:05.984] [info] [pid:47544] [main] [host-log] (local-1) [host] [2026-10-02 23:47:05.983] [pid:47176] [zcode-agent] ZCode agent process cleanup completed {"workspaceKey":"E:\\Xiadie\\Xiadie\\.runtime\\P01\\validation\\u11-final-01\\degradation\\scenarios\\offline\\profile\\data\\.zcode\\workspace\\default","pid":55680,"runtimeIdentity":"E:\\Xiadie\\Xiadie\\.runtime\\P01\\validation\\u11-final-01\\degradation\\scenarios\\offline\\profile\\data\\.zcode\\workspace\\default:1:55680","reason":"manager-dispose"}
[2026-10-02 23:47:05.994] [info] [pid:47544] [main] [task-realtime] unregistered host {"hostId":"b9739e72-db91-44d7-b913-1f14ed90e608","windowId":1}
[2026-10-02 23:47:05.995] [info] [pid:47544] [main] [spawnHostProcess] host process (local-1) exited with code 0
[2026-10-02 23:47:07.465] [info] [pid:47544] [main] [app-quit] host process cleanup completed (app-before-quit)
[2026-10-02 23:47:07.466] [info] [pid:47544] [main] [app-quit] preparation finished, resuming quit with windows=1
[2026-10-02 23:47:07.473] [info] [pid:47544] [main] [createWindow] window closed, killing host process (local-1)
[2026-10-02 23:47:07.474] [info] [pid:47544] [main] [app-quit] all windows closed after preparation, exiting app
[2026-10-02 23:47:07.474] [info] [pid:47544] [main] [app-quit] exiting prepared app (all-windows-closed-after-preparation)
