[2026-10-02 19:05:41.784] [pid:47464] [settingService] write done
[2026-10-02 19:05:41.947] [pid:47464] [main] [open-folder] Windows Explorer 右键菜单已安装或更新 {
  executablePath: 'E:\\Xiadie\\Xiadie\\.runtime\\P01\\desktop-source\\node_modules\\electron\\dist\\electron.exe',
  hasDefaultAppEntry: true,
  locale: 'zh-CN'
}
[2026-10-02 19:05:41.950] [pid:47464] [main] [desktop-network] renderer proxy mode=direct bypass=disabled customCa=disabled insecureCerts=rejected
[2026-10-02 19:05:41.951] [pid:47464] [main] [desktop-network] renderer proxy mode=system bypass=disabled customCa=disabled insecureCerts=rejected
[2026-10-02 19:05:41.954] [pid:47464] [main] [auto-update] disabled for this desktop product flavor
[2026-10-02 19:05:41.970] [pid:47464] [main] [resource] sampling started interval=10000ms report=60000ms
[2026-10-02 19:05:41.971] [pid:47464] [main] [network] reporting started interval=60000ms
[2026-10-02 19:05:41.972] [pid:47464] [main] [force-update] Preview 跳过远端强制升级检查
[2026-10-02 19:05:41.972] [pid:47464] [main] [startup] 创建主窗口
[2026-10-02 19:05:41.973] [pid:47464] [main] [primary-window] creating main window (app-ready)
[2026-10-02 19:05:41.977] [pid:47464] [main] [startup-workspace] using explicit open workspace: E:\Xiadie\Xiadie\.runtime\P01\u08-no-key-1790939126108911100\workspace
[2026-10-02 19:05:43.165] [pid:47464] [main] [createWindow] dom-ready fired (local-1)
[2026-10-02 19:05:43.188] [pid:47464] [main] [desktop-context-prompt] first host spawn decision resolved { enabled: false, configVersion: undefined }
[2026-10-02 19:05:43.194] [pid:47464] [main] [spawnHostProcess] forked host process for (local-1), pid=undefined
[2026-10-02 19:05:43.194] [pid:47464] [main] [spawnHostProcess] host module path: E:\Xiadie\Xiadie\.runtime\P01\u08-desktop-06\packages\desktop\out\host\index.js
[2026-10-02 19:05:43.195] [pid:47464] [main] [spawnHostProcess] glm binary path: <not found>
[2026-10-02 19:05:43.195] [pid:47464] [main] [spawnHostProcess] BIGMODEL_OAUTH_APP_SECRET source: fallback
[2026-10-02 19:05:43.197] [pid:47464] [main] [task-realtime] registered host {
  hostId: '89a179e8-a644-4532-af22-f4e09d596d65',
  windowId: 1,
  workspaceKeyCount: 0,
  deliveryKind: 'desktop_window'
}
[2026-10-02 19:05:46.374] [pid:47464] [main] [stability] perf_app_start reported
[2026-10-02 19:05:46.549] [pid:47464] [main] [host-log] (local-1) [host] [2026-10-02 19:05:46.547] [pid:5668] [zcode-host] initializing local services
[2026-10-02 19:05:46.710] [pid:47464] [main] [host-log] (local-1) [host] [2026-10-02 19:05:46.707] [pid:5668] [cua-pip-session] [cua-pip-session] wiring resolved {"enabled":false,"platform":"win32","serviceAuthorityMode":"desktop-local","lifecycleWired":true}
[2026-10-02 19:05:46.719] [pid:47464] [main] [host-log] (local-1) [host] [2026-10-02 19:05:46.717] [pid:5668] [zcode-agent-service] 开始初始化 ZCode agent {"workspaceKey":"E:\\Xiadie\\Xiadie\\.runtime\\P01\\u08-no-key-1790939126108911100\\workspace","workspacePath":"E:\\Xiadie\\Xiadie\\.runtime\\P01\\u08-no-key-1790939126108911100\\workspace"}
[2026-10-02 19:05:46.721] [pid:47464] [main] [host-log] (local-1) [host] [2026-10-02 19:05:46.719] [pid:5668] [zcode-host] exposing services on ChannelServer...
[2026-10-02 19:05:46.722] [pid:47464] [main] [host-log] (local-1) [host] [2026-10-02 19:05:46.720] [pid:5668] [zcode-host] creating ChannelServer (deferInit=false)
[2026-10-02 19:05:46.723] [pid:47464] [main] [host-log] (local-1) [host] [2026-10-02 19:05:46.721] [pid:5668] [zcode-host] [rpc:register] channel "file"
[2026-10-02 19:05:46.724] [pid:47464] [main] [host-log] (local-1) [host] [2026-10-02 19:05:46.722] [pid:5668] [zcode-host] [rpc:register] channel "media-preview"
[2026-10-02 19:05:46.725] [pid:47464] [main] [host-log] (local-1) [host] [2026-10-02 19:05:46.722] [pid:5668] [zcode-host] [rpc:register] channel "git"
[2026-10-02 19:05:46.725] [pid:47464] [main] [host-log] (local-1) [host] [2026-10-02 19:05:46.722] [pid:5668] [zcode-host] [rpc:register] channel "git-checkpoint"
[2026-10-02 19:05:46.726] [pid:47464] [main] [host-log] (local-1) [host] [2026-10-02 19:05:46.722] [pid:5668] [zcode-host] [rpc:register] channel "system"
[2026-10-02 19:05:46.727] [pid:47464] [main] [host-log] (local-1) [host] [2026-10-02 19:05:46.722] [pid:5668] [zcode-host] [rpc:register] channel "terminal"
[2026-10-02 19:05:46.728] [pid:47464] [main] [host-log] (local-1) [host] [2026-10-02 19:05:46.722] [pid:5668] [zcode-host] [rpc:register] channel "setting"
[2026-10-02 19:05:46.729] [pid:47464] [main] [host-log] (local-1) [host] [2026-10-02 19:05:46.722] [pid:5668] [zcode-host] [rpc:register] channel "onboarding-record"
[2026-10-02 19:05:46.730] [pid:47464] [main] [host-log] (local-1) [host] [2026-10-02 19:05:46.722] [pid:5668] [zcode-host] [rpc:register] channel "credential"
[2026-10-02 19:05:46.731] [pid:47464] [main] [host-log] (local-1) [host] [2026-10-02 19:05:46.722] [pid:5668] [zcode-host] [rpc:register] channel "broadcast"
[2026-10-02 19:05:46.732] [pid:47464] [main] [host-log] (local-1) [host] [2026-10-02 19:05:46.723] [pid:5668] [zcode-host] [rpc:register] channel "zcode-task"
[2026-10-02 19:05:46.733] [pid:47464] [main] [host-log] (local-1) [host] [2026-10-02 19:05:46.723] [pid:5668] [zcode-host] [rpc:register] channel "zcode-agent"
[2026-10-02 19:05:46.733] [pid:47464] [main] [host-log] (local-1) [host] [2026-10-02 19:05:46.723] [pid:5668] [zcode-host] [rpc:register] channel "zcode-session"
[2026-10-02 19:05:46.734] [pid:47464] [main] [host-log] (local-1) [host] [2026-10-02 19:05:46.723] [pid:5668] [zcode-host] [rpc:register] channel "cua-permission"
[2026-10-02 19:05:46.735] [pid:47464] [main] [host-log] (local-1) [host] [2026-10-02 19:05:46.723] [pid:5668] [zcode-host] [rpc:register] channel "cua-pip-session"
[2026-10-02 19:05:46.736] [pid:47464] [main] [host-log] (local-1) [host] [2026-10-02 19:05:46.723] [pid:5668] [zcode-host] [rpc:register] channel "conversation-share"
[2026-10-02 19:05:46.737] [pid:47464] [main] [host-log] (local-1) [host] [2026-10-02 19:05:46.723] [pid:5668] [zcode-host] [rpc:register] channel "bots"
[2026-10-02 19:05:46.738] [pid:47464] [main] [host-log] (local-1) [host] [2026-10-02 19:05:46.723] [pid:5668] [zcode-host] [rpc:register] channel "file-watcher"
[2026-10-02 19:05:46.738] [pid:47464] [main] [host-log] (local-1) [host] [2026-10-02 19:05:46.723] [pid:5668] [zcode-host] [rpc:register] channel "oauth"
[2026-10-02 19:05:46.739] [pid:47464] [main] [host-log] (local-1) [host] [2026-10-02 19:05:46.723] [pid:5668] [zcode-host] [rpc:register] channel "usage-stats"
[2026-10-02 19:05:46.740] [pid:47464] [main] [host-log] (local-1) [host] [2026-10-02 19:05:46.723] [pid:5668] [zcode-host] [rpc:register] channel "coding-plan-subscription"
[2026-10-02 19:05:46.741] [pid:47464] [main] [host-log] (local-1) [host] [2026-10-02 19:05:46.723] [pid:5668] [zcode-host] [rpc:register] channel "client-config"
[2026-10-02 19:05:46.742] [pid:47464] [main] [host-log] (local-1) [host] [2026-10-02 19:05:46.724] [pid:5668] [zcode-host] [rpc:register] channel "client-scenes"
[2026-10-02 19:05:46.742] [pid:47464] [main] [host-log] (local-1) [host] [2026-10-02 19:05:46.724] [pid:5668] [zcode-host] [rpc:register] channel "off-peak-task"
[2026-10-02 19:05:46.743] [pid:47464] [main] [host-log] (local-1) [host] [2026-10-02 19:05:46.724] [pid:5668] [zcode-host] [rpc:register] channel "skills"
[2026-10-02 19:05:46.745] [pid:47464] [main] [host-log] (local-1) [host] [2026-10-02 19:05:46.724] [pid:5668] [zcode-host] [rpc:register] channel "skill-sync"
[2026-10-02 19:05:46.746] [pid:47464] [main] [host-log] (local-1) [host] [2026-10-02 19:05:46.724] [pid:5668] [zcode-host] [rpc:register] channel "mcp-sync"
[2026-10-02 19:05:46.747] [pid:47464] [main] [host-log] (local-1) [host] [2026-10-02 19:05:46.724] [pid:5668] [zcode-host] [rpc:register] channel "plugin-sync"
[2026-10-02 19:05:46.748] [pid:47464] [main] [host-log] (local-1) [host] [2026-10-02 19:05:46.724] [pid:5668] [zcode-host] [rpc:register] channel "plugins"
[2026-10-02 19:05:46.749] [pid:47464] [main] [host-log] (local-1) [host] [2026-10-02 19:05:46.724] [pid:5668] [zcode-host] [rpc:register] channel "plugin-management"
[2026-10-02 19:05:46.749] [pid:47464] [main] [host-log] (local-1) [host] [2026-10-02 19:05:46.724] [pid:5668] [zcode-host] [rpc:register] channel "subagents"
[2026-10-02 19:05:46.750] [pid:47464] [main] [host-log] (local-1) [host] [2026-10-02 19:05:46.724] [pid:5668] [zcode-host] [rpc:register] channel "commands"
[2026-10-02 19:05:46.751] [pid:47464] [main] [host-log] (local-1) [host] [2026-10-02 19:05:46.724] [pid:5668] [zcode-host] [rpc:register] channel "hooks"
[2026-10-02 19:05:46.752] [pid:47464] [main] [host-log] (local-1) [host] [2026-10-02 19:05:46.724] [pid:5668] [zcode-host] [rpc:register] channel "memory"
[2026-10-02 19:05:46.753] [pid:47464] [main] [host-log] (local-1) [host] [2026-10-02 19:05:46.724] [pid:5668] [zcode-host] [rpc:register] channel "settings-sync"
[2026-10-02 19:05:46.753] [pid:47464] [main] [host-log] (local-1) [host] [2026-10-02 19:05:46.724] [pid:5668] [zcode-host] [rpc:register] channel "feedback"
[2026-10-02 19:05:46.754] [pid:47464] [main] [host-log] (local-1) [host] [2026-10-02 19:05:46.724] [pid:5668] [zcode-host] [rpc:register] channel "prompt-attachment-transfer"
[2026-10-02 19:05:46.755] [pid:47464] [main] [host-log] (local-1) [host] [2026-10-02 19:05:46.724] [pid:5668] [zcode-host] [rpc:register] channel "provider-settings"
[2026-10-02 19:05:46.756] [pid:47464] [main] [host-log] (local-1) [host] [2026-10-02 19:05:46.724] [pid:5668] [zcode-host] [rpc:register] channel "model-selection"
[2026-10-02 19:05:46.757] [pid:47464] [main] [host-log] (local-1) [host] [2026-10-02 19:05:46.724] [pid:5668] [zcode-host] [rpc:register] channel "window-controller"
[2026-10-02 19:05:46.758] [pid:47464] [main] [host-log] (local-1) [host] [2026-10-02 19:05:46.724] [pid:5668] [zcode-host] service connection ready mode=desktop-continuous
[2026-10-02 19:05:46.759] [pid:47464] [main] [host-log] (local-1) [host] [2026-10-02 19:05:46.724] [pid:5668] [zcode-host] window Host topology, reason=base-attachment-ready, pid=5668, connections=0, logicalSessions=0, attachments=1
[2026-10-02 19:05:46.760] [pid:47464] [main] [host-log] (local-1) [host] [2026-10-02 19:05:46.724] [pid:5668] [zcode-host] local services ready, all channels registered
[2026-10-02 19:05:46.761] [pid:47464] [main] [database-startup] terminal {
  attemptId: 'f8efc876-31ab-45e6-a499-03b8ecbcf2b9',
  status: 'ready',
  durationMs: 2772,
  errorCode: undefined,
  disk: [
    {
      scopeId: 'df81e191609143170757a1d69e37b8a237e4ca4bd99588ddaf1f2f5467edaaaf',
      observedAvailableDropPeakBytes: 151552,
      minAvailableBytes: 274730467328,
      quality: 'complete',
      sampledAt: 1790939145973
    }
  ]
}
[2026-10-02 19:05:46.766] [pid:47464] [main] [cron-scheduler] forked scheduler process pid=undefined
[2026-10-02 19:05:46.776] [pid:47464] [main] [host-log] (local-1) [host] [2026-10-02 19:05:46.775] [pid:5668] [zcode-host] [rpc:listen] broadcast.onMessage subscribed
[2026-10-02 19:05:46.783] [pid:47464] [main] [host-log] (local-1) [host] [2026-10-02 19:05:46.783] [pid:5668] [zcode-host] [rpc:listen] zcode-agent.onDynamicCuaPermissionObservation subscribed
[2026-10-02 19:05:46.784] [pid:47464] [main] [host-log] (local-1) [host] [2026-10-02 19:05:46.784] [pid:5668] [zcode-host] [rpc:listen] model-selection.onDidChange subscribed
[2026-10-02 19:05:46.785] [pid:47464] [main] [task-realtime] updated host workspace scopes {
  hostId: '89a179e8-a644-4532-af22-f4e09d596d65',
  workspaceKeyCount: 0
}
[2026-10-02 19:05:46.830] [pid:47464] [main] [host-log] (local-1) [host] [2026-10-02 19:05:46.785] [pid:5668] [zcode-host] [rpc:listen] broadcast.onMessage subscribed
[2026-10-02 19:05:46.831] [pid:47464] [main] [host-log] (local-1) [host] [2026-10-02 19:05:46.785] [pid:5668] [zcode-host] [rpc:listen] provider-settings.onDidChange subscribed
[2026-10-02 19:05:46.832] [pid:47464] [main] [host-log] (local-1) [host] [2026-10-02 19:05:46.785] [pid:5668] [zcode-host] [rpc:listen] broadcast.onMessage subscribed
[2026-10-02 19:05:46.899] [pid:47464] [main] [host-log] (local-1) [host] [2026-10-02 19:05:46.789] [pid:5668] [zcode-host] [rpc:listen] provider-settings.onDidChange subscribed
[2026-10-02 19:05:46.901] [pid:47464] [main] [host-log] (local-1) [host] [2026-10-02 19:05:46.790] [pid:5668] [zcode-host] [rpc:listen] broadcast.onMessage subscribed
[2026-10-02 19:05:46.902] [pid:47464] [main] [host-log] (local-1) [host] [2026-10-02 19:05:46.790] [pid:5668] [zcode-host] [rpc:listen] broadcast.onMessage subscribed
[2026-10-02 19:05:46.903] [pid:47464] [main] [host-log] (local-1) [host] [2026-10-02 19:05:46.793] [pid:5668] [oauthService] restoreCachedSession skipped: no active provider
[2026-10-02 19:05:46.903] [pid:47464] [main] [host-log] (local-1) [host] [2026-10-02 19:05:46.794] [pid:5668] [zcode-host] [rpc:call] oauth.restoreCachedSessionState OK (4.6ms)
[2026-10-02 19:05:46.904] [pid:47464] [main] [host-log] (local-1) [host] [2026-10-02 19:05:46.795] [pid:5668] [zcode-host] [rpc:call] setting.get OK (10.9ms)
[2026-10-02 19:05:46.905] [pid:47464] [main] [host-log] (local-1) [host] [2026-10-02 19:05:46.802] [pid:5668] [zcode-host] [rpc:call] setting.get OK (16.9ms)
[2026-10-02 19:05:46.906] [pid:47464] [main] [host-log] (local-1) [host] [2026-10-02 19:05:46.802] [pid:5668] [zcode-host] [rpc:call] zcode-agent.syncAppRuntimePreferences OK (0.1ms)
[2026-10-02 19:05:46.906] [pid:47464] [main] [host-log] (local-1) [host] [2026-10-02 19:05:46.803] [pid:5668] [zcode-host] [rpc:call] bots.syncAppRuntimePreferences OK (0.1ms)
[2026-10-02 19:05:46.908] [pid:47464] [main] [host-log] (local-1) [host] [2026-10-02 19:05:46.805] [pid:5668] [zcode-host] [rpc:call] oauth.getActiveProvider OK (2.0ms)
[2026-10-02 19:05:46.909] [pid:47464] [main] [host-log] (local-1) [host] [2026-10-02 19:05:46.806] [pid:5668] [zcode-host] [rpc:call] setting.get OK (15.9ms)
[2026-10-02 19:05:46.911] [pid:47464] [main] [host-log] (local-1) [host] [2026-10-02 19:05:46.809] [pid:5668] [zcode-host] [rpc:call] coding-plan-subscription.getDynamicWorkflowClientConfig OK (25.5ms)
[2026-10-02 19:05:46.912] [pid:47464] [main] [host-log] (local-1) [host] [2026-10-02 19:05:46.815] [pid:5668] [zcode-host] [rpc:listen] zcode-agent.onDynamicCuaPermissionObservation subscribed
[2026-10-02 19:05:46.913] [pid:47464] [main] [host-log] (local-1) [host] [2026-10-02 19:05:46.816] [pid:5668] [zcode-host] [rpc:listen] broadcast.onMessage subscribed
[2026-10-02 19:05:46.914] [pid:47464] [main] [host-log] (local-1) [host] [2026-10-02 19:05:46.817] [pid:5668] [oauthService] restoreCachedSession skipped: no active provider
[2026-10-02 19:05:46.915] [pid:47464] [main] [host-log] (local-1) [host] [2026-10-02 19:05:46.817] [pid:5668] [zcode-host] [rpc:call] oauth.restoreCachedSessionState OK (1.4ms)
[2026-10-02 19:05:46.976] [pid:47464] [main] [open-folder] Windows Explorer 右键菜单已安装或更新 {
  executablePath: 'E:\\Xiadie\\Xiadie\\.runtime\\P01\\desktop-source\\node_modules\\electron\\dist\\electron.exe',
  hasDefaultAppEntry: true,
  locale: 'zh-CN'
}
[2026-10-02 19:05:47.020] [pid:47464] [main] [open-folder] Windows Explorer 右键菜单已安装或更新 {
  executablePath: 'E:\\Xiadie\\Xiadie\\.runtime\\P01\\desktop-source\\node_modules\\electron\\dist\\electron.exe',
  hasDefaultAppEntry: true,
  locale: 'en-US'
}
[2026-10-02 19:05:47.123] [pid:47464] [main] [cron-scheduler] scheduler process exited code=1
[2026-10-02 19:05:47.124] [pid:47464] [main] [host-log] (local-1) [host] [2026-10-02 19:05:47.121] [pid:5668] [provider-runtime][trace:Provider Registry 已就绪] {"configRevision":"[\"zcode-builtin:30:adcece415d176ba175634b43fc523a25dfe2bafc0bf5c5c9199990693d530342\",\"2915b997aefbd6c7fe8ccfc87153713dc11851987034eec5a515e9660ac81b0e\"]","providerCount":0}
[2026-10-02 19:05:47.125] [pid:47464] [main] [host-log] (local-1) [host] [2026-10-02 19:05:47.123] [pid:5668] [zcode-host] [rpc:call] provider-settings.getView OK (338.2ms)
[2026-10-02 19:05:47.126] [pid:47464] [main] [host-log] (local-1) [host] [2026-10-02 19:05:47.123] [pid:5668] [zcode-host] [rpc:call] provider-settings.getView OK (334.1ms)
[2026-10-02 19:05:47.134] [pid:47464] [main] [host-log] (local-1) [host] [2026-10-02 19:05:47.133] [pid:5668] [zcode-host] [rpc:call] credential.load OK (1.0ms)
[2026-10-02 19:05:47.136] [pid:47464] [main] [host-log] (local-1) [host] [2026-10-02 19:05:47.133] [pid:5668] [zcode-host] [rpc:call] credential.load OK (1.6ms)
[2026-10-02 19:05:47.137] [pid:47464] [main] [host-log] (local-1) [host] [2026-10-02 19:05:47.134] [pid:5668] [zcode-host] [rpc:call] model-selection.getView OK (349.3ms)
[2026-10-02 19:05:47.138] [pid:47464] [main] [host-log] (local-1) [host] [2026-10-02 19:05:47.134] [pid:5668] [zcode-agent-service] provider/model 尚未就绪，ZCode agent 保持未启动 {"providerCount":0,"revision":"model-selection:1","workspaceKey":"E:\\Xiadie\\Xiadie\\.runtime\\P01\\u08-no-key-1790939126108911100\\workspace","workspacePath":"E:\\Xiadie\\Xiadie\\.runtime\\P01\\u08-no-key-1790939126108911100\\workspace"}
[2026-10-02 19:05:47.139] [pid:47464] [main] [host-log] (local-1) [host] [2026-10-02 19:05:47.136] [pid:5668] [zcode-agent] ZCode agent command resolved {"workspaceKey":"E:\\Xiadie\\Xiadie\\.runtime\\P01\\u08-no-key-1790939126108911100\\workspace","command":"E:\\Xiadie\\Xiadie\\.runtime\\P01\\desktop-source\\node_modules\\electron\\dist\\electron.exe","effectiveCommand":"E:\\Xiadie\\Xiadie\\.runtime\\P01\\desktop-source\\node_modules\\electron\\dist\\electron.exe","resolveCommandDurationMs":1}
[2026-10-02 19:05:47.140] [pid:47464] [main] [host-log] (local-1) [host] [2026-10-02 19:05:47.137] [pid:5668] [zcode-host] [rpc:call] model-selection.getView OK (330.4ms)
[2026-10-02 19:05:47.143] [pid:47464] [main] [host-log] (local-1) [host] [2026-10-02 19:05:47.143] [pid:5668] [zcode-host] [rpc:call] oauth.getProviders OK (0.1ms)
[2026-10-02 19:05:47.145] [pid:47464] [main] [host-log] (local-1) [host] [2026-10-02 19:05:47.143] [pid:5668] [zcode-host] [rpc:call] oauth.getProviders OK (0.0ms)
[2026-10-02 19:05:47.146] [pid:47464] [main] [host-log] (local-1) [host] [2026-10-02 19:05:47.144] [pid:5668] [zcode-host] [rpc:call] setting.get OK (1.9ms)
[2026-10-02 19:05:47.149] [pid:47464] [main] [host-log] (local-1) [host] [2026-10-02 19:05:47.148] [pid:5668] [zcode-host] [rpc:call] oauth.getActiveProvider OK (3.1ms)
[2026-10-02 19:05:47.150] [pid:47464] [main] [host-log] (local-1) [host] [2026-10-02 19:05:47.149] [pid:5668] [zcode-host] [rpc:call] oauth.getActiveProvider OK (1.6ms)
[2026-10-02 19:05:47.172] [pid:47464] [main] [host-log] (local-1) [host] [2026-10-02 19:05:47.171] [pid:5668] [zcode-agent] ZCode agent spawn preflight {"workspaceKey":"E:\\Xiadie\\Xiadie\\.runtime\\P01\\u08-no-key-1790939126108911100\\workspace","spawnPreflight":{"command":"E:\\Xiadie\\Xiadie\\.runtime\\P01\\desktop-source\\node_modules\\electron\\dist\\electron.exe","args":["E:\\Xiadie\\Xiadie\\.runtime\\P01\\u08-desktop-06\\apps\\zcode-cli\\packages\\cli\\dist\\zcode.cjs","app-server","--stdio"],"requestedCwd":"E:\\Xiadie\\Xiadie\\.runtime\\P01\\u08-no-key-1790939126108911100\\workspace","cwd":"E:\\Xiadie\\Xiadie\\.runtime\\P01\\u08-no-key-1790939126108911100\\workspace","cwdSource":"command","commandPathKind":"absolute","commandExists":true,"cwdExists":true}}
[2026-10-02 19:05:47.196] [pid:47464] [main] [stability] perf_agent_start reported {
  pid: 2580,
  runtimeGeneration: 1,
  runtimeInstanceId: 'agent-dafe232f-23c9-4250-8ce3-4c2851a175b0'
}
[2026-10-02 19:05:47.197] [pid:47464] [main] [host-log] (local-1) [host] [2026-10-02 19:05:47.195] [pid:5668] [zcode-agent] ZCode agent process started {"workspaceKey":"E:\\Xiadie\\Xiadie\\.runtime\\P01\\u08-no-key-1790939126108911100\\workspace","command":"E:\\Xiadie\\Xiadie\\.runtime\\P01\\desktop-source\\node_modules\\electron\\dist\\electron.exe","cwd":"E:\\Xiadie\\Xiadie\\.runtime\\P01\\u08-no-key-1790939126108911100\\workspace","pid":2580,"durationMs":60}
[2026-10-02 19:05:47.200] [pid:47464] [main] [crash-capture] child-process-gone: {
  type: 'Utility',
  reason: 'killed',
  exitCode: 1,
  serviceName: 'node.mojom.NodeService',
  name: 'zcode-cron-scheduler'
}
[2026-10-02 19:05:47.201] [pid:47464] [main] [stability] perf_process_exit reported {
  exit_code: 1,
  exit_reason: 'killed',
  process_role: 'utility',
  exit_kind: 'normal',
  process_type: 'Utility',
  process_name: 'node.mojom.NodeService'
}
[2026-10-02 19:05:48.587] [pid:47464] [main] [host-log] (local-1) [host] [2026-10-02 19:05:48.586] [pid:5668] [zcode-agent-service] 为只读会话控制面启动 ZCode agent {"workspaceKey":"E:\\Xiadie\\Xiadie\\.runtime\\P01\\u08-no-key-1790939126108911100\\workspace","workspacePath":"E:\\Xiadie\\Xiadie\\.runtime\\P01\\u08-no-key-1790939126108911100\\workspace"}
[2026-10-02 19:05:48.588] [pid:47464] [main] [host-log] (local-1) [host] [2026-10-02 19:05:48.586] [pid:5668] [zcode-agent-service] ZCode agent 初始化完成 {"durationMs":1869,"transportKind":"stdio","workspaceKey":"E:\\Xiadie\\Xiadie\\.runtime\\P01\\u08-no-key-1790939126108911100\\workspace","workspacePath":"E:\\Xiadie\\Xiadie\\.runtime\\P01\\u08-no-key-1790939126108911100\\workspace"}
[2026-10-02 19:05:48.589] [pid:47464] [main] [host-log] (local-1) [host] [2026-10-02 19:05:48.586] [pid:5668] [zcode-host] ZCode agent warmup ready (local host init (1/1)) workspace=E:\Xiadie\Xiadie\.runtime\P01\u08-no-key-1790939126108911100\workspace transport=stdio
[2026-10-02 19:05:50.755] [pid:47464] [main] [host-log] (local-1) [host] [2026-10-02 19:05:50.755] [pid:5668] [settingService] writing settings to: E:\Xiadie\Xiadie\.runtime\P01\u08-no-key-1790939126108911100\home\.zcode\v2\setting.json {"recentProjects":[],"locale":"zh-CN","localePreference":"en-US","terminalInheritSystemProfile":true,"embeddedBrowserAllowInsecureCertificates":false,"embeddedBrowserViewportPreference":{"mode":"normal","viewport":{"width":393,"height":852},"zoom":"fit"},"computerUseComposerEntryHidden":true,"taskAutoArchiveEnabled":false,"taskAutoArchiveOlderThanDays":7,"closeToTrayOnWindows":true,"closeToTrayOnWindowsMigrationInitialized":true,"keepAwakeWhileRunning":false,"desktopChromiumHardwareAccelerationEnabled":false,"messageStreamShowReasoning":true,"messageStreamShowReasoningMigrationInitialized":true,"messageStreamShowTodos":false,"toolGroupingExploreEnabled":true,"toolGroupingTerminalEnabled":true,"toolGroupingChangesEnabled":false,"zcodeInteractionBehavior":"queue","askUserQuestionAutoResolutionEnabled":true,"modelIoFullRetentionEnabled":false,"startPlanRecommendationDismissed":false,"providerFamilyConnectionSelections":{},"providerFamilyDomain":"zai","providerFamilyDomainUpdatedAt":1790939150750,"providerFamilyDomainMigrated":true,"nativeSearchEnhancementsEnabled":true,"memoryEnabled":false,"lastWorkspaceSession":[],"lastActiveTabIndex":0,"receivePreviewUpdates":false,"autoDownloadAndInstallUpdates":false,"skippedElectronUpdateVersions":{}}
[2026-10-02 19:05:50.762] [pid:47464] [main] [host-log] (local-1) [host] [2026-10-02 19:05:50.762] [pid:5668] [settingService] write done
[2026-10-02 19:05:50.763] [pid:47464] [main] [host-log] (local-1) [host] [2026-10-02 19:05:50.762] [pid:5668] [zcode-host] [rpc:call] setting.update OK (12.2ms)
[2026-10-02 19:05:50.809] [pid:47464] [main] [host-log] (local-1) [host] [2026-10-02 19:05:50.808] [pid:5668] [zcode-host] [rpc:call] setting.get OK (1.0ms)
[2026-10-02 19:05:50.811] [pid:47464] [main] [host-log] (local-1) [host] [2026-10-02 19:05:50.811] [pid:5668] [zcode-host] [rpc:call] file.ensureConversationWorkspace OK (1.1ms)
[2026-10-02 19:05:50.813] [pid:47464] [main] [task-realtime] updated host workspace scopes {
  hostId: '89a179e8-a644-4532-af22-f4e09d596d65',
  workspaceKeyCount: 1
}
[2026-10-02 19:05:50.818] [pid:47464] [main] [host-log] (local-1) [host] [2026-10-02 19:05:50.818] [pid:5668] [zcode-host] [rpc:call] setting.get OK (1.5ms)
[2026-10-02 19:05:50.821] [pid:47464] [main] [host-log] (local-1) [host] [2026-10-02 19:05:50.820] [pid:5668] [zcode-host] [rpc:call] file.ensureConversationWorkspace OK (1.7ms)
[2026-10-02 19:05:50.824] [pid:47464] [main] [task-realtime] updated host workspace scopes {
  hostId: '89a179e8-a644-4532-af22-f4e09d596d65',
  workspaceKeyCount: 1
}
[2026-10-02 19:05:50.828] [pid:47464] [main] [task-realtime] updated host workspace scopes {
  hostId: '89a179e8-a644-4532-af22-f4e09d596d65',
  workspaceKeyCount: 2
}
[2026-10-02 19:05:50.829] [pid:47464] [main] [host-log] (local-1) [host] [2026-10-02 19:05:50.827] [pid:5668] [zcode-host] [rpc:call] onboarding-record.claimAnonymousRecord OK (0.4ms)
[2026-10-02 19:05:50.837] [pid:47464] [main] [host-log] (local-1) [host] [2026-10-02 19:05:50.827] [pid:5668] [zcode-host] [rpc:call] setting.get OK (1.3ms)
[2026-10-02 19:05:50.840] [pid:47464] [main] [host-log] (local-1) [host] [2026-10-02 19:05:50.828] [pid:5668] [zcode-host] [rpc:call] onboarding-record.getLatestEntry OK (1.0ms)
[2026-10-02 19:05:50.841] [pid:47464] [main] [host-log] (local-1) [host] [2026-10-02 19:05:50.835] [pid:5668] [zcode-host] [rpc:call] onboarding-record.shouldOnboard OK (6.6ms)
[2026-10-02 19:05:50.881] [pid:47464] [renderer] v4 conversation frame upstream attached {
  workspaceKey: 'E:\\Xiadie\\Xiadie\\.runtime\\P01\\u08-no-key-1790939126108911100\\workspace',
  workspacePath: 'E:\\Xiadie\\Xiadie\\.runtime\\P01\\u08-no-key-1790939126108911100\\workspace',
  event: 'v4.conversation.frames.upstream_attached',
  listenerCount: 1,
  module: 'ui.v4.conversation_transport',
  runtimeGeneration: 0,
  status: 'completed'
}
[2026-10-02 19:05:50.882] [pid:47464] [renderer] v4 workspace connection created {
  event: 'v4.workspace_connection.created',
  isRemote: false,
  key: '__base__ E:\\Xiadie\\Xiadie\\.runtime\\P01\\u08-no-key-1790939126108911100\\workspace',
  module: 'ui.v4.workspace_connection_registry',
  refCount: 1,
  serviceGeneration: 1,
  status: 'completed'
}
[2026-10-02 19:05:50.883] [pid:47464] [main] [host-log] (local-1) [host] [2026-10-02 19:05:50.881] [pid:5668] [zcode-host] [rpc:listen] zcode-agent.onDynamicLocalTtftFacts subscribed
[2026-10-02 19:05:50.884] [pid:47464] [main] [host-log] (local-1) [host] [2026-10-02 19:05:50.882] [pid:5668] [zcode-host] [rpc:listen] zcode-agent.onDynamicConversationFrame subscribed
[2026-10-02 19:05:50.987] [pid:47464] [main] [host-log] (local-1) [host] [2026-10-02 19:05:50.986] [pid:5668] [zcode-host] [rpc:listen] window-controller.onDynamicControllerFrame subscribed
[2026-10-02 19:05:50.987] [pid:47464] [main] [host-log] (local-1) [host] [2026-10-02 19:05:50.986] [pid:5668] [zcode-host] [rpc:call] window-controller.subscribeControllerV4 OK (0.2ms)
[2026-10-02 19:05:50.988] [pid:47464] [main] [host-log] (local-1) [host] [2026-10-02 19:05:50.986] [pid:5668] [zcode-host] [rpc:call] window-controller.subscribeControllerV4 OK (0.1ms)
[2026-10-02 19:05:50.989] [pid:47464] [main] [host-log] (local-1) [host] [2026-10-02 19:05:50.989] [pid:5668] [zcode-host] [rpc:call] window-controller.listTaskList OK (0.1ms)
[2026-10-02 19:05:50.990] [pid:47464] [main] [host-log] (local-1) [host] [2026-10-02 19:05:50.989] [pid:5668] [zcode-host] [rpc:listen] zcode-agent.onDynamicSessionsIndexFrame subscribed
[2026-10-02 19:05:50.990] [pid:47464] [main] [host-log] (local-1) [host] [2026-10-02 19:05:50.989] [pid:5668] [zcode-host] [rpc:listen] zcode-agent.onAgentRuntimeLifecycle subscribed
[2026-10-02 19:05:50.991] [pid:47464] [main] [host-log] (local-1) [host] [2026-10-02 19:05:50.989] [pid:5668] [zcode-host] [rpc:call] zcode-agent.helloConversationV4 OK (0.1ms)
[2026-10-02 19:05:50.991] [pid:47464] [main] [host-log] (local-1) [host] [2026-10-02 19:05:50.990] [pid:5668] [zcode-host] [rpc:call] zcode-task.listPinnedTaskIds OK (0.2ms)
[2026-10-02 19:05:50.991] [pid:47464] [main] [host-log] (local-1) [host] [2026-10-02 19:05:50.990] [pid:5668] [zcode-host] [rpc:call] zcode-task.listArchivedTasks OK (0.1ms)
[2026-10-02 19:05:50.992] [pid:47464] [main] [host-log] (local-1) [host] [2026-10-02 19:05:50.991] [pid:5668] [zcode-host] [rpc:call] zcode-task.listTasks OK (0.4ms)
[2026-10-02 19:05:50.993] [pid:47464] [main] [host-log] (local-1) [host] [2026-10-02 19:05:50.991] [pid:5668] [zcode-host] [rpc:call] zcode-task.listPinnedTasks OK (0.1ms)
[2026-10-02 19:05:50.993] [pid:47464] [main] [host-log] (local-1) [host] [2026-10-02 19:05:50.992] [pid:5668] [zcode-host] [rpc:call] zcode-task.listDeletedTaskIds OK (0.2ms)
[2026-10-02 19:05:50.994] [pid:47464] [main] [host-log] (local-1) [host] [2026-10-02 19:05:50.992] [pid:5668] [zcode-host] [rpc:listen] zcode-task.onDynamicWorkspaceEvent subscribed
[2026-10-02 19:05:50.994] [pid:47464] [main] [host-log] (local-1) [host] [2026-10-02 19:05:50.994] [pid:5668] [zcode-host] [rpc:call] window-controller.listTaskList OK (7.4ms)
[2026-10-02 19:05:50.995] [pid:47464] [main] [host-log] (local-1) [host] [2026-10-02 19:05:50.994] [pid:5668] [zcode-host] [rpc:listen] zcode-agent.onAgentRuntimeLifecycle subscribed
[2026-10-02 19:05:50.996] [pid:47464] [main] [host-log] (local-1) [host] [2026-10-02 19:05:50.994] [pid:5668] [zcode-host] [rpc:call] setting.get OK (8.3ms)
[2026-10-02 19:05:50.996] [pid:47464] [main] [host-log] (local-1) [host] [2026-10-02 19:05:50.995] [pid:5668] [zcode-host] [rpc:call] system.info OK (0.1ms)
[2026-10-02 19:05:50.997] [pid:47464] [main] [host-log] (local-1) [host] [2026-10-02 19:05:50.995] [pid:5668] [zcode-host] [rpc:listen] model-selection.onDidChange subscribed
[2026-10-02 19:05:50.997] [pid:47464] [main] [host-log] (local-1) [host] [2026-10-02 19:05:50.995] [pid:5668] [zcode-host] [rpc:listen] model-selection.onDidChange subscribed
[2026-10-02 19:05:50.998] [pid:47464] [main] [host-log] (local-1) [host] [2026-10-02 19:05:50.996] [pid:5668] [zcode-host] [rpc:call] model-selection.getView OK (0.7ms)
[2026-10-02 19:05:50.998] [pid:47464] [main] [host-log] (local-1) [host] [2026-10-02 19:05:50.996] [pid:5668] [zcode-host] [rpc:listen] zcode-agent.onDynamicConversationTelemetryFact subscribed
[2026-10-02 19:05:50.999] [pid:47464] [main] [host-log] (local-1) [host] [2026-10-02 19:05:50.997] [pid:5668] [zcode-host] [rpc:call] model-selection.getView OK (1.2ms)
[2026-10-02 19:05:51.001] [pid:47464] [main] [host-log] (local-1) [host] [2026-10-02 19:05:51.001] [pid:5668] [zcode-host] [rpc:call] off-peak-task.list OK (0.9ms)
[2026-10-02 19:05:51.013] [pid:47464] [main] [host-log] (local-1) [host] [2026-10-02 19:05:51.012] [pid:5668] [zcode-host] [rpc:call] settings-sync.getFirstRunPromptState OK (1.1ms)
[2026-10-02 19:05:51.016] [pid:47464] [main] [host-log] (local-1) [host] [2026-10-02 19:05:51.016] [pid:5668] [zcode-host] [rpc:call] subagents.list OK (23.7ms)
[2026-10-02 19:05:51.058] [pid:47464] [main] [host-log] (local-1) [host] [2026-10-02 19:05:51.057] [pid:5668] [zcode-host] [rpc:call] window-controller.listTaskList OK (0.1ms)
[2026-10-02 19:05:51.059] [pid:47464] [main] [host-log] (local-1) [host] [2026-10-02 19:05:51.057] [pid:5668] [zcode-host] [rpc:call] window-controller.listTaskList OK (0.0ms)
[2026-10-02 19:05:51.060] [pid:47464] [main] [host-log] (local-1) [host] [2026-10-02 19:05:51.060] [pid:5668] [zcode-host] [rpc:call] zcode-agent.initializeConversationV4 OK (0.6ms)
[2026-10-02 19:05:51.064] [pid:47464] [main] [host-log] (local-1) [host] [2026-10-02 19:05:51.063] [pid:5668] [zcode-host] [rpc:call] window-controller.listTaskList OK (0.1ms)
[2026-10-02 19:05:51.077] [pid:47464] [main] [host-log] (local-1) [host] [2026-10-02 19:05:51.077] [pid:5668] [zcode-host] [rpc:call] settings-sync.detect OK (0.1ms)
[2026-10-02 19:05:51.101] [pid:47464] [main] [host-log] (local-1) [host] [2026-10-02 19:05:51.100] [pid:5668] [settingService] writing settings to: E:\Xiadie\Xiadie\.runtime\P01\u08-no-key-1790939126108911100\home\.zcode\v2\setting.json {"recentProjects":[],"locale":"zh-CN","localePreference":"en-US","terminalInheritSystemProfile":true,"embeddedBrowserAllowInsecureCertificates":false,"embeddedBrowserViewportPreference":{"mode":"normal","viewport":{"width":393,"height":852},"zoom":"fit"},"computerUseComposerEntryHidden":true,"taskAutoArchiveEnabled":false,"taskAutoArchiveOlderThanDays":7,"closeToTrayOnWindows":true,"closeToTrayOnWindowsMigrationInitialized":true,"keepAwakeWhileRunning":false,"desktopChromiumHardwareAccelerationEnabled":false,"messageStreamShowReasoning":true,"messageStreamShowReasoningMigrationInitialized":true,"messageStreamShowTodos":false,"toolGroupingExploreEnabled":true,"toolGroupingTerminalEnabled":true,"toolGroupingChangesEnabled":false,"zcodeInteractionBehavior":"queue","askUserQuestionAutoResolutionEnabled":true,"modelIoFullRetentionEnabled":false,"startPlanRecommendationDismissed":false,"providerFamilyConnectionSelections":{},"providerFamilyDomain":"zai","providerFamilyDomainUpdatedAt":1790939150750,"providerFamilyDomainMigrated":true,"nativeSearchEnhancementsEnabled":true,"memoryEnabled":false,"lastWorkspaceSession":[],"lastActiveTabIndex":0,"receivePreviewUpdates":false,"autoDownloadAndInstallUpdates":false,"skippedElectronUpdateVersions":{},"settingsSyncFirstRunPromptHandled":true}
[2026-10-02 19:05:51.102] [pid:47464] [main] [host-log] (local-1) [host] [2026-10-02 19:05:51.102] [pid:5668] [zcode-host] [rpc:call] zcode-agent.subscribeSessionsIndexV4 OK (3.9ms)
[2026-10-02 19:05:51.117] [pid:47464] [main] [host-log] (local-1) [host] [2026-10-02 19:05:51.116] [pid:5668] [settingService] write done
[2026-10-02 19:05:51.118] [pid:47464] [main] [host-log] (local-1) [host] [2026-10-02 19:05:51.117] [pid:5668] [zcode-host] [rpc:call] settings-sync.markFirstRunPromptHandled OK (18.4ms)
[2026-10-02 19:05:51.180] [pid:47464] [main] [host-log] (local-1) [host] [2026-10-02 19:05:51.179] [pid:5668] [zcode-host] [rpc:call] system.info OK (0.0ms)
[2026-10-02 19:05:51.181] [pid:47464] [main] [task-realtime] updated host workspace scopes {
  hostId: '89a179e8-a644-4532-af22-f4e09d596d65',
  workspaceKeyCount: 2
}
[2026-10-02 19:05:51.182] [pid:47464] [main] [host-log] (local-1) [host] [2026-10-02 19:05:51.180] [pid:5668] [zcode-host] [rpc:call] setting.get OK (1.6ms)
[2026-10-02 19:05:51.183] [pid:47464] [main] [host-log] (local-1) [host] [2026-10-02 19:05:51.181] [pid:5668] [zcode-host] [rpc:call] setting.get OK (1.4ms)
[2026-10-02 19:05:51.276] [pid:47464] [main] [host-log] (local-1) [host] [2026-10-02 19:05:51.276] [pid:5668] [zcode-host] [rpc:call] system.listIntegratedTerminalShells OK (0.4ms)
[2026-10-02 19:05:51.323] [pid:47464] [main] [host-log] (local-1) [host] [2026-10-02 19:05:51.322] [pid:5668] [zcode-host] [rpc:call] git.refresh OK (320.5ms)
[2026-10-02 19:05:51.442] [pid:47464] [main] [host-log] (local-1) [host] [2026-10-02 19:05:51.441] [pid:5668] [settingService] writing settings to: E:\Xiadie\Xiadie\.runtime\P01\u08-no-key-1790939126108911100\home\.zcode\v2\setting.json {"recentProjects":[],"locale":"zh-CN","localePreference":"en-US","terminalInheritSystemProfile":true,"embeddedBrowserAllowInsecureCertificates":false,"embeddedBrowserViewportPreference":{"mode":"normal","viewport":{"width":393,"height":852},"zoom":"fit"},"computerUseComposerEntryHidden":true,"taskAutoArchiveEnabled":false,"taskAutoArchiveOlderThanDays":7,"closeToTrayOnWindows":true,"closeToTrayOnWindowsMigrationInitialized":true,"keepAwakeWhileRunning":false,"desktopChromiumHardwareAccelerationEnabled":false,"messageStreamShowReasoning":true,"messageStreamShowReasoningMigrationInitialized":true,"messageStreamShowTodos":false,"toolGroupingExploreEnabled":true,"toolGroupingTerminalEnabled":true,"toolGroupingChangesEnabled":false,"zcodeInteractionBehavior":"queue","askUserQuestionAutoResolutionEnabled":true,"modelIoFullRetentionEnabled":false,"startPlanRecommendationDismissed":false,"providerFamilyConnectionSelections":{},"providerFamilyDomain":"zai","providerFamilyDomainUpdatedAt":1790939150750,"providerFamilyDomainMigrated":true,"nativeSearchEnhancementsEnabled":true,"memoryEnabled":false,"lastWorkspaceSession":[{"kind":"local","workspacePath":"E:\\Xiadie\\Xiadie\\.runtime\\P01\\u08-no-key-1790939126108911100\\workspace","workspacePurpose":"project"},{"kind":"local","workspacePath":"E:\\Xiadie\\Xiadie\\.runtime\\P01\\u08-no-key-1790939126108911100\\data\\.zcode\\workspace\\default","workspacePurpose":"conversation"}],"lastActiveTabIndex":0,"receivePreviewUpdates":false,"autoDownloadAndInstallUpdates":false,"skippedElectronUpdateVersions":{},"settingsSyncFirstRunPromptHandled":true}
[2026-10-02 19:05:51.448] [pid:47464] [main] [host-log] (local-1) [host] [2026-10-02 19:05:51.447] [pid:5668] [settingService] write done
[2026-10-02 19:05:51.449] [pid:47464] [main] [host-log] (local-1) [host] [2026-10-02 19:05:51.448] [pid:5668] [zcode-host] [rpc:call] setting.update OK (8.2ms)
[2026-10-02 19:05:52.805] [pid:47464] [main] [host-log] (local-1) [host] [2026-10-02 19:05:52.805] [pid:5668] [zcode-host] [rpc:call] system.info OK (0.1ms)
[2026-10-02 19:05:52.807] [pid:47464] [main] [host-log] (local-1) [host] [2026-10-02 19:05:52.806] [pid:5668] [zcode-host] [rpc:call] file-watcher.watch OK (1.0ms)
[2026-10-02 19:05:52.807] [pid:47464] [main] [host-log] (local-1) [host] [2026-10-02 19:05:52.807] [pid:5668] [zcode-host] [rpc:call] file-watcher.watch OK (0.3ms)
[2026-10-02 19:05:52.865] [pid:47464] [main] [host-log] (local-1) [host] [2026-10-02 19:05:52.865] [pid:5668] [zcode-host] [rpc:listen] file-watcher.onDynamicChange subscribed
[2026-10-02 19:05:52.866] [pid:47464] [main] [host-log] (local-1) [host] [2026-10-02 19:05:52.865] [pid:5668] [zcode-host] [rpc:listen] file-watcher.onDynamicChange subscribed
[2026-10-02 19:05:52.867] [pid:47464] [main] [host-log] (local-1) [host] [2026-10-02 19:05:52.866] [pid:5668] [zcode-host] [rpc:call] file-watcher.unwatch OK (0.2ms)
[2026-10-02 19:05:52.868] [pid:47464] [main] [host-log] (local-1) [host] [2026-10-02 19:05:52.866] [pid:5668] [zcode-host] [rpc:call] file-watcher.unwatch OK (0.0ms)
[2026-10-02 19:05:52.868] [pid:47464] [main] [host-log] (local-1) [host] [2026-10-02 19:05:52.867] [pid:5668] [zcode-host] [rpc:call] file-watcher.watch OK (0.6ms)
[2026-10-02 19:05:52.869] [pid:47464] [main] [host-log] (local-1) [host] [2026-10-02 19:05:52.867] [pid:5668] [zcode-host] [rpc:call] file-watcher.watch OK (0.3ms)
[2026-10-02 19:05:52.869] [pid:47464] [main] [host-log] (local-1) [host] [2026-10-02 19:05:52.868] [pid:5668] [zcode-host] [rpc:call] file-watcher.watch OK (0.3ms)
[2026-10-02 19:05:52.870] [pid:47464] [main] [host-log] (local-1) [host] [2026-10-02 19:05:52.868] [pid:5668] [zcode-host] [rpc:listen] file-watcher.onDynamicChange subscribed
[2026-10-02 19:05:52.870] [pid:47464] [main] [host-log] (local-1) [host] [2026-10-02 19:05:52.868] [pid:5668] [zcode-host] [rpc:listen] file-watcher.onDynamicChange subscribed
[2026-10-02 19:05:52.871] [pid:47464] [main] [host-log] (local-1) [host] [2026-10-02 19:05:52.868] [pid:5668] [zcode-host] [rpc:listen] file-watcher.onDynamicChange subscribed
[2026-10-02 19:05:53.100] [pid:47464] [main] [host-log] (local-1) [host] [2026-10-02 19:05:53.100] [pid:5668] [settingService] writing settings to: E:\Xiadie\Xiadie\.runtime\P01\u08-no-key-1790939126108911100\home\.zcode\v2\setting.json {"recentProjects":[],"locale":"zh-CN","localePreference":"en-US","terminalInheritSystemProfile":true,"embeddedBrowserAllowInsecureCertificates":false,"embeddedBrowserViewportPreference":{"mode":"normal","viewport":{"width":393,"height":852},"zoom":"fit"},"computerUseComposerEntryHidden":true,"taskAutoArchiveEnabled":false,"taskAutoArchiveOlderThanDays":7,"closeToTrayOnWindows":true,"closeToTrayOnWindowsMigrationInitialized":true,"keepAwakeWhileRunning":false,"desktopChromiumHardwareAccelerationEnabled":false,"messageStreamShowReasoning":true,"messageStreamShowReasoningMigrationInitialized":true,"messageStreamShowTodos":false,"toolGroupingExploreEnabled":true,"toolGroupingTerminalEnabled":true,"toolGroupingChangesEnabled":false,"zcodeInteractionBehavior":"queue","askUserQuestionAutoResolutionEnabled":true,"modelIoFullRetentionEnabled":false,"startPlanRecommendationDismissed":false,"providerFamilyConnectionSelections":{},"providerFamilyDomain":"zai","providerFamilyDomainUpdatedAt":1790939150750,"providerFamilyDomainMigrated":true,"nativeSearchEnhancementsEnabled":true,"memoryEnabled":false,"lastWorkspaceSession":[{"kind":"local","workspacePath":"E:\\Xiadie\\Xiadie\\.runtime\\P01\\u08-no-key-1790939126108911100\\workspace","workspacePurpose":"project"},{"kind":"local","workspacePath":"E:\\Xiadie\\Xiadie\\.runtime\\P01\\u08-no-key-1790939126108911100\\data\\.zcode\\workspace\\default","workspacePurpose":"conversation"}],"lastActiveTabIndex":0,"receivePreviewUpdates":false,"autoDownloadAndInstallUpdates":false,"skippedElectronUpdateVersions":{},"settingsSyncFirstRunPromptHandled":true}
[2026-10-02 19:05:53.105] [pid:47464] [main] [host-log] (local-1) [host] [2026-10-02 19:05:53.105] [pid:5668] [settingService] write done
[2026-10-02 19:05:53.106] [pid:47464] [main] [host-log] (local-1) [host] [2026-10-02 19:05:53.105] [pid:5668] [zcode-host] [rpc:call] setting.update OK (6.1ms)
[2026-10-02 19:05:55.043] [pid:47464] [main] [host-log] (local-1) [host] [2026-10-02 19:05:54.839] [pid:5668] [zcode-host] [rpc:call] zcode-task.getTaskSessionFilePath OK (0.1ms)
[2026-10-02 19:05:55.044] [pid:47464] [renderer] v4 conversation store connect started {
  event: 'v4.conversation.store.connect.started',
  generation: 1,
  hasBase: false,
  module: 'ui.v4.conversation_projection_store',
  status: 'started',
  topic: 'conversation/9e49648f-a3a2-4e6d-9c73-dca6cbd02fa4'
}
[2026-10-02 19:05:55.045] [pid:47464] [renderer] v4 conversation subscription started {
  workspaceKey: 'E:\\Xiadie\\Xiadie\\.runtime\\P01\\u08-no-key-1790939126108911100\\workspace',
  workspacePath: 'E:\\Xiadie\\Xiadie\\.runtime\\P01\\u08-no-key-1790939126108911100\\workspace',
  event: 'v4.conversation.subscribe.started',
  module: 'ui.v4.conversation_transport',
  runtimeGeneration: 0,
  sessionId: '9e49648f-a3a2-4e6d-9c73-dca6cbd02fa4',
  status: 'started',
  topic: 'conversation/9e49648f-a3a2-4e6d-9c73-dca6cbd02fa4'
}
[2026-10-02 19:05:55.046] [pid:47464] [renderer] v4 session data lease acquired {
  event: 'v4.session_data.acquire',
  keepWarm: false,
  module: 'ui.v4.session_data_layer',
  openKind: 'cold',
  refCount: 1,
  sessionId: '9e49648f-a3a2-4e6d-9c73-dca6cbd02fa4',
  status: 'completed',
  topic: 'conversation/9e49648f-a3a2-4e6d-9c73-dca6cbd02fa4'
}
[2026-10-02 19:05:55.047] [pid:47464] [main] [host-log] (local-1) [host] [2026-10-02 19:05:54.840] [pid:5668] [zcode-host] [rpc:call] zcode-task.getTaskNativeSessionLogFile OK (0.3ms)
[2026-10-02 19:05:55.048] [pid:47464] [main] [host-log] (local-1) [host] [2026-10-02 19:05:54.840] [pid:5668] [zcode-agent-service] 开始请求 ZCode Protocol workspace/readPresentation {"workspaceKey":"E:\\Xiadie\\Xiadie\\.runtime\\P01\\u08-no-key-1790939126108911100\\workspace","workspacePath":"E:\\Xiadie\\Xiadie\\.runtime\\P01\\u08-no-key-1790939126108911100\\workspace"}
[2026-10-02 19:05:55.049] [pid:47464] [main] [host-log] (local-1) [host] [2026-10-02 19:05:54.840] [pid:5668] [zcode-host] [rpc:listen] zcode-agent.onAgentRuntimeRestarted subscribed
[2026-10-02 19:05:55.050] [pid:47464] [main] [host-log] (local-1) [host] [2026-10-02 19:05:54.841] [pid:5668] [zcode-host] [rpc:call] zcode-task.getTaskNativeSessionLogFile OK (0.2ms)
[2026-10-02 19:05:55.050] [pid:47464] [main] [host-log] (local-1) [host] [2026-10-02 19:05:54.841] [pid:5668] [zcode-host] [rpc:call] zcode-task.getTaskSessionFilePath OK (0.0ms)
[2026-10-02 19:05:55.051] [pid:47464] [main] [host-log] (local-1) [host] [2026-10-02 19:05:54.873] [pid:5668] [zcode-agent-service] account provider config 已交付到 ZCode agent {"providerCount":8,"reason":"workspace_read_presentation","receivedRevision":"account:[\"zcode-builtin:30:adcece415d176ba175634b43fc523a25dfe2bafc0bf5c5c9199990693d530342\",[{\"providerId\":\"account:zai-individual-coding-plan\",\"config\":{\"access\":{\"type\":\"zhipu-account\",\"entitled\":false}}},{\"providerId\":\"account:zai-team-coding-plan\",\"config\":{\"access\":{\"type\":\"zhipu-account\",\"entitled\":false}}},{\"providerId\":\"account:zai-start-plan\",\"config\":{\"access\":{\"type\":\"zhipu-account\",\"entitled\":false}}},{\"providerId\":\"account:bigmodel-individual-coding-plan\",\"config\":{\"access\":{\"type\":\"zhipu-account\",\"entitled\":false}}},{\"providerId\":\"account:bigmodel-team-coding-plan\",\"config\":{\"access\":{\"type\":\"zhipu-account\",\"entitled\":false}}},{\"providerId\":\"account:bigmodel-start-plan\",\"config\":{\"access\":{\"type\":\"zhipu-account\",\"entitled\":false}}},{\"providerId\":\"account:zai-offpeak-idle-plan\",\"config\":{\"access\":{\"type\":\"zhipu-account\",\"entitled\":false}}},{\"providerId\":\"account:bigmodel-offpeak-idle-plan\",\"config\":{\"access\":{\"type\":\"zhipu-account\",\"entitled\":false}}}],{\"account:zai-individual-coding-plan\":{\"availability\":\"unavailable\",\"entitled\":false,\"unavailableReason\":\"not-connected\",\"current\":false,\"connectionKey\":\"41717a7a173a5e88981ed3b30d6c754715277dce3b302a8e7b1386cdf57b9b4c\"},\"account:zai-team-coding-plan\":{\"availability\":\"unavailable\",\"entitled\":false,\"unavailableReason\":\"not-connected\",\"current\":false,\"connectionKey\":\"41717a7a173a5e88981ed3b30d6c754715277dce3b302a8e7b1386cdf57b9b4c\"},\"account:zai-start-plan\":{\"availability\":\"unavailable\",\"entitled\":false,\"unavailableReason\":\"not-connected\",\"current\":false,\"connectionKey\":\"b20a8f39ea1865b9bdbc4f21e0774500034895a93cdf0c737917b6532ebedcea\"},\"account:bigmodel-individual-coding-plan\":{\"availability\":\"unavailable\",\"entitled\":false,\"unavailableReason\":\"not-connected\",\"current\":false,\"connectionKey\":\"145736c8450a04bf4ba21aee47794f53d87ea79c5dc4cc5b9f27fbf5b6038d53\"},\"account:bigmodel-team-coding-plan\":{\"availability\":\"unavailable\",\"entitled\":false,\"unavailableReason\":\"not-connected\",\"current\":false,\"connectionKey\":\"145736c8450a04bf4ba21aee47794f53d87ea79c5dc4cc5b9f27fbf5b6038d53\"},\"account:bigmodel-start-plan\":{\"availability\":\"unavailable\",\"entitled\":false,\"unavailableReason\":\"not-connected\",\"current\":false,\"connectionKey\":\"116fde2fcda0bb10f88164a63caadb0a0ec8611edcf75b35a9924684f9ba84bd\"},\"account:zai-offpeak-idle-plan\":{\"availability\":\"unavailable\",\"entitled\":false},\"account:bigmodel-offpeak-idle-plan\":{\"availability\":\"unavailable\",\"entitled\":false}}]","status":"received"}
[2026-10-02 19:05:55.126] [pid:47464] [main] [host-log] (local-1) [host] [2026-10-02 19:05:55.126] [pid:5668] [settingService] writing settings to: E:\Xiadie\Xiadie\.runtime\P01\u08-no-key-1790939126108911100\home\.zcode\v2\setting.json {"recentProjects":[],"locale":"zh-CN","localePreference":"en-US","terminalInheritSystemProfile":true,"embeddedBrowserAllowInsecureCertificates":false,"embeddedBrowserViewportPreference":{"mode":"normal","viewport":{"width":393,"height":852},"zoom":"fit"},"computerUseComposerEntryHidden":true,"taskAutoArchiveEnabled":false,"taskAutoArchiveOlderThanDays":7,"closeToTrayOnWindows":true,"closeToTrayOnWindowsMigrationInitialized":true,"keepAwakeWhileRunning":false,"desktopChromiumHardwareAccelerationEnabled":false,"messageStreamShowReasoning":true,"messageStreamShowReasoningMigrationInitialized":true,"messageStreamShowTodos":false,"toolGroupingExploreEnabled":true,"toolGroupingTerminalEnabled":true,"toolGroupingChangesEnabled":false,"zcodeInteractionBehavior":"queue","askUserQuestionAutoResolutionEnabled":true,"modelIoFullRetentionEnabled":false,"startPlanRecommendationDismissed":false,"providerFamilyConnectionSelections":{},"providerFamilyDomain":"zai","providerFamilyDomainUpdatedAt":1790939150750,"providerFamilyDomainMigrated":true,"nativeSearchEnhancementsEnabled":true,"memoryEnabled":false,"lastWorkspaceSession":[{"kind":"local","workspacePath":"E:\\Xiadie\\Xiadie\\.runtime\\P01\\u08-no-key-1790939126108911100\\workspace","workspacePurpose":"project"},{"kind":"local","workspacePath":"E:\\Xiadie\\Xiadie\\.runtime\\P01\\u08-no-key-1790939126108911100\\data\\.zcode\\workspace\\default","workspacePurpose":"conversation"}],"lastActiveTabIndex":0,"receivePreviewUpdates":false,"autoDownloadAndInstallUpdates":false,"skippedElectronUpdateVersions":{},"settingsSyncFirstRunPromptHandled":true}
[2026-10-02 19:05:55.133] [pid:47464] [main] [host-log] (local-1) [host] [2026-10-02 19:05:55.133] [pid:5668] [settingService] write done
[2026-10-02 19:05:55.134] [pid:47464] [main] [host-log] (local-1) [host] [2026-10-02 19:05:55.133] [pid:5668] [zcode-host] [rpc:call] setting.update OK (8.9ms)
[2026-10-02 19:05:55.644] [pid:47464] [main] [host-log] (local-1) [host] [2026-10-02 19:05:55.644] [pid:5668] [zcode-host] [rpc:call] zcode-agent.conversationWorkflowRunsV4 OK (790.3ms)
[2026-10-02 19:05:55.652] [pid:47464] [main] [host-log] (local-1) [host] [2026-10-02 19:05:55.652] [pid:5668] [zcode-agent-service] ZCode Protocol workspace/readPresentation 完成 {"durationMs":812,"slashCommandCount":4,"workspaceKey":"E:\\Xiadie\\Xiadie\\.runtime\\P01\\u08-no-key-1790939126108911100\\workspace","workspacePath":"E:\\Xiadie\\Xiadie\\.runtime\\P01\\u08-no-key-1790939126108911100\\workspace"}
[2026-10-02 19:05:55.653] [pid:47464] [main] [host-log] (local-1) [host] [2026-10-02 19:05:55.652] [pid:5668] [zcode-host] [rpc:call] zcode-session.readWorkspacePresentation OK (812.2ms)
[2026-10-02 19:05:55.665] [pid:47464] [main] [host-log] (local-1) [host] [2026-10-02 19:05:55.664] [pid:5668] [zcode-host] [rpc:call] zcode-agent.subscribeConversationV4 OK (810.5ms)
[2026-10-02 19:05:55.668] [pid:47464] [renderer] v4 conversation subscription acknowledged {
  workspaceKey: 'E:\\Xiadie\\Xiadie\\.runtime\\P01\\u08-no-key-1790939126108911100\\workspace',
  workspacePath: 'E:\\Xiadie\\Xiadie\\.runtime\\P01\\u08-no-key-1790939126108911100\\workspace',
  durationMs: 828,
  event: 'v4.conversation.subscribe.acknowledged',
  module: 'ui.v4.conversation_transport',
  runtimeGeneration: 0,
  sessionId: '9e49648f-a3a2-4e6d-9c73-dca6cbd02fa4',
  status: 'completed',
  subscriptionId: 'sub-muquxkmu-2ez849ba-1',
  topic: 'conversation/9e49648f-a3a2-4e6d-9c73-dca6cbd02fa4'
}
[2026-10-02 19:05:55.675] [pid:47464] [renderer] v4 conversation subscription activated {
  workspaceKey: 'E:\\Xiadie\\Xiadie\\.runtime\\P01\\u08-no-key-1790939126108911100\\workspace',
  workspacePath: 'E:\\Xiadie\\Xiadie\\.runtime\\P01\\u08-no-key-1790939126108911100\\workspace',
  event: 'v4.conversation.subscribe.activated',
  module: 'ui.v4.conversation_transport',
  runtimeGeneration: 0,
  status: 'completed',
  subscriptionId: 'sub-muquxkmu-2ez849ba-1',
  topic: 'conversation/9e49648f-a3a2-4e6d-9c73-dca6cbd02fa4'
}
[2026-10-02 19:05:55.676] [pid:47464] [renderer] v4 conversation store connect completed {
  durationMs: 835,
  event: 'v4.conversation.store.connect.completed',
  generation: 1,
  logEpoch: 'muquxkmu-2ez849ba',
  mode: 'snapshot',
  module: 'ui.v4.conversation_projection_store',
  status: 'completed',
  subscriptionId: 'sub-muquxkmu-2ez849ba-1',
  topic: 'conversation/9e49648f-a3a2-4e6d-9c73-dca6cbd02fa4'
}
[2026-10-02 19:05:55.728] [pid:47464] [main] [host-log] (local-1) [host] [2026-10-02 19:05:55.728] [pid:5668] [zcode-host] [rpc:call] zcode-agent.conversationPlansV4 OK (2.3ms)
[2026-10-02 19:05:56.137] [pid:47464] [main] [host-log] (local-1) [host] [2026-10-02 19:05:56.137] [pid:5668] [settingService] writing settings to: E:\Xiadie\Xiadie\.runtime\P01\u08-no-key-1790939126108911100\home\.zcode\v2\setting.json {"recentProjects":[],"locale":"zh-CN","localePreference":"en-US","terminalInheritSystemProfile":true,"embeddedBrowserAllowInsecureCertificates":false,"embeddedBrowserViewportPreference":{"mode":"normal","viewport":{"width":393,"height":852},"zoom":"fit"},"computerUseComposerEntryHidden":true,"taskAutoArchiveEnabled":false,"taskAutoArchiveOlderThanDays":7,"closeToTrayOnWindows":true,"closeToTrayOnWindowsMigrationInitialized":true,"keepAwakeWhileRunning":false,"desktopChromiumHardwareAccelerationEnabled":false,"messageStreamShowReasoning":true,"messageStreamShowReasoningMigrationInitialized":true,"messageStreamShowTodos":false,"toolGroupingExploreEnabled":true,"toolGroupingTerminalEnabled":true,"toolGroupingChangesEnabled":false,"zcodeInteractionBehavior":"queue","askUserQuestionAutoResolutionEnabled":true,"modelIoFullRetentionEnabled":false,"startPlanRecommendationDismissed":false,"providerFamilyConnectionSelections":{},"providerFamilyDomain":"zai","providerFamilyDomainUpdatedAt":1790939150750,"providerFamilyDomainMigrated":true,"nativeSearchEnhancementsEnabled":true,"memoryEnabled":false,"lastWorkspaceSession":[{"kind":"local","workspacePath":"E:\\Xiadie\\Xiadie\\.runtime\\P01\\u08-no-key-1790939126108911100\\workspace","workspacePurpose":"project"},{"kind":"local","workspacePath":"E:\\Xiadie\\Xiadie\\.runtime\\P01\\u08-no-key-1790939126108911100\\data\\.zcode\\workspace\\default","workspacePurpose":"conversation"}],"lastActiveTabIndex":0,"receivePreviewUpdates":false,"autoDownloadAndInstallUpdates":false,"skippedElectronUpdateVersions":{},"settingsSyncFirstRunPromptHandled":true}
[2026-10-02 19:05:56.142] [pid:47464] [main] [host-log] (local-1) [host] [2026-10-02 19:05:56.142] [pid:5668] [settingService] write done
[2026-10-02 19:05:56.143] [pid:47464] [main] [host-log] (local-1) [host] [2026-10-02 19:05:56.142] [pid:5668] [zcode-host] [rpc:call] setting.update OK (6.2ms)
[2026-10-02 19:05:58.913] [pid:47464] [main] [app-quit] forceQuit enabled (app-before-quit)
[2026-10-02 19:05:58.914] [pid:47464] [main] [stability] perf_app_exit reported { scene: 'app_quit', exitCode: 0 }
[2026-10-02 19:05:58.915] [pid:47464] [main] [app-quit] waiting for host process cleanup (app-before-quit), kind=normal, hosts=1, forceKillDelayMs=4000, waitTimeoutMs=4500
[2026-10-02 19:05:58.916] [pid:47464] [main] [disposeHostProcess] disposing host process (app-before-quit-1), pid=5668
[2026-10-02 19:05:58.918] [pid:47464] [main] [host-log] (local-1) [host] [2026-10-02 19:05:58.918] [pid:5668] [zcode-host] disposing host resources, reason=parent dispose
[2026-10-02 19:05:59.070] [pid:47464] [main] [host-log] (local-1) [host] [2026-10-02 19:05:59.070] [pid:5668] [zcode-agent] ZCode agent process exited {"workspaceKey":"E:\\Xiadie\\Xiadie\\.runtime\\P01\\u08-no-key-1790939126108911100\\workspace","pid":2580,"runtimeIdentity":"E:\\Xiadie\\Xiadie\\.runtime\\P01\\u08-no-key-1790939126108911100\\workspace:1:2580","code":0,"signal":null,"terminationKind":"expected","terminationReason":"manager-dispose"}
[2026-10-02 19:05:59.072] [pid:47464] [main] [host-log] (local-1) [host] [2026-10-02 19:05:59.071] [pid:5668] [zcode-agent] ZCode agent process cleanup completed {"workspaceKey":"E:\\Xiadie\\Xiadie\\.runtime\\P01\\u08-no-key-1790939126108911100\\workspace","pid":2580,"runtimeIdentity":"E:\\Xiadie\\Xiadie\\.runtime\\P01\\u08-no-key-1790939126108911100\\workspace:1:2580","reason":"manager-dispose"}
[2026-10-02 19:05:59.083] [pid:47464] [main] [task-realtime] unregistered host { hostId: '89a179e8-a644-4532-af22-f4e09d596d65', windowId: 1 }
[2026-10-02 19:05:59.084] [pid:47464] [main] [spawnHostProcess] host process (local-1) exited with code 0
[2026-10-02 19:06:00.428] [pid:47464] [main] [app-quit] host process cleanup completed (app-before-quit)
[2026-10-02 19:06:00.429] [pid:47464] [main] [app-quit] preparation finished, resuming quit with windows=1
[2026-10-02 19:06:00.444] [pid:47464] [main] [createWindow] window closed, killing host process (local-1)
[2026-10-02 19:06:00.445] [pid:47464] [main] [app-quit] all windows closed after preparation, exiting app
[2026-10-02 19:06:00.445] [pid:47464] [main] [app-quit] exiting prepared app (all-windows-closed-after-preparation)
[2026-10-02 19:06:01.922] [pid:31668] [main] [open-folder] Windows Explorer 右键菜单已安装或更新 {
  executablePath: 'E:\\Xiadie\\Xiadie\\.runtime\\P01\\desktop-source\\node_modules\\electron\\dist\\electron.exe',
  hasDefaultAppEntry: true,
  locale: 'zh-CN'
}
[2026-10-02 19:06:01.924] [pid:31668] [main] [desktop-network] renderer proxy mode=direct bypass=disabled customCa=disabled insecureCerts=rejected
[2026-10-02 19:06:01.925] [pid:31668] [main] [desktop-network] renderer proxy mode=system bypass=disabled customCa=disabled insecureCerts=rejected
[2026-10-02 19:06:01.927] [pid:31668] [main] [auto-update] disabled for this desktop product flavor
[2026-10-02 19:06:01.940] [pid:31668] [main] [resource] sampling started interval=10000ms report=60000ms
[2026-10-02 19:06:01.942] [pid:31668] [main] [network] reporting started interval=60000ms
[2026-10-02 19:06:01.942] [pid:31668] [main] [force-update] Preview 跳过远端强制升级检查
[2026-10-02 19:06:01.942] [pid:31668] [main] [startup] 创建主窗口
[2026-10-02 19:06:01.943] [pid:31668] [main] [primary-window] creating main window (app-ready)
[2026-10-02 19:06:01.946] [pid:31668] [main] [startup-workspace] using explicit open workspace: E:\Xiadie\Xiadie\.runtime\P01\u08-no-key-1790939126108911100\workspace
[2026-10-02 19:06:02.751] [pid:31668] [main] [createWindow] dom-ready fired (local-1)
[2026-10-02 19:06:02.774] [pid:31668] [main] [desktop-context-prompt] first host spawn decision resolved { enabled: false, configVersion: undefined }
[2026-10-02 19:06:02.779] [pid:31668] [main] [spawnHostProcess] forked host process for (local-1), pid=undefined
[2026-10-02 19:06:02.779] [pid:31668] [main] [spawnHostProcess] host module path: E:\Xiadie\Xiadie\.runtime\P01\u08-desktop-06\packages\desktop\out\host\index.js
[2026-10-02 19:06:02.780] [pid:31668] [main] [spawnHostProcess] glm binary path: <not found>
[2026-10-02 19:06:02.780] [pid:31668] [main] [spawnHostProcess] BIGMODEL_OAUTH_APP_SECRET source: fallback
[2026-10-02 19:06:02.781] [pid:31668] [main] [task-realtime] registered host {
  hostId: '2325d702-9be9-4372-8938-a210d65017a6',
  windowId: 1,
  workspaceKeyCount: 0,
  deliveryKind: 'desktop_window'
}
[2026-10-02 19:06:05.459] [pid:31668] [main] [host-log] (local-1) [host] [2026-10-02 19:06:05.459] [pid:10232] [zcode-host] initializing local services
[2026-10-02 19:06:05.468] [pid:31668] [main] [host-log] (local-1) [host] [2026-10-02 19:06:05.467] [pid:10232] [cua-pip-session] [cua-pip-session] wiring resolved {"enabled":false,"platform":"win32","serviceAuthorityMode":"desktop-local","lifecycleWired":true}
[2026-10-02 19:06:05.475] [pid:31668] [main] [host-log] (local-1) [host] [2026-10-02 19:06:05.474] [pid:10232] [zcode-agent-service] 开始初始化 ZCode agent {"workspaceKey":"E:\\Xiadie\\Xiadie\\.runtime\\P01\\u08-no-key-1790939126108911100\\workspace","workspacePath":"E:\\Xiadie\\Xiadie\\.runtime\\P01\\u08-no-key-1790939126108911100\\workspace"}
[2026-10-02 19:06:05.476] [pid:31668] [main] [host-log] (local-1) [host] [2026-10-02 19:06:05.475] [pid:10232] [zcode-host] exposing services on ChannelServer...
[2026-10-02 19:06:05.476] [pid:31668] [main] [host-log] (local-1) [host] [2026-10-02 19:06:05.475] [pid:10232] [zcode-host] creating ChannelServer (deferInit=false)
[2026-10-02 19:06:05.477] [pid:31668] [main] [host-log] (local-1) [host] [2026-10-02 19:06:05.476] [pid:10232] [zcode-host] [rpc:register] channel "file"
[2026-10-02 19:06:05.478] [pid:31668] [main] [host-log] (local-1) [host] [2026-10-02 19:06:05.476] [pid:10232] [zcode-host] [rpc:register] channel "media-preview"
[2026-10-02 19:06:05.478] [pid:31668] [main] [host-log] (local-1) [host] [2026-10-02 19:06:05.476] [pid:10232] [zcode-host] [rpc:register] channel "git"
[2026-10-02 19:06:05.479] [pid:31668] [main] [host-log] (local-1) [host] [2026-10-02 19:06:05.476] [pid:10232] [zcode-host] [rpc:register] channel "git-checkpoint"
[2026-10-02 19:06:05.480] [pid:31668] [main] [host-log] (local-1) [host] [2026-10-02 19:06:05.476] [pid:10232] [zcode-host] [rpc:register] channel "system"
[2026-10-02 19:06:05.480] [pid:31668] [main] [host-log] (local-1) [host] [2026-10-02 19:06:05.476] [pid:10232] [zcode-host] [rpc:register] channel "terminal"
[2026-10-02 19:06:05.481] [pid:31668] [main] [host-log] (local-1) [host] [2026-10-02 19:06:05.476] [pid:10232] [zcode-host] [rpc:register] channel "setting"
[2026-10-02 19:06:05.481] [pid:31668] [main] [host-log] (local-1) [host] [2026-10-02 19:06:05.476] [pid:10232] [zcode-host] [rpc:register] channel "onboarding-record"
[2026-10-02 19:06:05.482] [pid:31668] [main] [host-log] (local-1) [host] [2026-10-02 19:06:05.476] [pid:10232] [zcode-host] [rpc:register] channel "credential"
[2026-10-02 19:06:05.482] [pid:31668] [main] [host-log] (local-1) [host] [2026-10-02 19:06:05.476] [pid:10232] [zcode-host] [rpc:register] channel "broadcast"
[2026-10-02 19:06:05.483] [pid:31668] [main] [host-log] (local-1) [host] [2026-10-02 19:06:05.476] [pid:10232] [zcode-host] [rpc:register] channel "zcode-task"
[2026-10-02 19:06:05.484] [pid:31668] [main] [host-log] (local-1) [host] [2026-10-02 19:06:05.477] [pid:10232] [zcode-host] [rpc:register] channel "zcode-agent"
[2026-10-02 19:06:05.484] [pid:31668] [main] [host-log] (local-1) [host] [2026-10-02 19:06:05.477] [pid:10232] [zcode-host] [rpc:register] channel "zcode-session"
[2026-10-02 19:06:05.485] [pid:31668] [main] [host-log] (local-1) [host] [2026-10-02 19:06:05.477] [pid:10232] [zcode-host] [rpc:register] channel "cua-permission"
[2026-10-02 19:06:05.485] [pid:31668] [main] [host-log] (local-1) [host] [2026-10-02 19:06:05.477] [pid:10232] [zcode-host] [rpc:register] channel "cua-pip-session"
[2026-10-02 19:06:05.486] [pid:31668] [main] [host-log] (local-1) [host] [2026-10-02 19:06:05.477] [pid:10232] [zcode-host] [rpc:register] channel "conversation-share"
[2026-10-02 19:06:05.486] [pid:31668] [main] [host-log] (local-1) [host] [2026-10-02 19:06:05.477] [pid:10232] [zcode-host] [rpc:register] channel "bots"
[2026-10-02 19:06:05.487] [pid:31668] [main] [host-log] (local-1) [host] [2026-10-02 19:06:05.477] [pid:10232] [zcode-host] [rpc:register] channel "file-watcher"
[2026-10-02 19:06:05.487] [pid:31668] [main] [host-log] (local-1) [host] [2026-10-02 19:06:05.477] [pid:10232] [zcode-host] [rpc:register] channel "oauth"
[2026-10-02 19:06:05.488] [pid:31668] [main] [host-log] (local-1) [host] [2026-10-02 19:06:05.477] [pid:10232] [zcode-host] [rpc:register] channel "usage-stats"
[2026-10-02 19:06:05.488] [pid:31668] [main] [host-log] (local-1) [host] [2026-10-02 19:06:05.477] [pid:10232] [zcode-host] [rpc:register] channel "coding-plan-subscription"
[2026-10-02 19:06:05.489] [pid:31668] [main] [host-log] (local-1) [host] [2026-10-02 19:06:05.477] [pid:10232] [zcode-host] [rpc:register] channel "client-config"
[2026-10-02 19:06:05.490] [pid:31668] [main] [host-log] (local-1) [host] [2026-10-02 19:06:05.477] [pid:10232] [zcode-host] [rpc:register] channel "client-scenes"
[2026-10-02 19:06:05.490] [pid:31668] [main] [host-log] (local-1) [host] [2026-10-02 19:06:05.477] [pid:10232] [zcode-host] [rpc:register] channel "off-peak-task"
[2026-10-02 19:06:05.491] [pid:31668] [main] [host-log] (local-1) [host] [2026-10-02 19:06:05.477] [pid:10232] [zcode-host] [rpc:register] channel "skills"
[2026-10-02 19:06:05.491] [pid:31668] [main] [host-log] (local-1) [host] [2026-10-02 19:06:05.477] [pid:10232] [zcode-host] [rpc:register] channel "skill-sync"
[2026-10-02 19:06:05.492] [pid:31668] [main] [host-log] (local-1) [host] [2026-10-02 19:06:05.477] [pid:10232] [zcode-host] [rpc:register] channel "mcp-sync"
[2026-10-02 19:06:05.493] [pid:31668] [main] [host-log] (local-1) [host] [2026-10-02 19:06:05.477] [pid:10232] [zcode-host] [rpc:register] channel "plugin-sync"
[2026-10-02 19:06:05.493] [pid:31668] [main] [host-log] (local-1) [host] [2026-10-02 19:06:05.477] [pid:10232] [zcode-host] [rpc:register] channel "plugins"
[2026-10-02 19:06:05.494] [pid:31668] [main] [host-log] (local-1) [host] [2026-10-02 19:06:05.477] [pid:10232] [zcode-host] [rpc:register] channel "plugin-management"
[2026-10-02 19:06:05.494] [pid:31668] [main] [host-log] (local-1) [host] [2026-10-02 19:06:05.477] [pid:10232] [zcode-host] [rpc:register] channel "subagents"
[2026-10-02 19:06:05.495] [pid:31668] [main] [host-log] (local-1) [host] [2026-10-02 19:06:05.477] [pid:10232] [zcode-host] [rpc:register] channel "commands"
[2026-10-02 19:06:05.496] [pid:31668] [main] [host-log] (local-1) [host] [2026-10-02 19:06:05.477] [pid:10232] [zcode-host] [rpc:register] channel "hooks"
[2026-10-02 19:06:05.496] [pid:31668] [main] [host-log] (local-1) [host] [2026-10-02 19:06:05.477] [pid:10232] [zcode-host] [rpc:register] channel "memory"
[2026-10-02 19:06:05.497] [pid:31668] [main] [host-log] (local-1) [host] [2026-10-02 19:06:05.477] [pid:10232] [zcode-host] [rpc:register] channel "settings-sync"
[2026-10-02 19:06:05.497] [pid:31668] [main] [host-log] (local-1) [host] [2026-10-02 19:06:05.477] [pid:10232] [zcode-host] [rpc:register] channel "feedback"
[2026-10-02 19:06:05.498] [pid:31668] [main] [host-log] (local-1) [host] [2026-10-02 19:06:05.477] [pid:10232] [zcode-host] [rpc:register] channel "prompt-attachment-transfer"
[2026-10-02 19:06:05.499] [pid:31668] [main] [host-log] (local-1) [host] [2026-10-02 19:06:05.477] [pid:10232] [zcode-host] [rpc:register] channel "provider-settings"
[2026-10-02 19:06:05.500] [pid:31668] [main] [host-log] (local-1) [host] [2026-10-02 19:06:05.477] [pid:10232] [zcode-host] [rpc:register] channel "model-selection"
[2026-10-02 19:06:05.500] [pid:31668] [main] [host-log] (local-1) [host] [2026-10-02 19:06:05.477] [pid:10232] [zcode-host] [rpc:register] channel "window-controller"
[2026-10-02 19:06:05.501] [pid:31668] [main] [host-log] (local-1) [host] [2026-10-02 19:06:05.477] [pid:10232] [zcode-host] service connection ready mode=desktop-continuous
[2026-10-02 19:06:05.502] [pid:31668] [main] [host-log] (local-1) [host] [2026-10-02 19:06:05.477] [pid:10232] [zcode-host] window Host topology, reason=base-attachment-ready, pid=10232, connections=0, logicalSessions=0, attachments=1
[2026-10-02 19:06:05.503] [pid:31668] [main] [host-log] (local-1) [host] [2026-10-02 19:06:05.477] [pid:10232] [zcode-host] local services ready, all channels registered
[2026-10-02 19:06:05.504] [pid:31668] [main] [database-startup] terminal {
  attemptId: '6827b37e-7ae4-44ea-9f31-bedea6345024',
  status: 'ready',
  durationMs: 2203,
  errorCode: undefined,
  disk: [
    {
      scopeId: 'df81e191609143170757a1d69e37b8a237e4ca4bd99588ddaf1f2f5467edaaaf',
      observedAvailableDropPeakBytes: 0,
      minAvailableBytes: 274725769216,
      quality: 'complete',
      sampledAt: 1790939165284
    }
  ]
}
[2026-10-02 19:06:05.506] [pid:31668] [main] [cron-scheduler] forked scheduler process pid=undefined
[2026-10-02 19:06:05.513] [pid:31668] [main] [host-log] (local-1) [host] [2026-10-02 19:06:05.513] [pid:10232] [zcode-host] [rpc:listen] broadcast.onMessage subscribed
[2026-10-02 19:06:05.520] [pid:31668] [main] [task-realtime] updated host workspace scopes {
  hostId: '2325d702-9be9-4372-8938-a210d65017a6',
  workspaceKeyCount: 0
}
[2026-10-02 19:06:05.559] [pid:31668] [main] [host-log] (local-1) [host] [2026-10-02 19:06:05.544] [pid:10232] [zcode-host] [rpc:listen] zcode-agent.onDynamicCuaPermissionObservation subscribed
[2026-10-02 19:06:05.562] [pid:31668] [main] [host-log] (local-1) [host] [2026-10-02 19:06:05.546] [pid:10232] [zcode-host] [rpc:listen] model-selection.onDidChange subscribed
[2026-10-02 19:06:05.563] [pid:31668] [main] [host-log] (local-1) [host] [2026-10-02 19:06:05.546] [pid:10232] [zcode-host] [rpc:listen] broadcast.onMessage subscribed
[2026-10-02 19:06:05.564] [pid:31668] [main] [host-log] (local-1) [host] [2026-10-02 19:06:05.547] [pid:10232] [zcode-host] [rpc:listen] provider-settings.onDidChange subscribed
[2026-10-02 19:06:05.565] [pid:31668] [main] [host-log] (local-1) [host] [2026-10-02 19:06:05.547] [pid:10232] [zcode-host] [rpc:listen] broadcast.onMessage subscribed
[2026-10-02 19:06:05.565] [pid:31668] [main] [host-log] (local-1) [host] [2026-10-02 19:06:05.547] [pid:10232] [zcode-host] [rpc:listen] provider-settings.onDidChange subscribed
[2026-10-02 19:06:05.566] [pid:31668] [main] [host-log] (local-1) [host] [2026-10-02 19:06:05.548] [pid:10232] [zcode-host] [rpc:listen] broadcast.onMessage subscribed
[2026-10-02 19:06:05.567] [pid:31668] [main] [host-log] (local-1) [host] [2026-10-02 19:06:05.548] [pid:10232] [zcode-host] [rpc:listen] broadcast.onMessage subscribed
[2026-10-02 19:06:05.567] [pid:31668] [main] [host-log] (local-1) [host] [2026-10-02 19:06:05.549] [pid:10232] [oauthService] restoreCachedSession skipped: no active provider
[2026-10-02 19:06:05.568] [pid:31668] [main] [host-log] (local-1) [host] [2026-10-02 19:06:05.549] [pid:10232] [zcode-host] [rpc:call] oauth.restoreCachedSessionState OK (1.9ms)
[2026-10-02 19:06:05.569] [pid:31668] [main] [host-log] (local-1) [host] [2026-10-02 19:06:05.556] [pid:10232] [zcode-host] [rpc:call] setting.get OK (10.7ms)
[2026-10-02 19:06:05.569] [pid:31668] [main] [host-log] (local-1) [host] [2026-10-02 19:06:05.557] [pid:10232] [zcode-host] [rpc:call] setting.get OK (9.6ms)
[2026-10-02 19:06:05.570] [pid:31668] [main] [host-log] (local-1) [host] [2026-10-02 19:06:05.557] [pid:10232] [zcode-host] [rpc:call] setting.get OK (9.1ms)
[2026-10-02 19:06:05.571] [pid:31668] [main] [host-log] (local-1) [host] [2026-10-02 19:06:05.559] [pid:10232] [zcode-host] [rpc:call] coding-plan-subscription.getDynamicWorkflowClientConfig OK (14.9ms)
[2026-10-02 19:06:05.572] [pid:31668] [main] [host-log] (local-1) [host] [2026-10-02 19:06:05.560] [pid:10232] [zcode-host] [rpc:call] zcode-agent.syncAppRuntimePreferences OK (0.1ms)
[2026-10-02 19:06:05.572] [pid:31668] [main] [host-log] (local-1) [host] [2026-10-02 19:06:05.560] [pid:10232] [zcode-host] [rpc:call] bots.syncAppRuntimePreferences OK (0.1ms)
[2026-10-02 19:06:05.631] [pid:31668] [main] [host-log] (local-1) [host] [2026-10-02 19:06:05.574] [pid:10232] [zcode-host] [rpc:listen] zcode-agent.onDynamicCuaPermissionObservation subscribed
[2026-10-02 19:06:05.632] [pid:31668] [main] [host-log] (local-1) [host] [2026-10-02 19:06:05.579] [pid:10232] [zcode-host] [rpc:listen] broadcast.onMessage subscribed
[2026-10-02 19:06:05.633] [pid:31668] [main] [host-log] (local-1) [host] [2026-10-02 19:06:05.580] [pid:10232] [oauthService] restoreCachedSession skipped: no active provider
[2026-10-02 19:06:05.633] [pid:31668] [main] [host-log] (local-1) [host] [2026-10-02 19:06:05.580] [pid:10232] [zcode-host] [rpc:call] oauth.restoreCachedSessionState OK (1.4ms)
[2026-10-02 19:06:05.634] [pid:31668] [main] [host-log] (local-1) [host] [2026-10-02 19:06:05.581] [pid:10232] [zcode-host] [rpc:call] setting.get OK (21.8ms)
[2026-10-02 19:06:05.701] [pid:31668] [main] [open-folder] Windows Explorer 右键菜单已安装或更新 {
  executablePath: 'E:\\Xiadie\\Xiadie\\.runtime\\P01\\desktop-source\\node_modules\\electron\\dist\\electron.exe',
  hasDefaultAppEntry: true,
  locale: 'zh-CN'
}
[2026-10-02 19:06:05.746] [pid:31668] [main] [open-folder] Windows Explorer 右键菜单已安装或更新 {
  executablePath: 'E:\\Xiadie\\Xiadie\\.runtime\\P01\\desktop-source\\node_modules\\electron\\dist\\electron.exe',
  hasDefaultAppEntry: true,
  locale: 'en-US'
}
[2026-10-02 19:06:05.769] [pid:31668] [main] [cron-scheduler] scheduler process exited code=1
[2026-10-02 19:06:05.782] [pid:31668] [main] [host-log] (local-1) [host] [2026-10-02 19:06:05.782] [pid:10232] [provider-runtime][trace:Provider Registry 已就绪] {"configRevision":"[\"zcode-builtin:30:adcece415d176ba175634b43fc523a25dfe2bafc0bf5c5c9199990693d530342\",\"2915b997aefbd6c7fe8ccfc87153713dc11851987034eec5a515e9660ac81b0e\"]","providerCount":0}
[2026-10-02 19:06:05.784] [pid:31668] [main] [host-log] (local-1) [host] [2026-10-02 19:06:05.784] [pid:10232] [zcode-host] [rpc:call] provider-settings.getView OK (236.7ms)
[2026-10-02 19:06:05.786] [pid:31668] [main] [host-log] (local-1) [host] [2026-10-02 19:06:05.784] [pid:10232] [zcode-host] [rpc:call] provider-settings.getView OK (236.4ms)
[2026-10-02 19:06:05.787] [pid:31668] [main] [host-log] (local-1) [host] [2026-10-02 19:06:05.786] [pid:10232] [zcode-host] [rpc:call] credential.load OK (0.4ms)
[2026-10-02 19:06:05.788] [pid:31668] [main] [host-log] (local-1) [host] [2026-10-02 19:06:05.787] [pid:10232] [zcode-host] [rpc:call] credential.load OK (0.6ms)
[2026-10-02 19:06:05.789] [pid:31668] [main] [host-log] (local-1) [host] [2026-10-02 19:06:05.787] [pid:10232] [zcode-host] [rpc:call] model-selection.getView OK (240.9ms)
[2026-10-02 19:06:05.789] [pid:31668] [main] [host-log] (local-1) [host] [2026-10-02 19:06:05.788] [pid:10232] [zcode-agent-service] provider/model 尚未就绪，ZCode agent 保持未启动 {"providerCount":0,"revision":"model-selection:1","workspaceKey":"E:\\Xiadie\\Xiadie\\.runtime\\P01\\u08-no-key-1790939126108911100\\workspace","workspacePath":"E:\\Xiadie\\Xiadie\\.runtime\\P01\\u08-no-key-1790939126108911100\\workspace"}
[2026-10-02 19:06:05.790] [pid:31668] [main] [host-log] (local-1) [host] [2026-10-02 19:06:05.790] [pid:10232] [zcode-agent] ZCode agent command resolved {"workspaceKey":"E:\\Xiadie\\Xiadie\\.runtime\\P01\\u08-no-key-1790939126108911100\\workspace","command":"E:\\Xiadie\\Xiadie\\.runtime\\P01\\desktop-source\\node_modules\\electron\\dist\\electron.exe","effectiveCommand":"E:\\Xiadie\\Xiadie\\.runtime\\P01\\desktop-source\\node_modules\\electron\\dist\\electron.exe","resolveCommandDurationMs":1}
[2026-10-02 19:06:05.797] [pid:31668] [main] [host-log] (local-1) [host] [2026-10-02 19:06:05.798] [pid:10232] [zcode-host] [rpc:call] oauth.getProviders OK (0.1ms)
[2026-10-02 19:06:05.798] [pid:31668] [main] [host-log] (local-1) [host] [2026-10-02 19:06:05.798] [pid:10232] [zcode-host] [rpc:call] oauth.getProviders OK (0.0ms)
[2026-10-02 19:06:05.801] [pid:31668] [main] [host-log] (local-1) [host] [2026-10-02 19:06:05.801] [pid:10232] [zcode-host] [rpc:call] oauth.getActiveProvider OK (2.2ms)
[2026-10-02 19:06:05.803] [pid:31668] [main] [host-log] (local-1) [host] [2026-10-02 19:06:05.803] [pid:10232] [zcode-host] [rpc:call] oauth.getActiveProvider OK (3.4ms)
[2026-10-02 19:06:05.813] [pid:31668] [main] [crash-capture] child-process-gone: {
  type: 'Utility',
  reason: 'killed',
  exitCode: 1,
  serviceName: 'node.mojom.NodeService',
  name: 'zcode-cron-scheduler'
}
[2026-10-02 19:06:05.814] [pid:31668] [main] [stability] perf_process_exit reported {
  exit_code: 1,
  exit_reason: 'killed',
  process_role: 'utility',
  exit_kind: 'normal',
  process_type: 'Utility',
  process_name: 'node.mojom.NodeService'
}
[2026-10-02 19:06:05.823] [pid:31668] [main] [host-log] (local-1) [host] [2026-10-02 19:06:05.823] [pid:10232] [zcode-agent] ZCode agent spawn preflight {"workspaceKey":"E:\\Xiadie\\Xiadie\\.runtime\\P01\\u08-no-key-1790939126108911100\\workspace","spawnPreflight":{"command":"E:\\Xiadie\\Xiadie\\.runtime\\P01\\desktop-source\\node_modules\\electron\\dist\\electron.exe","args":["E:\\Xiadie\\Xiadie\\.runtime\\P01\\u08-desktop-06\\apps\\zcode-cli\\packages\\cli\\dist\\zcode.cjs","app-server","--stdio"],"requestedCwd":"E:\\Xiadie\\Xiadie\\.runtime\\P01\\u08-no-key-1790939126108911100\\workspace","cwd":"E:\\Xiadie\\Xiadie\\.runtime\\P01\\u08-no-key-1790939126108911100\\workspace","cwdSource":"command","commandPathKind":"absolute","commandExists":true,"cwdExists":true}}
[2026-10-02 19:06:05.844] [pid:31668] [main] [stability] perf_agent_start reported {
  pid: 26088,
  runtimeGeneration: 1,
  runtimeInstanceId: 'agent-ef3320c4-1ce2-454a-b7ab-03508585462a'
}
[2026-10-02 19:06:05.845] [pid:31668] [main] [host-log] (local-1) [host] [2026-10-02 19:06:05.844] [pid:10232] [zcode-agent] ZCode agent process started {"workspaceKey":"E:\\Xiadie\\Xiadie\\.runtime\\P01\\u08-no-key-1790939126108911100\\workspace","command":"E:\\Xiadie\\Xiadie\\.runtime\\P01\\desktop-source\\node_modules\\electron\\dist\\electron.exe","cwd":"E:\\Xiadie\\Xiadie\\.runtime\\P01\\u08-no-key-1790939126108911100\\workspace","pid":26088,"durationMs":55}
[2026-10-02 19:06:05.954] [pid:31668] [main] [stability] perf_app_start reported
[2026-10-02 19:06:06.987] [pid:31668] [main] [host-log] (local-1) [host] [2026-10-02 19:06:06.987] [pid:10232] [zcode-agent-service] 为只读会话控制面启动 ZCode agent {"workspaceKey":"E:\\Xiadie\\Xiadie\\.runtime\\P01\\u08-no-key-1790939126108911100\\workspace","workspacePath":"E:\\Xiadie\\Xiadie\\.runtime\\P01\\u08-no-key-1790939126108911100\\workspace"}
[2026-10-02 19:06:06.988] [pid:31668] [main] [host-log] (local-1) [host] [2026-10-02 19:06:06.987] [pid:10232] [zcode-agent-service] ZCode agent 初始化完成 {"durationMs":1513,"transportKind":"stdio","workspaceKey":"E:\\Xiadie\\Xiadie\\.runtime\\P01\\u08-no-key-1790939126108911100\\workspace","workspacePath":"E:\\Xiadie\\Xiadie\\.runtime\\P01\\u08-no-key-1790939126108911100\\workspace"}
[2026-10-02 19:06:06.989] [pid:31668] [main] [host-log] (local-1) [host] [2026-10-02 19:06:06.987] [pid:10232] [zcode-host] ZCode agent warmup ready (local host init (1/1)) workspace=E:\Xiadie\Xiadie\.runtime\P01\u08-no-key-1790939126108911100\workspace transport=stdio
[2026-10-02 19:06:09.566] [pid:31668] [main] [host-log] (local-1) [host] [2026-10-02 19:06:09.567] [pid:10232] [settingService] writing settings to: E:\Xiadie\Xiadie\.runtime\P01\u08-no-key-1790939126108911100\home\.zcode\v2\setting.json {"recentProjects":[],"locale":"zh-CN","localePreference":"en-US","terminalInheritSystemProfile":true,"embeddedBrowserAllowInsecureCertificates":false,"embeddedBrowserViewportPreference":{"mode":"normal","viewport":{"width":393,"height":852},"zoom":"fit"},"computerUseComposerEntryHidden":true,"taskAutoArchiveEnabled":false,"taskAutoArchiveOlderThanDays":7,"closeToTrayOnWindows":true,"closeToTrayOnWindowsMigrationInitialized":true,"keepAwakeWhileRunning":false,"desktopChromiumHardwareAccelerationEnabled":false,"messageStreamShowReasoning":true,"messageStreamShowReasoningMigrationInitialized":true,"messageStreamShowTodos":false,"toolGroupingExploreEnabled":true,"toolGroupingTerminalEnabled":true,"toolGroupingChangesEnabled":false,"zcodeInteractionBehavior":"queue","askUserQuestionAutoResolutionEnabled":true,"modelIoFullRetentionEnabled":false,"startPlanRecommendationDismissed":false,"providerFamilyConnectionSelections":{},"providerFamilyDomain":"zai","providerFamilyDomainUpdatedAt":1790939169563,"providerFamilyDomainMigrated":true,"nativeSearchEnhancementsEnabled":true,"memoryEnabled":false,"lastWorkspaceSession":[{"kind":"local","workspacePath":"E:\\Xiadie\\Xiadie\\.runtime\\P01\\u08-no-key-1790939126108911100\\workspace","workspacePurpose":"project"},{"kind":"local","workspacePath":"E:\\Xiadie\\Xiadie\\.runtime\\P01\\u08-no-key-1790939126108911100\\data\\.zcode\\workspace\\default","workspacePurpose":"conversation"}],"lastActiveTabIndex":0,"receivePreviewUpdates":false,"autoDownloadAndInstallUpdates":false,"skippedElectronUpdateVersions":{},"settingsSyncFirstRunPromptHandled":true}
[2026-10-02 19:06:09.576] [pid:31668] [main] [host-log] (local-1) [host] [2026-10-02 19:06:09.576] [pid:10232] [settingService] write done
[2026-10-02 19:06:09.577] [pid:31668] [main] [host-log] (local-1) [host] [2026-10-02 19:06:09.577] [pid:10232] [zcode-host] [rpc:call] setting.update OK (13.1ms)
[2026-10-02 19:06:09.631] [pid:31668] [main] [host-log] (local-1) [host] [2026-10-02 19:06:09.631] [pid:10232] [zcode-host] [rpc:call] setting.get OK (1.8ms)
[2026-10-02 19:06:09.633] [pid:31668] [main] [host-log] (local-1) [host] [2026-10-02 19:06:09.633] [pid:10232] [zcode-host] [rpc:call] file.ensureConversationWorkspace OK (0.8ms)
[2026-10-02 19:06:09.635] [pid:31668] [main] [task-realtime] updated host workspace scopes {
  hostId: '2325d702-9be9-4372-8938-a210d65017a6',
  workspaceKeyCount: 1
}
[2026-10-02 19:06:09.639] [pid:31668] [main] [host-log] (local-1) [host] [2026-10-02 19:06:09.639] [pid:10232] [zcode-host] [rpc:call] setting.get OK (1.5ms)
[2026-10-02 19:06:09.641] [pid:31668] [main] [host-log] (local-1) [host] [2026-10-02 19:06:09.641] [pid:10232] [zcode-host] [rpc:call] file.ensureConversationWorkspace OK (0.7ms)
[2026-10-02 19:06:09.645] [pid:31668] [main] [host-log] (local-1) [host] [2026-10-02 19:06:09.645] [pid:10232] [settingService] writing settings to: E:\Xiadie\Xiadie\.runtime\P01\u08-no-key-1790939126108911100\home\.zcode\v2\setting.json {"recentProjects":["E:\\Xiadie\\Xiadie\\.runtime\\P01\\u08-no-key-1790939126108911100\\workspace"],"locale":"zh-CN","localePreference":"en-US","terminalInheritSystemProfile":true,"embeddedBrowserAllowInsecureCertificates":false,"embeddedBrowserViewportPreference":{"mode":"normal","viewport":{"width":393,"height":852},"zoom":"fit"},"computerUseComposerEntryHidden":true,"taskAutoArchiveEnabled":false,"taskAutoArchiveOlderThanDays":7,"closeToTrayOnWindows":true,"closeToTrayOnWindowsMigrationInitialized":true,"keepAwakeWhileRunning":false,"desktopChromiumHardwareAccelerationEnabled":false,"messageStreamShowReasoning":true,"messageStreamShowReasoningMigrationInitialized":true,"messageStreamShowTodos":false,"toolGroupingExploreEnabled":true,"toolGroupingTerminalEnabled":true,"toolGroupingChangesEnabled":false,"zcodeInteractionBehavior":"queue","askUserQuestionAutoResolutionEnabled":true,"modelIoFullRetentionEnabled":false,"startPlanRecommendationDismissed":false,"providerFamilyConnectionSelections":{},"providerFamilyDomain":"zai","providerFamilyDomainUpdatedAt":1790939169563,"providerFamilyDomainMigrated":true,"nativeSearchEnhancementsEnabled":true,"memoryEnabled":false,"lastWorkspaceSession":[{"kind":"local","workspacePath":"E:\\Xiadie\\Xiadie\\.runtime\\P01\\u08-no-key-1790939126108911100\\workspace","workspacePurpose":"project"},{"kind":"local","workspacePath":"E:\\Xiadie\\Xiadie\\.runtime\\P01\\u08-no-key-1790939126108911100\\data\\.zcode\\workspace\\default","workspacePurpose":"conversation"}],"lastActiveTabIndex":0,"receivePreviewUpdates":false,"autoDownloadAndInstallUpdates":false,"skippedElectronUpdateVersions":{},"settingsSyncFirstRunPromptHandled":true}
[2026-10-02 19:06:09.648] [pid:31668] [main] [host-log] (local-1) [host] [2026-10-02 19:06:09.647] [pid:10232] [zcode-host] [rpc:call] onboarding-record.claimAnonymousRecord OK (0.4ms)
[2026-10-02 19:06:09.652] [pid:31668] [main] [host-log] (local-1) [host] [2026-10-02 19:06:09.649] [pid:10232] [zcode-host] [rpc:call] onboarding-record.getLatestEntry OK (1.7ms)
[2026-10-02 19:06:09.653] [pid:31668] [main] [host-log] (local-1) [host] [2026-10-02 19:06:09.650] [pid:10232] [zcode-host] [rpc:call] onboarding-record.shouldOnboard OK (0.7ms)
[2026-10-02 19:06:09.654] [pid:31668] [main] [host-log] (local-1) [host] [2026-10-02 19:06:09.653] [pid:10232] [settingService] write done
[2026-10-02 19:06:09.655] [pid:31668] [main] [host-log] (local-1) [host] [2026-10-02 19:06:09.653] [pid:10232] [zcode-host] [rpc:call] setting.update OK (9.9ms)
[2026-10-02 19:06:09.660] [pid:31668] [main] [host-log] (local-1) [host] [2026-10-02 19:06:09.660] [pid:10232] [zcode-host] [rpc:call] setting.get OK (13.7ms)
[2026-10-02 19:06:09.689] [pid:31668] [renderer] v4 conversation frame upstream attached {
  workspaceKey: 'E:\\Xiadie\\Xiadie\\.runtime\\P01\\u08-no-key-1790939126108911100\\workspace',
  workspacePath: 'E:\\Xiadie\\Xiadie\\.runtime\\P01\\u08-no-key-1790939126108911100\\workspace',
  event: 'v4.conversation.frames.upstream_attached',
  listenerCount: 1,
  module: 'ui.v4.conversation_transport',
  runtimeGeneration: 0,
  status: 'completed'
}
[2026-10-02 19:06:09.690] [pid:31668] [renderer] v4 workspace connection created {
  event: 'v4.workspace_connection.created',
  isRemote: false,
  key: '__base__ E:\\Xiadie\\Xiadie\\.runtime\\P01\\u08-no-key-1790939126108911100\\workspace',
  module: 'ui.v4.workspace_connection_registry',
  refCount: 1,
  serviceGeneration: 1,
  status: 'completed'
}
[2026-10-02 19:06:09.691] [pid:31668] [main] [host-log] (local-1) [host] [2026-10-02 19:06:09.690] [pid:10232] [zcode-host] [rpc:listen] zcode-agent.onDynamicLocalTtftFacts subscribed
[2026-10-02 19:06:09.692] [pid:31668] [main] [host-log] (local-1) [host] [2026-10-02 19:06:09.690] [pid:10232] [zcode-host] [rpc:listen] zcode-agent.onDynamicConversationFrame subscribed
[2026-10-02 19:06:09.762] [pid:31668] [main] [host-log] (local-1) [host] [2026-10-02 19:06:09.761] [pid:10232] [zcode-host] [rpc:listen] window-controller.onDynamicControllerFrame subscribed
[2026-10-02 19:06:09.763] [pid:31668] [main] [host-log] (local-1) [host] [2026-10-02 19:06:09.762] [pid:10232] [zcode-host] [rpc:call] window-controller.subscribeControllerV4 OK (0.4ms)
[2026-10-02 19:06:09.763] [pid:31668] [main] [host-log] (local-1) [host] [2026-10-02 19:06:09.762] [pid:10232] [zcode-host] [rpc:call] window-controller.subscribeControllerV4 OK (0.1ms)
[2026-10-02 19:06:09.764] [pid:31668] [main] [host-log] (local-1) [host] [2026-10-02 19:06:09.763] [pid:10232] [zcode-host] [rpc:listen] zcode-agent.onDynamicSessionsIndexFrame subscribed
[2026-10-02 19:06:09.764] [pid:31668] [main] [host-log] (local-1) [host] [2026-10-02 19:06:09.763] [pid:10232] [zcode-host] [rpc:listen] zcode-agent.onAgentRuntimeLifecycle subscribed
[2026-10-02 19:06:09.765] [pid:31668] [main] [host-log] (local-1) [host] [2026-10-02 19:06:09.764] [pid:10232] [zcode-host] [rpc:call] zcode-agent.helloConversationV4 OK (0.1ms)
[2026-10-02 19:06:09.766] [pid:31668] [main] [host-log] (local-1) [host] [2026-10-02 19:06:09.764] [pid:10232] [zcode-host] [rpc:call] zcode-task.listPinnedTaskIds OK (0.3ms)
[2026-10-02 19:06:09.766] [pid:31668] [main] [host-log] (local-1) [host] [2026-10-02 19:06:09.764] [pid:10232] [zcode-host] [rpc:call] zcode-task.listArchivedTasks OK (0.3ms)
[2026-10-02 19:06:09.767] [pid:31668] [main] [host-log] (local-1) [host] [2026-10-02 19:06:09.765] [pid:10232] [zcode-host] [rpc:call] zcode-task.listTasks OK (0.4ms)
[2026-10-02 19:06:09.768] [pid:31668] [main] [host-log] (local-1) [host] [2026-10-02 19:06:09.765] [pid:10232] [zcode-host] [rpc:call] zcode-task.listPinnedTasks OK (0.2ms)
[2026-10-02 19:06:09.769] [pid:31668] [main] [host-log] (local-1) [host] [2026-10-02 19:06:09.765] [pid:10232] [zcode-host] [rpc:call] zcode-task.listDeletedTaskIds OK (0.1ms)
[2026-10-02 19:06:09.769] [pid:31668] [main] [host-log] (local-1) [host] [2026-10-02 19:06:09.766] [pid:10232] [zcode-host] [rpc:listen] zcode-task.onDynamicWorkspaceEvent subscribed
[2026-10-02 19:06:09.770] [pid:31668] [main] [host-log] (local-1) [host] [2026-10-02 19:06:09.769] [pid:10232] [zcode-host] [rpc:call] window-controller.listTaskList OK (6.8ms)
[2026-10-02 19:06:09.771] [pid:31668] [main] [host-log] (local-1) [host] [2026-10-02 19:06:09.770] [pid:10232] [zcode-host] [rpc:listen] zcode-agent.onAgentRuntimeLifecycle subscribed
[2026-10-02 19:06:09.773] [pid:31668] [main] [host-log] (local-1) [host] [2026-10-02 19:06:09.773] [pid:10232] [zcode-host] [rpc:call] system.info OK (0.1ms)
[2026-10-02 19:06:09.774] [pid:31668] [main] [host-log] (local-1) [host] [2026-10-02 19:06:09.775] [pid:10232] [zcode-host] [rpc:listen] model-selection.onDidChange subscribed
[2026-10-02 19:06:09.775] [pid:31668] [main] [host-log] (local-1) [host] [2026-10-02 19:06:09.775] [pid:10232] [zcode-host] [rpc:listen] model-selection.onDidChange subscribed
[2026-10-02 19:06:09.776] [pid:31668] [main] [host-log] (local-1) [host] [2026-10-02 19:06:09.776] [pid:10232] [zcode-host] [rpc:listen] zcode-agent.onDynamicConversationTelemetryFact subscribed
[2026-10-02 19:06:09.776] [pid:31668] [main] [host-log] (local-1) [host] [2026-10-02 19:06:09.776] [pid:10232] [zcode-host] [rpc:call] model-selection.getView OK (1.4ms)
[2026-10-02 19:06:09.777] [pid:31668] [main] [host-log] (local-1) [host] [2026-10-02 19:06:09.777] [pid:10232] [zcode-host] [rpc:call] off-peak-task.list OK (0.4ms)
[2026-10-02 19:06:09.778] [pid:31668] [main] [host-log] (local-1) [host] [2026-10-02 19:06:09.777] [pid:10232] [zcode-host] [rpc:call] model-selection.getView OK (1.8ms)
[2026-10-02 19:06:09.787] [pid:31668] [main] [host-log] (local-1) [host] [2026-10-02 19:06:09.786] [pid:10232] [zcode-host] [rpc:call] settings-sync.getFirstRunPromptState OK (1.6ms)
[2026-10-02 19:06:09.790] [pid:31668] [main] [host-log] (local-1) [host] [2026-10-02 19:06:09.790] [pid:10232] [zcode-host] [rpc:call] subagents.list OK (20.8ms)
[2026-10-02 19:06:09.841] [pid:31668] [main] [host-log] (local-1) [host] [2026-10-02 19:06:09.841] [pid:10232] [zcode-host] [rpc:call] window-controller.listTaskList OK (0.1ms)
[2026-10-02 19:06:09.842] [pid:31668] [main] [host-log] (local-1) [host] [2026-10-02 19:06:09.843] [pid:10232] [zcode-host] [rpc:call] zcode-agent.initializeConversationV4 OK (0.5ms)
[2026-10-02 19:06:09.847] [pid:31668] [main] [host-log] (local-1) [host] [2026-10-02 19:06:09.847] [pid:10232] [zcode-host] [rpc:call] window-controller.listTaskList OK (0.1ms)
[2026-10-02 19:06:09.873] [pid:31668] [main] [host-log] (local-1) [host] [2026-10-02 19:06:09.874] [pid:10232] [zcode-host] [rpc:call] zcode-agent.subscribeSessionsIndexV4 OK (1.9ms)
[2026-10-02 19:06:09.931] [pid:31668] [main] [host-log] (local-1) [host] [2026-10-02 19:06:09.932] [pid:10232] [zcode-host] [rpc:call] system.info OK (0.0ms)
[2026-10-02 19:06:09.932] [pid:31668] [main] [host-log] (local-1) [host] [2026-10-02 19:06:09.933] [pid:10232] [zcode-host] [rpc:call] setting.get OK (1.0ms)
[2026-10-02 19:06:09.933] [pid:31668] [main] [host-log] (local-1) [host] [2026-10-02 19:06:09.933] [pid:10232] [zcode-host] [rpc:call] setting.get OK (1.7ms)
[2026-10-02 19:06:10.031] [pid:31668] [main] [host-log] (local-1) [host] [2026-10-02 19:06:10.031] [pid:10232] [zcode-host] [rpc:call] system.listIntegratedTerminalShells OK (0.5ms)
[2026-10-02 19:06:10.039] [pid:31668] [main] [host-log] (local-1) [host] [2026-10-02 19:06:10.039] [pid:10232] [zcode-host] [rpc:call] git.refresh OK (261.6ms)
[2026-10-02 19:06:10.677] [pid:31668] [main] [task-realtime] updated host workspace scopes {
  hostId: '2325d702-9be9-4372-8938-a210d65017a6',
  workspaceKeyCount: 2
}
[2026-10-02 19:06:10.679] [pid:31668] [main] [host-log] (local-1) [host] [2026-10-02 19:06:10.678] [pid:10232] [zcode-host] [rpc:call] window-controller.listTaskList OK (1.1ms)
[2026-10-02 19:06:10.680] [pid:31668] [main] [host-log] (local-1) [host] [2026-10-02 19:06:10.678] [pid:10232] [zcode-host] [rpc:call] window-controller.listTaskList OK (0.1ms)
[2026-10-02 19:06:10.967] [pid:31668] [main] [host-log] (local-1) [host] [2026-10-02 19:06:10.967] [pid:10232] [settingService] writing settings to: E:\Xiadie\Xiadie\.runtime\P01\u08-no-key-1790939126108911100\home\.zcode\v2\setting.json {"recentProjects":["E:\\Xiadie\\Xiadie\\.runtime\\P01\\u08-no-key-1790939126108911100\\workspace"],"locale":"zh-CN","localePreference":"en-US","terminalInheritSystemProfile":true,"embeddedBrowserAllowInsecureCertificates":false,"embeddedBrowserViewportPreference":{"mode":"normal","viewport":{"width":393,"height":852},"zoom":"fit"},"computerUseComposerEntryHidden":true,"taskAutoArchiveEnabled":false,"taskAutoArchiveOlderThanDays":7,"closeToTrayOnWindows":true,"closeToTrayOnWindowsMigrationInitialized":true,"keepAwakeWhileRunning":false,"desktopChromiumHardwareAccelerationEnabled":false,"messageStreamShowReasoning":true,"messageStreamShowReasoningMigrationInitialized":true,"messageStreamShowTodos":false,"toolGroupingExploreEnabled":true,"toolGroupingTerminalEnabled":true,"toolGroupingChangesEnabled":false,"zcodeInteractionBehavior":"queue","askUserQuestionAutoResolutionEnabled":true,"modelIoFullRetentionEnabled":false,"startPlanRecommendationDismissed":false,"providerFamilyConnectionSelections":{},"providerFamilyDomain":"zai","providerFamilyDomainUpdatedAt":1790939169563,"providerFamilyDomainMigrated":true,"nativeSearchEnhancementsEnabled":true,"memoryEnabled":false,"lastWorkspaceSession":[{"kind":"local","workspacePath":"E:\\Xiadie\\Xiadie\\.runtime\\P01\\u08-no-key-1790939126108911100\\workspace","workspacePurpose":"project"},{"kind":"local","workspacePath":"E:\\Xiadie\\Xiadie\\.runtime\\P01\\u08-no-key-1790939126108911100\\data\\.zcode\\workspace\\default","workspacePurpose":"conversation"}],"lastActiveTabIndex":0,"receivePreviewUpdates":false,"autoDownloadAndInstallUpdates":false,"skippedElectronUpdateVersions":{},"settingsSyncFirstRunPromptHandled":true}
[2026-10-02 19:06:10.973] [pid:31668] [main] [host-log] (local-1) [host] [2026-10-02 19:06:10.973] [pid:10232] [settingService] write done
[2026-10-02 19:06:10.974] [pid:31668] [main] [host-log] (local-1) [host] [2026-10-02 19:06:10.973] [pid:10232] [zcode-host] [rpc:call] setting.update OK (7.7ms)
[2026-10-02 19:06:11.623] [pid:31668] [main] [host-log] (local-1) [host] [2026-10-02 19:06:11.624] [pid:10232] [zcode-host] [rpc:call] system.info OK (0.0ms)
[2026-10-02 19:06:11.625] [pid:31668] [main] [host-log] (local-1) [host] [2026-10-02 19:06:11.625] [pid:10232] [zcode-host] [rpc:call] file-watcher.watch OK (1.2ms)
[2026-10-02 19:06:11.626] [pid:31668] [main] [host-log] (local-1) [host] [2026-10-02 19:06:11.626] [pid:10232] [zcode-host] [rpc:call] file-watcher.watch OK (0.8ms)
[2026-10-02 19:06:11.682] [pid:31668] [main] [host-log] (local-1) [host] [2026-10-02 19:06:11.682] [pid:10232] [zcode-host] [rpc:listen] file-watcher.onDynamicChange subscribed
[2026-10-02 19:06:11.683] [pid:31668] [main] [host-log] (local-1) [host] [2026-10-02 19:06:11.682] [pid:10232] [zcode-host] [rpc:listen] file-watcher.onDynamicChange subscribed
[2026-10-02 19:06:11.683] [pid:31668] [main] [host-log] (local-1) [host] [2026-10-02 19:06:11.682] [pid:10232] [zcode-host] [rpc:call] file-watcher.unwatch OK (0.2ms)
[2026-10-02 19:06:11.684] [pid:31668] [main] [host-log] (local-1) [host] [2026-10-02 19:06:11.683] [pid:10232] [zcode-host] [rpc:call] file-watcher.unwatch OK (0.0ms)
[2026-10-02 19:06:11.685] [pid:31668] [main] [host-log] (local-1) [host] [2026-10-02 19:06:11.683] [pid:10232] [zcode-host] [rpc:call] file-watcher.watch OK (0.6ms)
[2026-10-02 19:06:11.685] [pid:31668] [main] [host-log] (local-1) [host] [2026-10-02 19:06:11.684] [pid:10232] [zcode-host] [rpc:call] file-watcher.watch OK (0.4ms)
[2026-10-02 19:06:11.686] [pid:31668] [main] [host-log] (local-1) [host] [2026-10-02 19:06:11.684] [pid:10232] [zcode-host] [rpc:call] file-watcher.watch OK (0.4ms)
[2026-10-02 19:06:11.687] [pid:31668] [main] [host-log] (local-1) [host] [2026-10-02 19:06:11.685] [pid:10232] [zcode-host] [rpc:listen] file-watcher.onDynamicChange subscribed
[2026-10-02 19:06:11.687] [pid:31668] [main] [host-log] (local-1) [host] [2026-10-02 19:06:11.685] [pid:10232] [zcode-host] [rpc:listen] file-watcher.onDynamicChange subscribed
[2026-10-02 19:06:11.688] [pid:31668] [main] [host-log] (local-1) [host] [2026-10-02 19:06:11.685] [pid:10232] [zcode-host] [rpc:listen] file-watcher.onDynamicChange subscribed
[2026-10-02 19:06:11.914] [pid:31668] [main] [host-log] (local-1) [host] [2026-10-02 19:06:11.915] [pid:10232] [settingService] writing settings to: E:\Xiadie\Xiadie\.runtime\P01\u08-no-key-1790939126108911100\home\.zcode\v2\setting.json {"recentProjects":["E:\\Xiadie\\Xiadie\\.runtime\\P01\\u08-no-key-1790939126108911100\\workspace"],"locale":"zh-CN","localePreference":"en-US","terminalInheritSystemProfile":true,"embeddedBrowserAllowInsecureCertificates":false,"embeddedBrowserViewportPreference":{"mode":"normal","viewport":{"width":393,"height":852},"zoom":"fit"},"computerUseComposerEntryHidden":true,"taskAutoArchiveEnabled":false,"taskAutoArchiveOlderThanDays":7,"closeToTrayOnWindows":true,"closeToTrayOnWindowsMigrationInitialized":true,"keepAwakeWhileRunning":false,"desktopChromiumHardwareAccelerationEnabled":false,"messageStreamShowReasoning":true,"messageStreamShowReasoningMigrationInitialized":true,"messageStreamShowTodos":false,"toolGroupingExploreEnabled":true,"toolGroupingTerminalEnabled":true,"toolGroupingChangesEnabled":false,"zcodeInteractionBehavior":"queue","askUserQuestionAutoResolutionEnabled":true,"modelIoFullRetentionEnabled":false,"startPlanRecommendationDismissed":false,"providerFamilyConnectionSelections":{},"providerFamilyDomain":"zai","providerFamilyDomainUpdatedAt":1790939169563,"providerFamilyDomainMigrated":true,"nativeSearchEnhancementsEnabled":true,"memoryEnabled":false,"lastWorkspaceSession":[{"kind":"local","workspacePath":"E:\\Xiadie\\Xiadie\\.runtime\\P01\\u08-no-key-1790939126108911100\\workspace","workspacePurpose":"project"},{"kind":"local","workspacePath":"E:\\Xiadie\\Xiadie\\.runtime\\P01\\u08-no-key-1790939126108911100\\data\\.zcode\\workspace\\default","workspacePurpose":"conversation"}],"lastActiveTabIndex":0,"receivePreviewUpdates":false,"autoDownloadAndInstallUpdates":false,"skippedElectronUpdateVersions":{},"settingsSyncFirstRunPromptHandled":true}
[2026-10-02 19:06:11.921] [pid:31668] [main] [host-log] (local-1) [host] [2026-10-02 19:06:11.921] [pid:10232] [settingService] write done
[2026-10-02 19:06:11.922] [pid:31668] [main] [host-log] (local-1) [host] [2026-10-02 19:06:11.921] [pid:10232] [zcode-host] [rpc:call] setting.update OK (8.3ms)
[2026-10-02 19:06:13.938] [pid:31668] [main] [host-log] (local-1) [host] [2026-10-02 19:06:13.662] [pid:10232] [zcode-host] [rpc:call] zcode-task.getTaskSessionFilePath OK (0.1ms)
[2026-10-02 19:06:13.940] [pid:31668] [renderer] v4 conversation store connect started {
  event: 'v4.conversation.store.connect.started',
  generation: 1,
  hasBase: false,
  module: 'ui.v4.conversation_projection_store',
  status: 'started',
  topic: 'conversation/9e49648f-a3a2-4e6d-9c73-dca6cbd02fa4'
}
[2026-10-02 19:06:13.941] [pid:31668] [renderer] v4 conversation subscription started {
  workspaceKey: 'E:\\Xiadie\\Xiadie\\.runtime\\P01\\u08-no-key-1790939126108911100\\workspace',
  workspacePath: 'E:\\Xiadie\\Xiadie\\.runtime\\P01\\u08-no-key-1790939126108911100\\workspace',
  event: 'v4.conversation.subscribe.started',
  module: 'ui.v4.conversation_transport',
  runtimeGeneration: 0,
  sessionId: '9e49648f-a3a2-4e6d-9c73-dca6cbd02fa4',
  status: 'started',
  topic: 'conversation/9e49648f-a3a2-4e6d-9c73-dca6cbd02fa4'
}
[2026-10-02 19:06:13.942] [pid:31668] [renderer] v4 session data lease acquired {
  event: 'v4.session_data.acquire',
  keepWarm: false,
  module: 'ui.v4.session_data_layer',
  openKind: 'cold',
  refCount: 1,
  sessionId: '9e49648f-a3a2-4e6d-9c73-dca6cbd02fa4',
  status: 'completed',
  topic: 'conversation/9e49648f-a3a2-4e6d-9c73-dca6cbd02fa4'
}
[2026-10-02 19:06:13.943] [pid:31668] [main] [host-log] (local-1) [host] [2026-10-02 19:06:13.663] [pid:10232] [zcode-host] [rpc:call] zcode-task.getTaskNativeSessionLogFile OK (0.6ms)
[2026-10-02 19:06:13.944] [pid:31668] [main] [host-log] (local-1) [host] [2026-10-02 19:06:13.664] [pid:10232] [zcode-agent-service] 开始请求 ZCode Protocol workspace/readPresentation {"workspaceKey":"E:\\Xiadie\\Xiadie\\.runtime\\P01\\u08-no-key-1790939126108911100\\workspace","workspacePath":"E:\\Xiadie\\Xiadie\\.runtime\\P01\\u08-no-key-1790939126108911100\\workspace"}
[2026-10-02 19:06:13.945] [pid:31668] [main] [host-log] (local-1) [host] [2026-10-02 19:06:13.665] [pid:10232] [zcode-host] [rpc:listen] zcode-agent.onAgentRuntimeRestarted subscribed
[2026-10-02 19:06:13.945] [pid:31668] [main] [host-log] (local-1) [host] [2026-10-02 19:06:13.666] [pid:10232] [zcode-host] [rpc:call] zcode-task.getTaskNativeSessionLogFile OK (0.3ms)
[2026-10-02 19:06:13.946] [pid:31668] [main] [host-log] (local-1) [host] [2026-10-02 19:06:13.666] [pid:10232] [zcode-host] [rpc:call] zcode-task.getTaskSessionFilePath OK (0.1ms)
[2026-10-02 19:06:13.947] [pid:31668] [main] [host-log] (local-1) [host] [2026-10-02 19:06:13.702] [pid:10232] [zcode-agent-service] account provider config 已交付到 ZCode agent {"providerCount":8,"reason":"workspace_read_presentation","receivedRevision":"account:[\"zcode-builtin:30:adcece415d176ba175634b43fc523a25dfe2bafc0bf5c5c9199990693d530342\",[{\"providerId\":\"account:zai-individual-coding-plan\",\"config\":{\"access\":{\"type\":\"zhipu-account\",\"entitled\":false}}},{\"providerId\":\"account:zai-team-coding-plan\",\"config\":{\"access\":{\"type\":\"zhipu-account\",\"entitled\":false}}},{\"providerId\":\"account:zai-start-plan\",\"config\":{\"access\":{\"type\":\"zhipu-account\",\"entitled\":false}}},{\"providerId\":\"account:bigmodel-individual-coding-plan\",\"config\":{\"access\":{\"type\":\"zhipu-account\",\"entitled\":false}}},{\"providerId\":\"account:bigmodel-team-coding-plan\",\"config\":{\"access\":{\"type\":\"zhipu-account\",\"entitled\":false}}},{\"providerId\":\"account:bigmodel-start-plan\",\"config\":{\"access\":{\"type\":\"zhipu-account\",\"entitled\":false}}},{\"providerId\":\"account:zai-offpeak-idle-plan\",\"config\":{\"access\":{\"type\":\"zhipu-account\",\"entitled\":false}}},{\"providerId\":\"account:bigmodel-offpeak-idle-plan\",\"config\":{\"access\":{\"type\":\"zhipu-account\",\"entitled\":false}}}],{\"account:zai-individual-coding-plan\":{\"availability\":\"unavailable\",\"entitled\":false,\"unavailableReason\":\"not-connected\",\"current\":false,\"connectionKey\":\"41717a7a173a5e88981ed3b30d6c754715277dce3b302a8e7b1386cdf57b9b4c\"},\"account:zai-team-coding-plan\":{\"availability\":\"unavailable\",\"entitled\":false,\"unavailableReason\":\"not-connected\",\"current\":false,\"connectionKey\":\"41717a7a173a5e88981ed3b30d6c754715277dce3b302a8e7b1386cdf57b9b4c\"},\"account:zai-start-plan\":{\"availability\":\"unavailable\",\"entitled\":false,\"unavailableReason\":\"not-connected\",\"current\":false,\"connectionKey\":\"b20a8f39ea1865b9bdbc4f21e0774500034895a93cdf0c737917b6532ebedcea\"},\"account:bigmodel-individual-coding-plan\":{\"availability\":\"unavailable\",\"entitled\":false,\"unavailableReason\":\"not-connected\",\"current\":false,\"connectionKey\":\"145736c8450a04bf4ba21aee47794f53d87ea79c5dc4cc5b9f27fbf5b6038d53\"},\"account:bigmodel-team-coding-plan\":{\"availability\":\"unavailable\",\"entitled\":false,\"unavailableReason\":\"not-connected\",\"current\":false,\"connectionKey\":\"145736c8450a04bf4ba21aee47794f53d87ea79c5dc4cc5b9f27fbf5b6038d53\"},\"account:bigmodel-start-plan\":{\"availability\":\"unavailable\",\"entitled\":false,\"unavailableReason\":\"not-connected\",\"current\":false,\"connectionKey\":\"116fde2fcda0bb10f88164a63caadb0a0ec8611edcf75b35a9924684f9ba84bd\"},\"account:zai-offpeak-idle-plan\":{\"availability\":\"unavailable\",\"entitled\":false},\"account:bigmodel-offpeak-idle-plan\":{\"availability\":\"unavailable\",\"entitled\":false}}]","status":"received"}
[2026-10-02 19:06:13.948] [pid:31668] [main] [host-log] (local-1) [host] [2026-10-02 19:06:13.947] [pid:10232] [settingService] writing settings to: E:\Xiadie\Xiadie\.runtime\P01\u08-no-key-1790939126108911100\home\.zcode\v2\setting.json {"recentProjects":["E:\\Xiadie\\Xiadie\\.runtime\\P01\\u08-no-key-1790939126108911100\\workspace"],"locale":"zh-CN","localePreference":"en-US","terminalInheritSystemProfile":true,"embeddedBrowserAllowInsecureCertificates":false,"embeddedBrowserViewportPreference":{"mode":"normal","viewport":{"width":393,"height":852},"zoom":"fit"},"computerUseComposerEntryHidden":true,"taskAutoArchiveEnabled":false,"taskAutoArchiveOlderThanDays":7,"closeToTrayOnWindows":true,"closeToTrayOnWindowsMigrationInitialized":true,"keepAwakeWhileRunning":false,"desktopChromiumHardwareAccelerationEnabled":false,"messageStreamShowReasoning":true,"messageStreamShowReasoningMigrationInitialized":true,"messageStreamShowTodos":false,"toolGroupingExploreEnabled":true,"toolGroupingTerminalEnabled":true,"toolGroupingChangesEnabled":false,"zcodeInteractionBehavior":"queue","askUserQuestionAutoResolutionEnabled":true,"modelIoFullRetentionEnabled":false,"startPlanRecommendationDismissed":false,"providerFamilyConnectionSelections":{},"providerFamilyDomain":"zai","providerFamilyDomainUpdatedAt":1790939169563,"providerFamilyDomainMigrated":true,"nativeSearchEnhancementsEnabled":true,"memoryEnabled":false,"lastWorkspaceSession":[{"kind":"local","workspacePath":"E:\\Xiadie\\Xiadie\\.runtime\\P01\\u08-no-key-1790939126108911100\\workspace","workspacePurpose":"project"},{"kind":"local","workspacePath":"E:\\Xiadie\\Xiadie\\.runtime\\P01\\u08-no-key-1790939126108911100\\data\\.zcode\\workspace\\default","workspacePurpose":"conversation"}],"lastActiveTabIndex":0,"receivePreviewUpdates":false,"autoDownloadAndInstallUpdates":false,"skippedElectronUpdateVersions":{},"settingsSyncFirstRunPromptHandled":true}
[2026-10-02 19:06:13.955] [pid:31668] [main] [host-log] (local-1) [host] [2026-10-02 19:06:13.955] [pid:10232] [settingService] write done
[2026-10-02 19:06:13.956] [pid:31668] [main] [host-log] (local-1) [host] [2026-10-02 19:06:13.955] [pid:10232] [zcode-host] [rpc:call] setting.update OK (10.9ms)
[2026-10-02 19:06:14.618] [pid:31668] [main] [host-log] (local-1) [host] [2026-10-02 19:06:14.618] [pid:10232] [zcode-host] [rpc:call] zcode-agent.conversationWorkflowRunsV4 OK (939.9ms)
[2026-10-02 19:06:14.632] [pid:31668] [main] [host-log] (local-1) [host] [2026-10-02 19:06:14.632] [pid:10232] [zcode-agent-service] ZCode Protocol workspace/readPresentation 完成 {"durationMs":968,"slashCommandCount":4,"workspaceKey":"E:\\Xiadie\\Xiadie\\.runtime\\P01\\u08-no-key-1790939126108911100\\workspace","workspacePath":"E:\\Xiadie\\Xiadie\\.runtime\\P01\\u08-no-key-1790939126108911100\\workspace"}
[2026-10-02 19:06:14.633] [pid:31668] [main] [host-log] (local-1) [host] [2026-10-02 19:06:14.632] [pid:10232] [zcode-host] [rpc:call] zcode-session.readWorkspacePresentation OK (967.8ms)
[2026-10-02 19:06:14.651] [pid:31668] [main] [host-log] (local-1) [host] [2026-10-02 19:06:14.651] [pid:10232] [zcode-host] [rpc:call] zcode-agent.subscribeConversationV4 OK (972.7ms)
[2026-10-02 19:06:14.654] [pid:31668] [renderer] v4 conversation subscription acknowledged {
  workspaceKey: 'E:\\Xiadie\\Xiadie\\.runtime\\P01\\u08-no-key-1790939126108911100\\workspace',
  workspacePath: 'E:\\Xiadie\\Xiadie\\.runtime\\P01\\u08-no-key-1790939126108911100\\workspace',
  durationMs: 989,
  event: 'v4.conversation.subscribe.acknowledged',
  module: 'ui.v4.conversation_transport',
  runtimeGeneration: 0,
  sessionId: '9e49648f-a3a2-4e6d-9c73-dca6cbd02fa4',
  status: 'completed',
  subscriptionId: 'sub-muquxz9t-zy2ovybd-1',
  topic: 'conversation/9e49648f-a3a2-4e6d-9c73-dca6cbd02fa4'
}
[2026-10-02 19:06:14.664] [pid:31668] [renderer] v4 conversation subscription activated {
  workspaceKey: 'E:\\Xiadie\\Xiadie\\.runtime\\P01\\u08-no-key-1790939126108911100\\workspace',
  workspacePath: 'E:\\Xiadie\\Xiadie\\.runtime\\P01\\u08-no-key-1790939126108911100\\workspace',
  event: 'v4.conversation.subscribe.activated',
  module: 'ui.v4.conversation_transport',
  runtimeGeneration: 0,
  status: 'completed',
  subscriptionId: 'sub-muquxz9t-zy2ovybd-1',
  topic: 'conversation/9e49648f-a3a2-4e6d-9c73-dca6cbd02fa4'
}
[2026-10-02 19:06:14.666] [pid:31668] [renderer] v4 conversation store connect completed {
  durationMs: 1000,
  event: 'v4.conversation.store.connect.completed',
  generation: 1,
  logEpoch: 'muquxz9t-zy2ovybd',
  mode: 'snapshot',
  module: 'ui.v4.conversation_projection_store',
  status: 'completed',
  subscriptionId: 'sub-muquxz9t-zy2ovybd-1',
  topic: 'conversation/9e49648f-a3a2-4e6d-9c73-dca6cbd02fa4'
}
[2026-10-02 19:06:14.722] [pid:31668] [main] [host-log] (local-1) [host] [2026-10-02 19:06:14.723] [pid:10232] [zcode-host] [rpc:call] zcode-agent.conversationPlansV4 OK (3.1ms)
[2026-10-02 19:06:15.973] [pid:31668] [main] [host-log] (local-1) [host] [2026-10-02 19:06:15.974] [pid:10232] [settingService] writing settings to: E:\Xiadie\Xiadie\.runtime\P01\u08-no-key-1790939126108911100\home\.zcode\v2\setting.json {"recentProjects":["E:\\Xiadie\\Xiadie\\.runtime\\P01\\u08-no-key-1790939126108911100\\workspace"],"locale":"zh-CN","localePreference":"en-US","terminalInheritSystemProfile":true,"embeddedBrowserAllowInsecureCertificates":false,"embeddedBrowserViewportPreference":{"mode":"normal","viewport":{"width":393,"height":852},"zoom":"fit"},"computerUseComposerEntryHidden":true,"taskAutoArchiveEnabled":false,"taskAutoArchiveOlderThanDays":7,"closeToTrayOnWindows":true,"closeToTrayOnWindowsMigrationInitialized":true,"keepAwakeWhileRunning":false,"desktopChromiumHardwareAccelerationEnabled":false,"messageStreamShowReasoning":true,"messageStreamShowReasoningMigrationInitialized":true,"messageStreamShowTodos":false,"toolGroupingExploreEnabled":true,"toolGroupingTerminalEnabled":true,"toolGroupingChangesEnabled":false,"zcodeInteractionBehavior":"queue","askUserQuestionAutoResolutionEnabled":true,"modelIoFullRetentionEnabled":false,"startPlanRecommendationDismissed":false,"providerFamilyConnectionSelections":{},"providerFamilyDomain":"zai","providerFamilyDomainUpdatedAt":1790939169563,"providerFamilyDomainMigrated":true,"nativeSearchEnhancementsEnabled":true,"memoryEnabled":false,"lastWorkspaceSession":[{"kind":"local","workspacePath":"E:\\Xiadie\\Xiadie\\.runtime\\P01\\u08-no-key-1790939126108911100\\workspace","workspacePurpose":"project"},{"kind":"local","workspacePath":"E:\\Xiadie\\Xiadie\\.runtime\\P01\\u08-no-key-1790939126108911100\\data\\.zcode\\workspace\\default","workspacePurpose":"conversation"}],"lastActiveTabIndex":0,"receivePreviewUpdates":false,"autoDownloadAndInstallUpdates":false,"skippedElectronUpdateVersions":{},"settingsSyncFirstRunPromptHandled":true}
[2026-10-02 19:06:15.979] [pid:31668] [main] [host-log] (local-1) [host] [2026-10-02 19:06:15.979] [pid:10232] [settingService] write done
[2026-10-02 19:06:15.980] [pid:31668] [main] [host-log] (local-1) [host] [2026-10-02 19:06:15.979] [pid:10232] [zcode-host] [rpc:call] setting.update OK (7.3ms)
[2026-10-02 19:06:19.649] [pid:31668] [main] [app-quit] forceQuit enabled (app-before-quit)
[2026-10-02 19:06:19.651] [pid:31668] [main] [stability] perf_app_exit reported { scene: 'app_quit', exitCode: 0 }
[2026-10-02 19:06:19.651] [pid:31668] [main] [app-quit] waiting for host process cleanup (app-before-quit), kind=normal, hosts=1, forceKillDelayMs=4000, waitTimeoutMs=4500
[2026-10-02 19:06:19.653] [pid:31668] [main] [disposeHostProcess] disposing host process (app-before-quit-1), pid=10232
[2026-10-02 19:06:19.654] [pid:31668] [main] [host-log] (local-1) [host] [2026-10-02 19:06:19.655] [pid:10232] [zcode-host] disposing host resources, reason=parent dispose
[2026-10-02 19:06:19.771] [pid:31668] [main] [host-log] (local-1) [host] [2026-10-02 19:06:19.771] [pid:10232] [zcode-agent] ZCode agent process exited {"workspaceKey":"E:\\Xiadie\\Xiadie\\.runtime\\P01\\u08-no-key-1790939126108911100\\workspace","pid":26088,"runtimeIdentity":"E:\\Xiadie\\Xiadie\\.runtime\\P01\\u08-no-key-1790939126108911100\\workspace:1:26088","code":0,"signal":null,"terminationKind":"expected","terminationReason":"manager-dispose"}
[2026-10-02 19:06:19.773] [pid:31668] [main] [host-log] (local-1) [host] [2026-10-02 19:06:19.772] [pid:10232] [zcode-agent] ZCode agent process cleanup completed {"workspaceKey":"E:\\Xiadie\\Xiadie\\.runtime\\P01\\u08-no-key-1790939126108911100\\workspace","pid":26088,"runtimeIdentity":"E:\\Xiadie\\Xiadie\\.runtime\\P01\\u08-no-key-1790939126108911100\\workspace:1:26088","reason":"manager-dispose"}
[2026-10-02 19:06:19.776] [pid:31668] [main] [task-realtime] unregistered host { hostId: '2325d702-9be9-4372-8938-a210d65017a6', windowId: 1 }
[2026-10-02 19:06:19.778] [pid:31668] [main] [spawnHostProcess] host process (local-1) exited with code 0
[2026-10-02 19:06:21.161] [pid:31668] [main] [app-quit] host process cleanup completed (app-before-quit)
[2026-10-02 19:06:21.162] [pid:31668] [main] [app-quit] preparation finished, resuming quit with windows=1
[2026-10-02 19:06:21.171] [pid:31668] [main] [createWindow] window closed, killing host process (local-1)
[2026-10-02 19:06:21.172] [pid:31668] [main] [app-quit] all windows closed after preparation, exiting app
[2026-10-02 19:06:21.172] [pid:31668] [main] [app-quit] exiting prepared app (all-windows-closed-after-preparation)
