[2026-10-03 09:41:38.442] [info] [pid:31988] [main] [crash-capture] configured remoteCrashReporterEnabled=true stagingDir=E:\Xiadie\Xiadie\.runtime\P01\validation\u11-final-02\degradation\scenarios\offline\profile\data\.zcode\v2\crash\live archiveDir=E:\Xiadie\Xiadie\.runtime\P01\validation\u11-final-02\degradation\scenarios\offline\profile\data\.zcode\v2\crash\archive
[2026-10-03 09:41:38.458] [info] [pid:31988] [main] [deep-link] 注册协议成功（defaultApp） {"scheme":"zcode","execPath":"E:\\Xiadie\\Xiadie\\.runtime\\P01\\desktop-source\\node_modules\\electron\\dist\\electron.exe","entry":"--inspect=0"}
[2026-10-03 09:41:38.460] [info] [pid:31988] [main] [startup] runtime process env prepared asynchronously id=1 in 8ms
[2026-10-03 09:41:38.557] [info] [pid:31988] [main] [open-folder] Windows Explorer 右键菜单已安装或更新 {"executablePath":"E:\\Xiadie\\Xiadie\\.runtime\\P01\\desktop-source\\node_modules\\electron\\dist\\electron.exe","hasDefaultAppEntry":true,"locale":"zh-CN"}
[2026-10-03 09:41:38.558] [info] [pid:31988] [main] [desktop-network] renderer proxy mode=direct bypass=disabled customCa=disabled insecureCerts=rejected
[2026-10-03 09:41:38.559] [info] [pid:31988] [main] [desktop-network] renderer proxy mode=system bypass=disabled customCa=disabled insecureCerts=rejected
[2026-10-03 09:41:38.560] [info] [pid:31988] [main] [auto-update] disabled for this desktop product flavor
[2026-10-03 09:41:38.566] [warn] [pid:31988] [main] [desktop-tray] failed to create tray icon {}
[2026-10-03 09:41:38.568] [info] [pid:31988] [main] [resource] sampling started interval=10000ms report=60000ms
[2026-10-03 09:41:38.568] [info] [pid:31988] [main] [network] reporting started interval=60000ms
[2026-10-03 09:41:38.568] [info] [pid:31988] [main] [force-update] Preview 跳过远端强制升级检查
[2026-10-03 09:41:38.569] [info] [pid:31988] [main] [startup] 创建主窗口
[2026-10-03 09:41:38.569] [info] [pid:31988] [main] [primary-window] creating main window (app-ready)
[2026-10-03 09:41:38.570] [info] [pid:31988] [main] [startup-workspace] using explicit open workspace: E:\Xiadie\Xiadie\.runtime\P01\validation\u11-final-02\degradation\scenarios\offline\profile\workspace
[2026-10-03 09:41:38.615] [warn] [pid:31988] [main] [desktop-context-prompt] config unavailable, using cached decision {"error":{},"enabled":false}
[2026-10-03 09:41:39.141] [info] [pid:31988] [main] [createWindow] dom-ready fired (local-1)
[2026-10-03 09:41:39.144] [warn] [pid:31988] [main] [renderer-action-trace] config unavailable, using cached decision {"error":{},"enabled":false}
[2026-10-03 09:41:39.147] [warn] [pid:31988] [main] [desktop-context-prompt] config unavailable, using cached decision {"error":{},"enabled":false}
[2026-10-03 09:41:39.148] [info] [pid:31988] [main] [desktop-context-prompt] first host spawn decision resolved {"enabled":false}
[2026-10-03 09:41:39.151] [info] [pid:31988] [main] [spawnHostProcess] forked host process for (local-1), pid=undefined
[2026-10-03 09:41:39.151] [info] [pid:31988] [main] [spawnHostProcess] host module path: E:\Xiadie\Xiadie\.runtime\P01\u10-candidate-06\packages\desktop\out\host\index.js
[2026-10-03 09:41:39.152] [info] [pid:31988] [main] [spawnHostProcess] glm binary path: <not found>
[2026-10-03 09:41:39.152] [info] [pid:31988] [main] [spawnHostProcess] BIGMODEL_OAUTH_APP_SECRET source: fallback
[2026-10-03 09:41:39.152] [info] [pid:31988] [main] [task-realtime] registered host {"hostId":"16f42cac-68be-4e61-a5b4-6b9f8076c019","windowId":1,"workspaceKeyCount":0,"deliveryKind":"desktop_window"}
[2026-10-03 09:41:39.157] [warn] [pid:31988] [main] [desktop-context-prompt] config unavailable, using cached decision {"error":{},"enabled":false}
[2026-10-03 09:41:39.467] [warn] [pid:31988] [main] [host-log] (local-1) [host] [2026-10-03 09:41:39.460] [pid:29840] [zcode-host] ExperimentalWarning: SQLite is an experimental feature and might change at any time
[2026-10-03 09:41:41.206] [info] [pid:31988] [main] [host-log] (local-1) [host] [2026-10-03 09:41:41.206] [pid:29840] [zcode-host] initializing local services
[2026-10-03 09:41:41.286] [info] [pid:31988] [main] [host-log] (local-1) [host] [2026-10-03 09:41:41.284] [pid:29840] [cua-pip-session] [cua-pip-session] wiring resolved {"enabled":false,"platform":"win32","serviceAuthorityMode":"desktop-local","lifecycleWired":true}
[2026-10-03 09:41:41.291] [info] [pid:31988] [main] [host-log] (local-1) [host] [2026-10-03 09:41:41.290] [pid:29840] [zcode-agent-service] 开始初始化 ZCode agent {"workspaceKey":"E:\\Xiadie\\Xiadie\\.runtime\\P01\\validation\\u11-final-02\\degradation\\scenarios\\offline\\profile\\workspace","workspacePath":"E:\\Xiadie\\Xiadie\\.runtime\\P01\\validation\\u11-final-02\\degradation\\scenarios\\offline\\profile\\workspace"}
[2026-10-03 09:41:41.291] [info] [pid:31988] [main] [host-log] (local-1) [host] [2026-10-03 09:41:41.290] [pid:29840] [zcode-host] exposing services on ChannelServer...
[2026-10-03 09:41:41.292] [info] [pid:31988] [main] [host-log] (local-1) [host] [2026-10-03 09:41:41.291] [pid:29840] [zcode-host] creating ChannelServer (deferInit=false)
[2026-10-03 09:41:41.292] [info] [pid:31988] [main] [host-log] (local-1) [host] [2026-10-03 09:41:41.291] [pid:29840] [zcode-host] [rpc:register] channel "file"
[2026-10-03 09:41:41.293] [info] [pid:31988] [main] [host-log] (local-1) [host] [2026-10-03 09:41:41.291] [pid:29840] [zcode-host] [rpc:register] channel "media-preview"
[2026-10-03 09:41:41.293] [info] [pid:31988] [main] [host-log] (local-1) [host] [2026-10-03 09:41:41.291] [pid:29840] [zcode-host] [rpc:register] channel "git"
[2026-10-03 09:41:41.294] [info] [pid:31988] [main] [host-log] (local-1) [host] [2026-10-03 09:41:41.291] [pid:29840] [zcode-host] [rpc:register] channel "git-checkpoint"
[2026-10-03 09:41:41.294] [info] [pid:31988] [main] [host-log] (local-1) [host] [2026-10-03 09:41:41.291] [pid:29840] [zcode-host] [rpc:register] channel "system"
[2026-10-03 09:41:41.295] [info] [pid:31988] [main] [host-log] (local-1) [host] [2026-10-03 09:41:41.291] [pid:29840] [zcode-host] [rpc:register] channel "terminal"
[2026-10-03 09:41:41.296] [info] [pid:31988] [main] [host-log] (local-1) [host] [2026-10-03 09:41:41.291] [pid:29840] [zcode-host] [rpc:register] channel "setting"
[2026-10-03 09:41:41.296] [info] [pid:31988] [main] [host-log] (local-1) [host] [2026-10-03 09:41:41.291] [pid:29840] [zcode-host] [rpc:register] channel "onboarding-record"
[2026-10-03 09:41:41.297] [info] [pid:31988] [main] [host-log] (local-1) [host] [2026-10-03 09:41:41.292] [pid:29840] [zcode-host] [rpc:register] channel "credential"
[2026-10-03 09:41:41.297] [info] [pid:31988] [main] [host-log] (local-1) [host] [2026-10-03 09:41:41.292] [pid:29840] [zcode-host] [rpc:register] channel "broadcast"
[2026-10-03 09:41:41.298] [info] [pid:31988] [main] [host-log] (local-1) [host] [2026-10-03 09:41:41.292] [pid:29840] [zcode-host] [rpc:register] channel "zcode-task"
[2026-10-03 09:41:41.298] [info] [pid:31988] [main] [host-log] (local-1) [host] [2026-10-03 09:41:41.292] [pid:29840] [zcode-host] [rpc:register] channel "zcode-agent"
[2026-10-03 09:41:41.299] [info] [pid:31988] [main] [host-log] (local-1) [host] [2026-10-03 09:41:41.292] [pid:29840] [zcode-host] [rpc:register] channel "zcode-session"
[2026-10-03 09:41:41.299] [info] [pid:31988] [main] [host-log] (local-1) [host] [2026-10-03 09:41:41.292] [pid:29840] [zcode-host] [rpc:register] channel "cua-permission"
[2026-10-03 09:41:41.300] [info] [pid:31988] [main] [host-log] (local-1) [host] [2026-10-03 09:41:41.292] [pid:29840] [zcode-host] [rpc:register] channel "cua-pip-session"
[2026-10-03 09:41:41.300] [info] [pid:31988] [main] [host-log] (local-1) [host] [2026-10-03 09:41:41.292] [pid:29840] [zcode-host] [rpc:register] channel "conversation-share"
[2026-10-03 09:41:41.301] [info] [pid:31988] [main] [host-log] (local-1) [host] [2026-10-03 09:41:41.292] [pid:29840] [zcode-host] [rpc:register] channel "bots"
[2026-10-03 09:41:41.301] [info] [pid:31988] [main] [host-log] (local-1) [host] [2026-10-03 09:41:41.292] [pid:29840] [zcode-host] [rpc:register] channel "file-watcher"
[2026-10-03 09:41:41.302] [info] [pid:31988] [main] [host-log] (local-1) [host] [2026-10-03 09:41:41.292] [pid:29840] [zcode-host] [rpc:register] channel "oauth"
[2026-10-03 09:41:41.303] [info] [pid:31988] [main] [host-log] (local-1) [host] [2026-10-03 09:41:41.292] [pid:29840] [zcode-host] [rpc:register] channel "usage-stats"
[2026-10-03 09:41:41.303] [info] [pid:31988] [main] [host-log] (local-1) [host] [2026-10-03 09:41:41.292] [pid:29840] [zcode-host] [rpc:register] channel "coding-plan-subscription"
[2026-10-03 09:41:41.304] [info] [pid:31988] [main] [host-log] (local-1) [host] [2026-10-03 09:41:41.292] [pid:29840] [zcode-host] [rpc:register] channel "client-config"
[2026-10-03 09:41:41.304] [info] [pid:31988] [main] [host-log] (local-1) [host] [2026-10-03 09:41:41.292] [pid:29840] [zcode-host] [rpc:register] channel "client-scenes"
[2026-10-03 09:41:41.305] [info] [pid:31988] [main] [host-log] (local-1) [host] [2026-10-03 09:41:41.292] [pid:29840] [zcode-host] [rpc:register] channel "off-peak-task"
[2026-10-03 09:41:41.305] [info] [pid:31988] [main] [host-log] (local-1) [host] [2026-10-03 09:41:41.292] [pid:29840] [zcode-host] [rpc:register] channel "skills"
[2026-10-03 09:41:41.306] [info] [pid:31988] [main] [host-log] (local-1) [host] [2026-10-03 09:41:41.292] [pid:29840] [zcode-host] [rpc:register] channel "skill-sync"
[2026-10-03 09:41:41.306] [info] [pid:31988] [main] [host-log] (local-1) [host] [2026-10-03 09:41:41.292] [pid:29840] [zcode-host] [rpc:register] channel "mcp-sync"
[2026-10-03 09:41:41.307] [info] [pid:31988] [main] [host-log] (local-1) [host] [2026-10-03 09:41:41.292] [pid:29840] [zcode-host] [rpc:register] channel "plugin-sync"
[2026-10-03 09:41:41.308] [info] [pid:31988] [main] [host-log] (local-1) [host] [2026-10-03 09:41:41.292] [pid:29840] [zcode-host] [rpc:register] channel "plugins"
[2026-10-03 09:41:41.308] [info] [pid:31988] [main] [host-log] (local-1) [host] [2026-10-03 09:41:41.292] [pid:29840] [zcode-host] [rpc:register] channel "plugin-management"
[2026-10-03 09:41:41.309] [info] [pid:31988] [main] [host-log] (local-1) [host] [2026-10-03 09:41:41.292] [pid:29840] [zcode-host] [rpc:register] channel "subagents"
[2026-10-03 09:41:41.310] [info] [pid:31988] [main] [host-log] (local-1) [host] [2026-10-03 09:41:41.292] [pid:29840] [zcode-host] [rpc:register] channel "commands"
[2026-10-03 09:41:41.311] [info] [pid:31988] [main] [host-log] (local-1) [host] [2026-10-03 09:41:41.292] [pid:29840] [zcode-host] [rpc:register] channel "hooks"
[2026-10-03 09:41:41.311] [info] [pid:31988] [main] [host-log] (local-1) [host] [2026-10-03 09:41:41.292] [pid:29840] [zcode-host] [rpc:register] channel "memory"
[2026-10-03 09:41:41.312] [info] [pid:31988] [main] [host-log] (local-1) [host] [2026-10-03 09:41:41.292] [pid:29840] [zcode-host] [rpc:register] channel "settings-sync"
[2026-10-03 09:41:41.312] [info] [pid:31988] [main] [host-log] (local-1) [host] [2026-10-03 09:41:41.292] [pid:29840] [zcode-host] [rpc:register] channel "feedback"
[2026-10-03 09:41:41.313] [info] [pid:31988] [main] [host-log] (local-1) [host] [2026-10-03 09:41:41.292] [pid:29840] [zcode-host] [rpc:register] channel "prompt-attachment-transfer"
[2026-10-03 09:41:41.313] [info] [pid:31988] [main] [host-log] (local-1) [host] [2026-10-03 09:41:41.292] [pid:29840] [zcode-host] [rpc:register] channel "provider-settings"
[2026-10-03 09:41:41.313] [info] [pid:31988] [main] [host-log] (local-1) [host] [2026-10-03 09:41:41.292] [pid:29840] [zcode-host] [rpc:register] channel "model-selection"
[2026-10-03 09:41:41.314] [info] [pid:31988] [main] [host-log] (local-1) [host] [2026-10-03 09:41:41.292] [pid:29840] [zcode-host] [rpc:register] channel "window-controller"
[2026-10-03 09:41:41.314] [info] [pid:31988] [main] [host-log] (local-1) [host] [2026-10-03 09:41:41.292] [pid:29840] [zcode-host] service connection ready mode=desktop-continuous
[2026-10-03 09:41:41.315] [info] [pid:31988] [main] [host-log] (local-1) [host] [2026-10-03 09:41:41.293] [pid:29840] [zcode-host] window Host topology, reason=base-attachment-ready, pid=29840, connections=0, logicalSessions=0, attachments=1
[2026-10-03 09:41:41.315] [info] [pid:31988] [main] [host-log] (local-1) [host] [2026-10-03 09:41:41.293] [pid:29840] [zcode-host] local services ready, all channels registered
[2026-10-03 09:41:41.316] [info] [pid:31988] [main] [database-startup] terminal {"attemptId":"671e3d6b-2062-44e4-880e-92c42f28609c","status":"ready","durationMs":1830,"disk":[{"scopeId":"df81e191609143170757a1d69e37b8a237e4ca4bd99588ddaf1f2f5467edaaaf","observedAvailableDropPeakBytes":151552,"minAvailableBytes":271317557248,"quality":"complete","sampledAt":1790991700188}]}
[2026-10-03 09:41:41.318] [info] [pid:31988] [main] [cron-scheduler] forked scheduler process pid=undefined
[2026-10-03 09:41:41.324] [info] [pid:31988] [main] [host-log] (local-1) [host] [2026-10-03 09:41:41.323] [pid:29840] [zcode-host] [rpc:listen] broadcast.onMessage subscribed
[2026-10-03 09:41:41.327] [info] [pid:31988] [main] [host-log] (local-1) [host] [2026-10-03 09:41:41.326] [pid:29840] [zcode-host] [rpc:listen] zcode-agent.onDynamicCuaPermissionObservation subscribed
[2026-10-03 09:41:41.328] [info] [pid:31988] [main] [host-log] (local-1) [host] [2026-10-03 09:41:41.327] [pid:29840] [zcode-host] [rpc:listen] model-selection.onDidChange subscribed
[2026-10-03 09:41:41.329] [info] [pid:31988] [main] [task-realtime] updated host workspace scopes {"hostId":"16f42cac-68be-4e61-a5b4-6b9f8076c019","workspaceKeyCount":0}
[2026-10-03 09:41:41.352] [info] [pid:31988] [main] [host-log] (local-1) [host] [2026-10-03 09:41:41.327] [pid:29840] [zcode-host] [rpc:listen] broadcast.onMessage subscribed
[2026-10-03 09:41:41.353] [info] [pid:31988] [main] [host-log] (local-1) [host] [2026-10-03 09:41:41.328] [pid:29840] [zcode-host] [rpc:listen] provider-settings.onDidChange subscribed
[2026-10-03 09:41:41.354] [info] [pid:31988] [main] [host-log] (local-1) [host] [2026-10-03 09:41:41.328] [pid:29840] [zcode-host] [rpc:listen] broadcast.onMessage subscribed
[2026-10-03 09:41:41.360] [info] [pid:31988] [main] [host-log] (local-1) [host] [2026-10-03 09:41:41.331] [pid:29840] [zcode-host] [rpc:call] setting.get OK (4.2ms)
[2026-10-03 09:41:41.361] [info] [pid:31988] [main] [host-log] (local-1) [host] [2026-10-03 09:41:41.332] [pid:29840] [zcode-host] [rpc:call] setting.get OK (4.3ms)
[2026-10-03 09:41:41.362] [info] [pid:31988] [main] [host-log] (local-1) [host] [2026-10-03 09:41:41.332] [pid:29840] [zcode-host] [rpc:listen] provider-settings.onDidChange subscribed
[2026-10-03 09:41:41.363] [info] [pid:31988] [main] [host-log] (local-1) [host] [2026-10-03 09:41:41.333] [pid:29840] [zcode-host] [rpc:listen] broadcast.onMessage subscribed
[2026-10-03 09:41:41.364] [info] [pid:31988] [main] [host-log] (local-1) [host] [2026-10-03 09:41:41.333] [pid:29840] [zcode-host] [rpc:listen] broadcast.onMessage subscribed
[2026-10-03 09:41:41.365] [info] [pid:31988] [main] [host-log] (local-1) [host] [2026-10-03 09:41:41.340] [pid:29840] [oauthService] restoreCachedSession skipped: no active provider
[2026-10-03 09:41:41.365] [info] [pid:31988] [main] [host-log] (local-1) [host] [2026-10-03 09:41:41.340] [pid:29840] [zcode-host] [rpc:call] oauth.restoreCachedSessionState OK (7.6ms)
[2026-10-03 09:41:41.366] [info] [pid:31988] [main] [host-log] (local-1) [host] [2026-10-03 09:41:41.340] [pid:29840] [zcode-host] [rpc:call] setting.get OK (7.6ms)
[2026-10-03 09:41:41.367] [info] [pid:31988] [main] [host-log] (local-1) [host] [2026-10-03 09:41:41.341] [pid:29840] [zcode-host] [rpc:call] zcode-agent.syncAppRuntimePreferences OK (0.1ms)
[2026-10-03 09:41:41.367] [info] [pid:31988] [main] [host-log] (local-1) [host] [2026-10-03 09:41:41.341] [pid:29840] [zcode-host] [rpc:call] bots.syncAppRuntimePreferences OK (0.0ms)
[2026-10-03 09:41:41.368] [info] [pid:31988] [main] [host-log] (local-1) [host] [2026-10-03 09:41:41.341] [pid:29840] [zcode-host] [rpc:call] oauth.getActiveProvider OK (0.6ms)
[2026-10-03 09:41:41.369] [warn] [pid:31988] [main] [host-log] (local-1) [host] [2026-10-03 09:41:41.350] [pid:29840] [codingPlanSubscription] 动态工作流灰度配置读取失败，按关闭处理 {"errorMessage":"HTTP 404"}
[2026-10-03 09:41:41.370] [info] [pid:31988] [main] [host-log] (local-1) [host] [2026-10-03 09:41:41.351] [pid:29840] [zcode-host] [rpc:call] coding-plan-subscription.getDynamicWorkflowClientConfig OK (24.2ms)
[2026-10-03 09:41:41.374] [info] [pid:31988] [main] [open-folder] Windows Explorer 右键菜单已安装或更新 {"executablePath":"E:\\Xiadie\\Xiadie\\.runtime\\P01\\desktop-source\\node_modules\\electron\\dist\\electron.exe","hasDefaultAppEntry":true,"locale":"zh-CN"}
[2026-10-03 09:41:41.430] [info] [pid:31988] [main] [cron-scheduler] scheduler process exited code=1
[2026-10-03 09:41:41.436] [info] [pid:31988] [main] [crash-capture] child-process-gone: {"type":"Utility","reason":"killed","exitCode":1,"serviceName":"node.mojom.NodeService","name":"zcode-cron-scheduler"}
[2026-10-03 09:41:41.438] [info] [pid:31988] [main] [stability] perf_process_exit reported {"exit_code":1,"exit_reason":"killed","process_role":"utility","exit_kind":"normal","process_type":"Utility","process_name":"node.mojom.NodeService"}
[2026-10-03 09:41:41.490] [warn] [pid:31988] [main] [host-log] (local-1) [host] [2026-10-03 09:41:41.488] [pid:29840] [provider-config] ZCode Built-in Config 远端刷新失败 {"error":{}}
[2026-10-03 09:41:41.491] [info] [pid:31988] [main] [host-log] (local-1) [host] [2026-10-03 09:41:41.489] [pid:29840] [provider-runtime][trace:Provider Registry 已就绪] {"configRevision":"[\"zcode-builtin:30:8b826375e0bcba1172987c6568e77738d0222b10dcb8b394513b6eda7c037f7e\",\"f653747f36d2181c33e6421c66b12b5dd2af3cda4fb5c182c6ef1937aa896225\"]","providerCount":1}
[2026-10-03 09:41:41.491] [info] [pid:31988] [main] [host-log] (local-1) [host] [2026-10-03 09:41:41.490] [pid:29840] [zcode-host] [rpc:call] provider-settings.getView OK (162.5ms)
[2026-10-03 09:41:41.492] [info] [pid:31988] [main] [host-log] (local-1) [host] [2026-10-03 09:41:41.490] [pid:29840] [zcode-host] [rpc:call] provider-settings.getView OK (158.0ms)
[2026-10-03 09:41:41.492] [info] [pid:31988] [main] [host-log] (local-1) [host] [2026-10-03 09:41:41.491] [pid:29840] [zcode-host] [rpc:call] credential.load OK (0.5ms)
[2026-10-03 09:41:41.493] [info] [pid:31988] [main] [host-log] (local-1) [host] [2026-10-03 09:41:41.492] [pid:29840] [zcode-host] [rpc:call] credential.load OK (1.2ms)
[2026-10-03 09:41:41.495] [info] [pid:31988] [main] [host-log] (local-1) [host] [2026-10-03 09:41:41.494] [pid:29840] [zcode-agent] ZCode agent command resolved {"workspaceKey":"E:\\Xiadie\\Xiadie\\.runtime\\P01\\validation\\u11-final-02\\degradation\\scenarios\\offline\\profile\\workspace","command":"E:\\Xiadie\\Xiadie\\.runtime\\P01\\desktop-source\\node_modules\\electron\\dist\\electron.exe","effectiveCommand":"E:\\Xiadie\\Xiadie\\.runtime\\P01\\desktop-source\\node_modules\\electron\\dist\\electron.exe","resolveCommandDurationMs":0}
[2026-10-03 09:41:41.496] [info] [pid:31988] [main] [host-log] (local-1) [host] [2026-10-03 09:41:41.495] [pid:29840] [zcode-host] [rpc:call] model-selection.getView OK (167.8ms)
[2026-10-03 09:41:41.496] [info] [pid:31988] [main] [host-log] (local-1) [host] [2026-10-03 09:41:41.496] [pid:29840] [zcode-host] [rpc:call] model-selection.getView OK (151.0ms)
[2026-10-03 09:41:41.501] [info] [pid:31988] [main] [host-log] (local-1) [host] [2026-10-03 09:41:41.500] [pid:29840] [zcode-agent] ZCode agent process start already in progress {"workspaceKey":"E:\\Xiadie\\Xiadie\\.runtime\\P01\\validation\\u11-final-02\\degradation\\scenarios\\offline\\profile\\workspace"}
[2026-10-03 09:41:41.502] [info] [pid:31988] [main] [host-log] (local-1) [host] [2026-10-03 09:41:41.501] [pid:29840] [settingService] writing settings to: E:\Xiadie\Xiadie\.runtime\P01\validation\u11-final-02\degradation\scenarios\offline\profile\home\.zcode\v2\setting.json {"recentProjects":[],"locale":"zh-CN","localePreference":"system","terminalInheritSystemProfile":true,"embeddedBrowserAllowInsecureCertificates":false,"embeddedBrowserViewportPreference":{"mode":"normal","viewport":{"width":393,"height":852},"zoom":"fit"},"computerUseComposerEntryHidden":true,"taskAutoArchiveEnabled":false,"taskAutoArchiveOlderThanDays":7,"closeToTrayOnWindows":true,"closeToTrayOnWindowsMigrationInitialized":true,"keepAwakeWhileRunning":false,"desktopChromiumHardwareAccelerationEnabled":true,"messageStreamShowReasoning":true,"messageStreamShowReasoningMigrationInitialized":true,"messageStreamShowTodos":false,"toolGroupingExploreEnabled":true,"toolGroupingTerminalEnabled":true,"toolGroupingChangesEnabled":false,"zcodeInteractionBehavior":"queue","askUserQuestionAutoResolutionEnabled":true,"modelIoFullRetentionEnabled":false,"startPlanRecommendationDismissed":false,"providerFamilyConnectionSelections":{},"providerFamilyDomainUpdatedAt":1790991701497,"providerFamilyDomainMigrated":true,"nativeSearchEnhancementsEnabled":true,"memoryEnabled":false,"lastWorkspaceSession":[],"lastActiveTabIndex":0,"receivePreviewUpdates":false,"autoDownloadAndInstallUpdates":false,"skippedElectronUpdateVersions":{}}
[2026-10-03 09:41:41.503] [error] [pid:31988] [main] [host-log] (local-1) [host] [2026-10-03 09:41:41.502] [pid:29840] [cua-product-helper] Windows CUA Helper runtime resolution failed {"reason":"invalid-runtime-manifest","artifact":"runtime-manifest.json","errorName":"WindowsCuaDevRuntimeResolutionError","message":"Windows CUA packaged runtime has an invalid runtime-manifest.json."}
[2026-10-03 09:41:41.503] [warn] [pid:31988] [main] [host-log] (local-1) [host] [2026-10-03 09:41:41.502] [pid:29840] [cua-product-helper] Computer Use Helper broker_unavailable; disabling workspace zcode-cua MCP server for this agent spawn (Windows CUA packaged runtime has an invalid runtime-manifest.json.)
[2026-10-03 09:41:41.517] [info] [pid:31988] [main] [host-log] (local-1) [host] [2026-10-03 09:41:41.517] [pid:29840] [settingService] write done
[2026-10-03 09:41:41.519] [info] [pid:31988] [main] [host-log] (local-1) [host] [2026-10-03 09:41:41.517] [pid:29840] [zcode-host] [rpc:call] setting.update OK (19.4ms)
[2026-10-03 09:41:41.521] [info] [pid:31988] [main] [host-log] (local-1) [host] [2026-10-03 09:41:41.521] [pid:29840] [zcode-host] [rpc:call] oauth.getProviders OK (0.1ms)
[2026-10-03 09:41:41.522] [info] [pid:31988] [main] [host-log] (local-1) [host] [2026-10-03 09:41:41.521] [pid:29840] [zcode-host] [rpc:call] oauth.getProviders OK (0.0ms)
[2026-10-03 09:41:41.523] [info] [pid:31988] [main] [host-log] (local-1) [host] [2026-10-03 09:41:41.522] [pid:29840] [zcode-host] [rpc:call] oauth.getActiveProvider OK (0.3ms)
[2026-10-03 09:41:41.524] [info] [pid:31988] [main] [host-log] (local-1) [host] [2026-10-03 09:41:41.523] [pid:29840] [zcode-host] [rpc:call] setting.get OK (5.0ms)
[2026-10-03 09:41:41.526] [info] [pid:31988] [main] [host-log] (local-1) [host] [2026-10-03 09:41:41.526] [pid:29840] [zcode-host] [rpc:call] oauth.getActiveProvider OK (4.0ms)
[2026-10-03 09:41:41.529] [info] [pid:31988] [main] [host-log] (local-1) [host] [2026-10-03 09:41:41.529] [pid:29840] [zcode-agent] ZCode agent spawn preflight {"workspaceKey":"E:\\Xiadie\\Xiadie\\.runtime\\P01\\validation\\u11-final-02\\degradation\\scenarios\\offline\\profile\\workspace","spawnPreflight":{"command":"E:\\Xiadie\\Xiadie\\.runtime\\P01\\desktop-source\\node_modules\\electron\\dist\\electron.exe","args":["E:\\Xiadie\\Xiadie\\.runtime\\P01\\u10-candidate-06\\apps\\zcode-cli\\packages\\cli\\dist\\zcode.cjs","app-server","--stdio"],"requestedCwd":"E:\\Xiadie\\Xiadie\\.runtime\\P01\\validation\\u11-final-02\\degradation\\scenarios\\offline\\profile\\workspace","cwd":"E:\\Xiadie\\Xiadie\\.runtime\\P01\\validation\\u11-final-02\\degradation\\scenarios\\offline\\profile\\workspace","cwdSource":"command","commandPathKind":"absolute","commandExists":true,"cwdExists":true}}
[2026-10-03 09:41:41.541] [info] [pid:31988] [main] [host-log] (local-1) [host] [2026-10-03 09:41:41.541] [pid:29840] [zcode-agent] ZCode agent process start wait completed {"workspaceKey":"E:\\Xiadie\\Xiadie\\.runtime\\P01\\validation\\u11-final-02\\degradation\\scenarios\\offline\\profile\\workspace","durationMs":41}
[2026-10-03 09:41:41.543] [info] [pid:31988] [main] [stability] perf_agent_start reported {"pid":15828,"runtimeGeneration":1,"runtimeInstanceId":"agent-c4b85d12-34de-4ede-9f86-22fbaece21fc"}
[2026-10-03 09:41:41.544] [info] [pid:31988] [main] [host-log] (local-1) [host] [2026-10-03 09:41:41.542] [pid:29840] [zcode-agent] ZCode agent process started {"workspaceKey":"E:\\Xiadie\\Xiadie\\.runtime\\P01\\validation\\u11-final-02\\degradation\\scenarios\\offline\\profile\\workspace","command":"E:\\Xiadie\\Xiadie\\.runtime\\P01\\desktop-source\\node_modules\\electron\\dist\\electron.exe","cwd":"E:\\Xiadie\\Xiadie\\.runtime\\P01\\validation\\u11-final-02\\degradation\\scenarios\\offline\\profile\\workspace","pid":15828,"durationMs":48}
[2026-10-03 09:41:41.548] [warn] [pid:31988] [main] [host-log] (local-1) [host] [2026-10-03 09:41:41.548] [pid:29840] [codingPlanSubscription] 动态工作流灰度配置读取失败，按关闭处理 {"errorMessage":"HTTP 404"}
[2026-10-03 09:41:41.607] [warn] [pid:31988] [main] [host-log] (local-1) [host] [2026-10-03 09:41:41.606] [pid:29840] [zcode-host] [rpc:call] provider-settings.refresh FAIL (265.4ms) {"name":"Error","message":"ZCode Built-in client-config: HTTP 404","stack":"Error: ZCode Built-in client-config: HTTP 404\n    at downloadZCodeBuiltinRelease (file:///E:/Xiadie/Xiadie/.runtime/P01/u10-candidate-06/packages/desktop/out/host/index.js:3:71461)\n    at process.processTicksAndRejections (node:internal/process/task_queues:104:5)\n    at async #r (file:///E:/Xiadie/Xiadie/.runtime/P01/u10-candidate-06/packages/desktop/out/host/index.js:3:73689)\n    at async Promise.allSettled (index 0)\n    at async Object.refreshSources (file:///E:/Xiadie/Xiadie/.runtime/P01/u10-candidate-06/packages/desktop/out/host/index.js:153:129727)\n    at async ProviderSettingsFacade.refresh (file:///E:/Xiadie/Xiadie/.runtime/P01/u10-candidate-06/packages/desktop/out/host/index.js:3:55937)\n    at async NetworkTelemetryServerChannel.call (file:///E:/Xiadie/Xiadie/.runtime/P01/u10-candidate-06/packages/desktop/out/host/chunk-XPU7OCSY.js:3:3883)\n    at async LoggingServerChannel.call (file:///E:/Xiadie/Xiadie/.runtime/P01/u10-candidate-06/packages/desktop/out/host/chunk-XPU7OCSY.js:3:2318)"}
[2026-10-03 09:41:41.608] [warn] [pid:31988] [main] [host-log] (local-1) [host] [2026-10-03 09:41:41.607] [pid:29840] [zcode-host] [rpc:call] provider-settings.refresh FAIL (80.6ms) {"name":"Error","message":"ZCode Built-in client-config: HTTP 404","stack":"Error: ZCode Built-in client-config: HTTP 404\n    at downloadZCodeBuiltinRelease (file:///E:/Xiadie/Xiadie/.runtime/P01/u10-candidate-06/packages/desktop/out/host/index.js:3:71461)\n    at process.processTicksAndRejections (node:internal/process/task_queues:104:5)\n    at async #r (file:///E:/Xiadie/Xiadie/.runtime/P01/u10-candidate-06/packages/desktop/out/host/index.js:3:73689)\n    at async Promise.allSettled (index 0)\n    at async Object.refreshSources (file:///E:/Xiadie/Xiadie/.runtime/P01/u10-candidate-06/packages/desktop/out/host/index.js:153:129727)\n    at async ProviderSettingsFacade.refresh (file:///E:/Xiadie/Xiadie/.runtime/P01/u10-candidate-06/packages/desktop/out/host/index.js:3:55937)\n    at async NetworkTelemetryServerChannel.call (file:///E:/Xiadie/Xiadie/.runtime/P01/u10-candidate-06/packages/desktop/out/host/chunk-XPU7OCSY.js:3:3883)\n    at async LoggingServerChannel.call (file:///E:/Xiadie/Xiadie/.runtime/P01/u10-candidate-06/packages/desktop/out/host/chunk-XPU7OCSY.js:3:2318)"}
[2026-10-03 09:41:42.353] [info] [pid:31988] [main] [stability] perf_app_start reported
[2026-10-03 09:41:42.357] [info] [pid:31988] [main] [host-log] (local-1) [host] [2026-10-03 09:41:42.356] [pid:29840] [zcode-agent-service] 为只读会话控制面启动 ZCode agent {"workspaceKey":"E:\\Xiadie\\Xiadie\\.runtime\\P01\\validation\\u11-final-02\\degradation\\scenarios\\offline\\profile\\workspace","workspacePath":"E:\\Xiadie\\Xiadie\\.runtime\\P01\\validation\\u11-final-02\\degradation\\scenarios\\offline\\profile\\workspace"}
[2026-10-03 09:41:42.358] [info] [pid:31988] [main] [stability] perf_agent_ready reported {"pid":15828,"runtimeGeneration":1,"runtimeInstanceId":"agent-c4b85d12-34de-4ede-9f86-22fbaece21fc","startupDurationMs":816}
[2026-10-03 09:41:42.358] [info] [pid:31988] [main] [host-log] (local-1) [host] [2026-10-03 09:41:42.356] [pid:29840] [zcode-agent-service] provider/model 就绪，允许 ZCode agent 模型执行 {"modelId":"deepseek-flash","providerId":"p01-u10-loopback","revision":"model-selection:1","workspaceKey":"E:\\Xiadie\\Xiadie\\.runtime\\P01\\validation\\u11-final-02\\degradation\\scenarios\\offline\\profile\\workspace","workspacePath":"E:\\Xiadie\\Xiadie\\.runtime\\P01\\validation\\u11-final-02\\degradation\\scenarios\\offline\\profile\\workspace"}
[2026-10-03 09:41:42.359] [info] [pid:31988] [main] [host-log] (local-1) [host] [2026-10-03 09:41:42.357] [pid:29840] [zcode-agent-service] provider/model 就绪，允许 ZCode agent 模型执行 {"modelId":"deepseek-flash","providerId":"p01-u10-loopback","revision":"model-selection:1","workspaceKey":"E:\\Xiadie\\Xiadie\\.runtime\\P01\\validation\\u11-final-02\\degradation\\scenarios\\offline\\profile\\workspace","workspacePath":"E:\\Xiadie\\Xiadie\\.runtime\\P01\\validation\\u11-final-02\\degradation\\scenarios\\offline\\profile\\workspace"}
[2026-10-03 09:41:42.359] [info] [pid:31988] [main] [host-log] (local-1) [host] [2026-10-03 09:41:42.357] [pid:29840] [zcode-agent-service] ZCode agent 初始化完成 {"durationMs":1067,"transportKind":"stdio","workspaceKey":"E:\\Xiadie\\Xiadie\\.runtime\\P01\\validation\\u11-final-02\\degradation\\scenarios\\offline\\profile\\workspace","workspacePath":"E:\\Xiadie\\Xiadie\\.runtime\\P01\\validation\\u11-final-02\\degradation\\scenarios\\offline\\profile\\workspace"}
[2026-10-03 09:41:42.360] [info] [pid:31988] [main] [host-log] (local-1) [host] [2026-10-03 09:41:42.357] [pid:29840] [zcode-host] ZCode agent warmup ready (local host init (1/1)) workspace=E:\Xiadie\Xiadie\.runtime\P01\validation\u11-final-02\degradation\scenarios\offline\profile\workspace transport=stdio
[2026-10-03 09:41:42.379] [info] [pid:31988] [main] [host-log] (local-1) [host] [2026-10-03 09:41:42.379] [pid:29840] [zcode-agent-service] account provider config 已交付到 ZCode agent {"providerCount":8,"reason":"startup_ready:model_selection_changed","receivedRevision":"account:[\"zcode-builtin:30:8b826375e0bcba1172987c6568e77738d0222b10dcb8b394513b6eda7c037f7e\",[{\"providerId\":\"account:zai-individual-coding-plan\",\"config\":{\"access\":{\"type\":\"zhipu-account\",\"entitled\":false}}},{\"providerId\":\"account:zai-team-coding-plan\",\"config\":{\"access\":{\"type\":\"zhipu-account\",\"entitled\":false}}},{\"providerId\":\"account:zai-start-plan\",\"config\":{\"access\":{\"type\":\"zhipu-account\",\"entitled\":false}}},{\"providerId\":\"account:bigmodel-individual-coding-plan\",\"config\":{\"access\":{\"type\":\"zhipu-account\",\"entitled\":false}}},{\"providerId\":\"account:bigmodel-team-coding-plan\",\"config\":{\"access\":{\"type\":\"zhipu-account\",\"entitled\":false}}},{\"providerId\":\"account:bigmodel-start-plan\",\"config\":{\"access\":{\"type\":\"zhipu-account\",\"entitled\":false}}},{\"providerId\":\"account:zai-offpeak-idle-plan\",\"config\":{\"access\":{\"type\":\"zhipu-account\",\"entitled\":false}}},{\"providerId\":\"account:bigmodel-offpeak-idle-plan\",\"config\":{\"access\":{\"type\":\"zhipu-account\",\"entitled\":false}}}],{\"account:zai-individual-coding-plan\":{\"availability\":\"unavailable\",\"entitled\":false,\"unavailableReason\":\"not-connected\",\"current\":false,\"connectionKey\":\"41717a7a173a5e88981ed3b30d6c754715277dce3b302a8e7b1386cdf57b9b4c\"},\"account:zai-team-coding-plan\":{\"availability\":\"unavailable\",\"entitled\":false,\"unavailableReason\":\"not-connected\",\"current\":false,\"connectionKey\":\"41717a7a173a5e88981ed3b30d6c754715277dce3b302a8e7b1386cdf57b9b4c\"},\"account:zai-start-plan\":{\"availability\":\"unavailable\",\"entitled\":false,\"unavailableReason\":\"not-connected\",\"current\":false,\"connectionKey\":\"b20a8f39ea1865b9bdbc4f21e0774500034895a93cdf0c737917b6532ebedcea\"},\"account:bigmodel-individual-coding-plan\":{\"availability\":\"unavailable\",\"entitled\":false,\"unavailableReason\":\"not-connected\",\"current\":false,\"connectionKey\":\"145736c8450a04bf4ba21aee47794f53d87ea79c5dc4cc5b9f27fbf5b6038d53\"},\"account:bigmodel-team-coding-plan\":{\"availability\":\"unavailable\",\"entitled\":false,\"unavailableReason\":\"not-connected\",\"current\":false,\"connectionKey\":\"145736c8450a04bf4ba21aee47794f53d87ea79c5dc4cc5b9f27fbf5b6038d53\"},\"account:bigmodel-start-plan\":{\"availability\":\"unavailable\",\"entitled\":false,\"unavailableReason\":\"not-connected\",\"current\":false,\"connectionKey\":\"116fde2fcda0bb10f88164a63caadb0a0ec8611edcf75b35a9924684f9ba84bd\"},\"account:zai-offpeak-idle-plan\":{\"availability\":\"unavailable\",\"entitled\":false},\"account:bigmodel-offpeak-idle-plan\":{\"availability\":\"unavailable\",\"entitled\":false}}]","status":"received"}
[2026-10-03 09:41:42.380] [info] [pid:31988] [main] [host-log] (local-1) [host] [2026-10-03 09:41:42.379] [pid:29840] [zcode-agent-service] provider/model 就绪后已启动等待中的 ZCode agent {"providerCount":1,"reason":"model_selection_changed","revision":"model-selection:1","workspaceKey":"E:\\Xiadie\\Xiadie\\.runtime\\P01\\validation\\u11-final-02\\degradation\\scenarios\\offline\\profile\\workspace","workspacePath":"E:\\Xiadie\\Xiadie\\.runtime\\P01\\validation\\u11-final-02\\degradation\\scenarios\\offline\\profile\\workspace"}
[2026-10-03 09:41:44.874] [info] [pid:31988] [main] [host-log] (local-1) [host] [2026-10-03 09:41:44.874] [pid:29840] [settingService] writing settings to: E:\Xiadie\Xiadie\.runtime\P01\validation\u11-final-02\degradation\scenarios\offline\profile\home\.zcode\v2\setting.json {"recentProjects":[],"locale":"zh-CN","localePreference":"system","terminalInheritSystemProfile":true,"embeddedBrowserAllowInsecureCertificates":false,"embeddedBrowserViewportPreference":{"mode":"normal","viewport":{"width":393,"height":852},"zoom":"fit"},"computerUseComposerEntryHidden":true,"taskAutoArchiveEnabled":false,"taskAutoArchiveOlderThanDays":7,"closeToTrayOnWindows":true,"closeToTrayOnWindowsMigrationInitialized":true,"keepAwakeWhileRunning":false,"desktopChromiumHardwareAccelerationEnabled":true,"messageStreamShowReasoning":true,"messageStreamShowReasoningMigrationInitialized":true,"messageStreamShowTodos":false,"toolGroupingExploreEnabled":true,"toolGroupingTerminalEnabled":true,"toolGroupingChangesEnabled":false,"zcodeInteractionBehavior":"queue","askUserQuestionAutoResolutionEnabled":true,"modelIoFullRetentionEnabled":false,"startPlanRecommendationDismissed":false,"providerFamilyConnectionSelections":{},"providerFamilyDomain":"bigmodel","providerFamilyDomainUpdatedAt":1790991704873,"providerFamilyDomainMigrated":true,"nativeSearchEnhancementsEnabled":true,"memoryEnabled":false,"lastWorkspaceSession":[],"lastActiveTabIndex":0,"receivePreviewUpdates":false,"autoDownloadAndInstallUpdates":false,"skippedElectronUpdateVersions":{}}
[2026-10-03 09:41:44.877] [info] [pid:31988] [main] [host-log] (local-1) [host] [2026-10-03 09:41:44.877] [pid:29840] [settingService] write done
[2026-10-03 09:41:44.878] [info] [pid:31988] [main] [host-log] (local-1) [host] [2026-10-03 09:41:44.877] [pid:29840] [zcode-host] [rpc:call] setting.update OK (3.8ms)
[2026-10-03 09:41:44.933] [info] [pid:31988] [main] [host-log] (local-1) [host] [2026-10-03 09:41:44.932] [pid:29840] [zcode-host] [rpc:call] setting.get OK (0.6ms)
[2026-10-03 09:41:44.934] [info] [pid:31988] [main] [host-log] (local-1) [host] [2026-10-03 09:41:44.934] [pid:29840] [zcode-host] [rpc:call] file.ensureConversationWorkspace OK (0.5ms)
[2026-10-03 09:41:44.936] [info] [pid:31988] [main] [task-realtime] updated host workspace scopes {"hostId":"16f42cac-68be-4e61-a5b4-6b9f8076c019","workspaceKeyCount":1}
[2026-10-03 09:41:44.937] [info] [pid:31988] [main] [host-log] (local-1) [host] [2026-10-03 09:41:44.937] [pid:29840] [zcode-host] [rpc:call] setting.get OK (0.5ms)
[2026-10-03 09:41:44.938] [info] [pid:31988] [main] [host-log] (local-1) [host] [2026-10-03 09:41:44.938] [pid:29840] [zcode-host] [rpc:call] file.ensureConversationWorkspace OK (0.3ms)
[2026-10-03 09:41:44.940] [info] [pid:31988] [main] [task-realtime] updated host workspace scopes {"hostId":"16f42cac-68be-4e61-a5b4-6b9f8076c019","workspaceKeyCount":1}
[2026-10-03 09:41:44.943] [info] [pid:31988] [main] [host-log] (local-1) [host] [2026-10-03 09:41:44.941] [pid:29840] [zcode-host] [rpc:call] onboarding-record.claimAnonymousRecord OK (0.2ms)
[2026-10-03 09:41:44.943] [info] [pid:31988] [main] [task-realtime] updated host workspace scopes {"hostId":"16f42cac-68be-4e61-a5b4-6b9f8076c019","workspaceKeyCount":2}
[2026-10-03 09:41:44.946] [info] [pid:31988] [main] [host-log] (local-1) [host] [2026-10-03 09:41:44.941] [pid:29840] [zcode-host] [rpc:call] onboarding-record.getLatestEntry OK (0.4ms)
[2026-10-03 09:41:44.947] [info] [pid:31988] [main] [host-log] (local-1) [host] [2026-10-03 09:41:44.942] [pid:29840] [zcode-host] [rpc:call] setting.get OK (1.0ms)
[2026-10-03 09:41:44.947] [info] [pid:31988] [main] [host-log] (local-1) [host] [2026-10-03 09:41:44.945] [pid:29840] [zcode-host] [rpc:call] onboarding-record.shouldOnboard OK (3.3ms)
[2026-10-03 09:41:44.974] [info] [pid:31988] [renderer] v4 conversation frame upstream attached {"workspaceKey":"E:\\Xiadie\\Xiadie\\.runtime\\P01\\validation\\u11-final-02\\degradation\\scenarios\\offline\\profile\\workspace","workspacePath":"E:\\Xiadie\\Xiadie\\.runtime\\P01\\validation\\u11-final-02\\degradation\\scenarios\\offline\\profile\\workspace","event":"v4.conversation.frames.upstream_attached","listenerCount":1,"module":"ui.v4.conversation_transport","runtimeGeneration":0,"status":"completed"}
[2026-10-03 09:41:44.974] [info] [pid:31988] [renderer] v4 workspace connection created {"event":"v4.workspace_connection.created","isRemote":false,"key":"__base__ E:\\Xiadie\\Xiadie\\.runtime\\P01\\validation\\u11-final-02\\degradation\\scenarios\\offline\\profile\\workspace","module":"ui.v4.workspace_connection_registry","refCount":1,"serviceGeneration":1,"status":"completed"}
[2026-10-03 09:41:44.975] [info] [pid:31988] [main] [host-log] (local-1) [host] [2026-10-03 09:41:44.973] [pid:29840] [zcode-host] [rpc:listen] zcode-agent.onDynamicLocalTtftFacts subscribed
[2026-10-03 09:41:44.975] [info] [pid:31988] [main] [host-log] (local-1) [host] [2026-10-03 09:41:44.973] [pid:29840] [zcode-host] [rpc:listen] zcode-agent.onDynamicConversationFrame subscribed
[2026-10-03 09:41:45.018] [info] [pid:31988] [main] [host-log] (local-1) [host] [2026-10-03 09:41:45.017] [pid:29840] [zcode-host] [rpc:listen] window-controller.onDynamicControllerFrame subscribed
[2026-10-03 09:41:45.018] [info] [pid:31988] [main] [host-log] (local-1) [host] [2026-10-03 09:41:45.018] [pid:29840] [zcode-host] [rpc:call] window-controller.subscribeControllerV4 OK (0.2ms)
[2026-10-03 09:41:45.019] [info] [pid:31988] [main] [host-log] (local-1) [host] [2026-10-03 09:41:45.018] [pid:29840] [zcode-host] [rpc:call] window-controller.subscribeControllerV4 OK (0.1ms)
[2026-10-03 09:41:45.020] [info] [pid:31988] [main] [host-log] (local-1) [host] [2026-10-03 09:41:45.019] [pid:29840] [zcode-host] [rpc:call] window-controller.listTaskList OK (0.0ms)
[2026-10-03 09:41:45.020] [info] [pid:31988] [main] [host-log] (local-1) [host] [2026-10-03 09:41:45.019] [pid:29840] [zcode-host] [rpc:listen] zcode-agent.onDynamicSessionsIndexFrame subscribed
[2026-10-03 09:41:45.020] [info] [pid:31988] [main] [host-log] (local-1) [host] [2026-10-03 09:41:45.019] [pid:29840] [zcode-host] [rpc:listen] zcode-agent.onAgentRuntimeLifecycle subscribed
[2026-10-03 09:41:45.021] [info] [pid:31988] [main] [host-log] (local-1) [host] [2026-10-03 09:41:45.020] [pid:29840] [zcode-host] [rpc:call] zcode-agent.helloConversationV4 OK (0.1ms)
[2026-10-03 09:41:45.021] [info] [pid:31988] [main] [host-log] (local-1) [host] [2026-10-03 09:41:45.020] [pid:29840] [zcode-host] [rpc:call] zcode-task.listPinnedTaskIds OK (0.1ms)
[2026-10-03 09:41:45.022] [info] [pid:31988] [main] [host-log] (local-1) [host] [2026-10-03 09:41:45.020] [pid:29840] [zcode-host] [rpc:call] zcode-task.listArchivedTasks OK (0.1ms)
[2026-10-03 09:41:45.022] [info] [pid:31988] [main] [host-log] (local-1) [host] [2026-10-03 09:41:45.020] [pid:29840] [zcode-host] [rpc:call] zcode-task.listTasks OK (0.3ms)
[2026-10-03 09:41:45.023] [info] [pid:31988] [main] [host-log] (local-1) [host] [2026-10-03 09:41:45.020] [pid:29840] [zcode-host] [rpc:call] zcode-task.listPinnedTasks OK (0.1ms)
[2026-10-03 09:41:45.023] [info] [pid:31988] [main] [host-log] (local-1) [host] [2026-10-03 09:41:45.021] [pid:29840] [zcode-host] [rpc:call] zcode-task.listDeletedTaskIds OK (0.1ms)
[2026-10-03 09:41:45.024] [info] [pid:31988] [main] [host-log] (local-1) [host] [2026-10-03 09:41:45.021] [pid:29840] [zcode-host] [rpc:listen] zcode-task.onDynamicWorkspaceEvent subscribed
[2026-10-03 09:41:45.024] [warn] [pid:31988] [main] [host-log] (local-1) [host] [2026-10-03 09:41:45.021] [pid:29840] [zcode-host] [rpc:call] client-scenes.list FAIL (7.2ms) {"name":"ApiError","message":"HTTP 404","stack":"ApiError: HTTP 404\n    at readApiJson (file:///E:/Xiadie/Xiadie/.runtime/P01/u10-candidate-06/packages/desktop/out/host/index.js:153:27822)\n    at process.processTicksAndRejections (node:internal/process/task_queues:104:5)\n    at async NetworkTelemetryServerChannel.call (file:///E:/Xiadie/Xiadie/.runtime/P01/u10-candidate-06/packages/desktop/out/host/chunk-XPU7OCSY.js:3:3883)\n    at async LoggingServerChannel.call (file:///E:/Xiadie/Xiadie/.runtime/P01/u10-candidate-06/packages/desktop/out/host/chunk-XPU7OCSY.js:3:2318)"}
[2026-10-03 09:41:45.024] [info] [pid:31988] [main] [host-log] (local-1) [host] [2026-10-03 09:41:45.023] [pid:29840] [zcode-host] [rpc:call] window-controller.listTaskList OK (4.8ms)
[2026-10-03 09:41:45.025] [info] [pid:31988] [main] [host-log] (local-1) [host] [2026-10-03 09:41:45.023] [pid:29840] [zcode-host] [rpc:listen] zcode-agent.onAgentRuntimeLifecycle subscribed
[2026-10-03 09:41:45.025] [info] [pid:31988] [main] [host-log] (local-1) [host] [2026-10-03 09:41:45.023] [pid:29840] [zcode-host] [rpc:call] setting.get OK (5.6ms)
[2026-10-03 09:41:45.026] [info] [pid:31988] [main] [host-log] (local-1) [host] [2026-10-03 09:41:45.024] [pid:29840] [zcode-host] [rpc:call] system.info OK (0.0ms)
[2026-10-03 09:41:45.026] [info] [pid:31988] [main] [host-log] (local-1) [host] [2026-10-03 09:41:45.025] [pid:29840] [zcode-host] [rpc:listen] model-selection.onDidChange subscribed
[2026-10-03 09:41:45.026] [info] [pid:31988] [main] [host-log] (local-1) [host] [2026-10-03 09:41:45.025] [pid:29840] [zcode-host] [rpc:listen] model-selection.onDidChange subscribed
[2026-10-03 09:41:45.027] [info] [pid:31988] [main] [host-log] (local-1) [host] [2026-10-03 09:41:45.025] [pid:29840] [zcode-host] [rpc:listen] zcode-agent.onDynamicConversationTelemetryFact subscribed
[2026-10-03 09:41:45.027] [info] [pid:31988] [main] [host-log] (local-1) [host] [2026-10-03 09:41:45.026] [pid:29840] [zcode-host] [rpc:call] model-selection.getView OK (1.0ms)
[2026-10-03 09:41:45.035] [info] [pid:31988] [main] [host-log] (local-1) [host] [2026-10-03 09:41:45.026] [pid:29840] [zcode-host] [rpc:call] model-selection.getView OK (1.5ms)
[2026-10-03 09:41:45.036] [info] [pid:31988] [main] [host-log] (local-1) [host] [2026-10-03 09:41:45.027] [pid:29840] [zcode-host] [rpc:call] subagents.list OK (3.7ms)
[2026-10-03 09:41:45.037] [info] [pid:31988] [main] [host-log] (local-1) [host] [2026-10-03 09:41:45.028] [pid:29840] [zcode-host] [rpc:call] off-peak-task.list OK (0.2ms)
[2026-10-03 09:41:45.037] [info] [pid:31988] [main] [host-log] (local-1) [host] [2026-10-03 09:41:45.033] [pid:29840] [zcode-host] [rpc:call] settings-sync.getFirstRunPromptState OK (0.6ms)
[2026-10-03 09:41:45.045] [warn] [pid:31988] [main] [community] failed to fetch remote config: {}
[2026-10-03 09:41:45.058] [info] [pid:31988] [main] [host-log] (local-1) [host] [2026-10-03 09:41:45.057] [pid:29840] [zcode-host] [rpc:call] window-controller.listTaskList OK (0.1ms)
[2026-10-03 09:41:45.058] [info] [pid:31988] [main] [host-log] (local-1) [host] [2026-10-03 09:41:45.057] [pid:29840] [zcode-host] [rpc:call] window-controller.listTaskList OK (0.0ms)
[2026-10-03 09:41:45.059] [info] [pid:31988] [main] [host-log] (local-1) [host] [2026-10-03 09:41:45.058] [pid:29840] [zcode-host] [rpc:call] zcode-agent.initializeConversationV4 OK (0.5ms)
[2026-10-03 09:41:45.070] [info] [pid:31988] [main] [host-log] (local-1) [host] [2026-10-03 09:41:45.069] [pid:29840] [zcode-host] [rpc:call] window-controller.listTaskList OK (0.1ms)
[2026-10-03 09:41:45.081] [info] [pid:31988] [main] [host-log] (local-1) [host] [2026-10-03 09:41:45.080] [pid:29840] [zcode-host] [rpc:listen] model-selection.onDidChange subscribed
[2026-10-03 09:41:45.082] [info] [pid:31988] [main] [host-log] (local-1) [host] [2026-10-03 09:41:45.081] [pid:29840] [zcode-agent-service] 开始请求 ZCode Protocol workspace/readPresentation {"workspaceKey":"E:\\Xiadie\\Xiadie\\.runtime\\P01\\validation\\u11-final-02\\degradation\\scenarios\\offline\\profile\\workspace","workspacePath":"E:\\Xiadie\\Xiadie\\.runtime\\P01\\validation\\u11-final-02\\degradation\\scenarios\\offline\\profile\\workspace"}
[2026-10-03 09:41:45.082] [info] [pid:31988] [main] [host-log] (local-1) [host] [2026-10-03 09:41:45.082] [pid:29840] [zcode-host] [rpc:call] model-selection.getView OK (1.1ms)
[2026-10-03 09:41:45.087] [info] [pid:31988] [main] [host-log] (local-1) [host] [2026-10-03 09:41:45.086] [pid:29840] [zcode-host] [rpc:call] settings-sync.detect OK (0.1ms)
[2026-10-03 09:41:45.090] [info] [pid:31988] [main] [host-log] (local-1) [host] [2026-10-03 09:41:45.089] [pid:29840] [zcode-agent-service] ZCode Protocol workspace/readPresentation 完成 {"durationMs":8,"slashCommandCount":4,"workspaceKey":"E:\\Xiadie\\Xiadie\\.runtime\\P01\\validation\\u11-final-02\\degradation\\scenarios\\offline\\profile\\workspace","workspacePath":"E:\\Xiadie\\Xiadie\\.runtime\\P01\\validation\\u11-final-02\\degradation\\scenarios\\offline\\profile\\workspace"}
[2026-10-03 09:41:45.090] [info] [pid:31988] [main] [host-log] (local-1) [host] [2026-10-03 09:41:45.089] [pid:29840] [zcode-host] [rpc:call] zcode-session.readWorkspacePresentation OK (8.6ms)
[2026-10-03 09:41:45.091] [info] [pid:31988] [main] [host-log] (local-1) [host] [2026-10-03 09:41:45.089] [pid:29840] [zcode-host] [rpc:call] zcode-agent.subscribeSessionsIndexV4 OK (2.4ms)
[2026-10-03 09:41:45.104] [info] [pid:31988] [main] [host-log] (local-1) [host] [2026-10-03 09:41:45.103] [pid:29840] [settingService] writing settings to: E:\Xiadie\Xiadie\.runtime\P01\validation\u11-final-02\degradation\scenarios\offline\profile\home\.zcode\v2\setting.json {"recentProjects":[],"locale":"zh-CN","localePreference":"system","terminalInheritSystemProfile":true,"embeddedBrowserAllowInsecureCertificates":false,"embeddedBrowserViewportPreference":{"mode":"normal","viewport":{"width":393,"height":852},"zoom":"fit"},"computerUseComposerEntryHidden":true,"taskAutoArchiveEnabled":false,"taskAutoArchiveOlderThanDays":7,"closeToTrayOnWindows":true,"closeToTrayOnWindowsMigrationInitialized":true,"keepAwakeWhileRunning":false,"desktopChromiumHardwareAccelerationEnabled":true,"messageStreamShowReasoning":true,"messageStreamShowReasoningMigrationInitialized":true,"messageStreamShowTodos":false,"toolGroupingExploreEnabled":true,"toolGroupingTerminalEnabled":true,"toolGroupingChangesEnabled":false,"zcodeInteractionBehavior":"queue","askUserQuestionAutoResolutionEnabled":true,"modelIoFullRetentionEnabled":false,"startPlanRecommendationDismissed":false,"providerFamilyConnectionSelections":{},"providerFamilyDomain":"bigmodel","providerFamilyDomainUpdatedAt":1790991704873,"providerFamilyDomainMigrated":true,"nativeSearchEnhancementsEnabled":true,"memoryEnabled":false,"lastWorkspaceSession":[],"lastActiveTabIndex":0,"receivePreviewUpdates":false,"autoDownloadAndInstallUpdates":false,"skippedElectronUpdateVersions":{},"settingsSyncFirstRunPromptHandled":true}
[2026-10-03 09:41:45.109] [info] [pid:31988] [main] [host-log] (local-1) [host] [2026-10-03 09:41:45.108] [pid:29840] [settingService] write done
[2026-10-03 09:41:45.110] [info] [pid:31988] [main] [host-log] (local-1) [host] [2026-10-03 09:41:45.108] [pid:29840] [zcode-host] [rpc:call] settings-sync.markFirstRunPromptHandled OK (6.8ms)
[2026-10-03 09:41:45.138] [info] [pid:31988] [main] [host-log] (local-1) [host] [2026-10-03 09:41:45.137] [pid:29840] [zcode-host] [rpc:call] git.refresh OK (109.1ms)
[2026-10-03 09:41:45.146] [info] [pid:31988] [main] [host-log] (local-1) [host] [2026-10-03 09:41:45.145] [pid:29840] [zcode-host] [rpc:call] system.info OK (0.0ms)
[2026-10-03 09:41:45.147] [info] [pid:31988] [main] [host-log] (local-1) [host] [2026-10-03 09:41:45.146] [pid:29840] [zcode-host] [rpc:call] file-watcher.watch OK (0.7ms)
[2026-10-03 09:41:45.147] [info] [pid:31988] [main] [host-log] (local-1) [host] [2026-10-03 09:41:45.147] [pid:29840] [zcode-host] [rpc:call] file-watcher.watch OK (0.5ms)
[2026-10-03 09:41:45.148] [info] [pid:31988] [main] [host-log] (local-1) [host] [2026-10-03 09:41:45.147] [pid:29840] [zcode-host] [rpc:listen] file-watcher.onDynamicChange subscribed
[2026-10-03 09:41:45.148] [info] [pid:31988] [main] [host-log] (local-1) [host] [2026-10-03 09:41:45.147] [pid:29840] [zcode-host] [rpc:call] file-watcher.unwatch OK (0.1ms)
[2026-10-03 09:41:45.149] [info] [pid:31988] [main] [host-log] (local-1) [host] [2026-10-03 09:41:45.148] [pid:29840] [zcode-host] [rpc:call] file-watcher.watch OK (0.4ms)
[2026-10-03 09:41:45.149] [info] [pid:31988] [main] [host-log] (local-1) [host] [2026-10-03 09:41:45.148] [pid:29840] [zcode-host] [rpc:call] file-watcher.watch OK (0.4ms)
[2026-10-03 09:41:45.150] [info] [pid:31988] [main] [host-log] (local-1) [host] [2026-10-03 09:41:45.149] [pid:29840] [zcode-host] [rpc:call] file-watcher.watch OK (0.5ms)
[2026-10-03 09:41:45.150] [info] [pid:31988] [main] [host-log] (local-1) [host] [2026-10-03 09:41:45.149] [pid:29840] [zcode-host] [rpc:call] file-watcher.unwatch OK (0.0ms)
[2026-10-03 09:41:45.151] [info] [pid:31988] [main] [host-log] (local-1) [host] [2026-10-03 09:41:45.149] [pid:29840] [zcode-host] [rpc:listen] file-watcher.onDynamicChange subscribed
[2026-10-03 09:41:45.151] [info] [pid:31988] [main] [host-log] (local-1) [host] [2026-10-03 09:41:45.149] [pid:29840] [zcode-host] [rpc:listen] file-watcher.onDynamicChange subscribed
[2026-10-03 09:41:45.151] [info] [pid:31988] [main] [host-log] (local-1) [host] [2026-10-03 09:41:45.149] [pid:29840] [zcode-host] [rpc:listen] file-watcher.onDynamicChange subscribed
[2026-10-03 09:41:45.237] [info] [pid:31988] [main] [host-log] (local-1) [host] [2026-10-03 09:41:45.236] [pid:29840] [zcode-host] [rpc:call] zcode-agent.sendConversationCommandV4 OK (148.7ms)
[2026-10-03 09:41:45.241] [info] [pid:31988] [renderer] v4 conversation store connect started {"event":"v4.conversation.store.connect.started","generation":1,"hasBase":false,"module":"ui.v4.conversation_projection_store","status":"started","topic":"conversation/sess_78aa8bfc-fc4a-4eb7-9174-ec8f77a86048"}
[2026-10-03 09:41:45.242] [info] [pid:31988] [main] [host-log] (local-1) [host] [2026-10-03 09:41:45.240] [pid:29840] [zcode-host] [rpc:listen] zcode-agent.onAgentRuntimeRestarted subscribed
[2026-10-03 09:41:45.242] [info] [pid:31988] [renderer] v4 conversation subscription started {"workspaceKey":"E:\\Xiadie\\Xiadie\\.runtime\\P01\\validation\\u11-final-02\\degradation\\scenarios\\offline\\profile\\workspace","workspacePath":"E:\\Xiadie\\Xiadie\\.runtime\\P01\\validation\\u11-final-02\\degradation\\scenarios\\offline\\profile\\workspace","event":"v4.conversation.subscribe.started","module":"ui.v4.conversation_transport","runtimeGeneration":0,"sessionId":"sess_78aa8bfc-fc4a-4eb7-9174-ec8f77a86048","status":"started","topic":"conversation/sess_78aa8bfc-fc4a-4eb7-9174-ec8f77a86048"}
[2026-10-03 09:41:45.243] [info] [pid:31988] [renderer] v4 session data lease acquired {"event":"v4.session_data.acquire","keepWarm":false,"module":"ui.v4.session_data_layer","openKind":"cold","refCount":1,"sessionId":"sess_78aa8bfc-fc4a-4eb7-9174-ec8f77a86048","status":"completed","topic":"conversation/sess_78aa8bfc-fc4a-4eb7-9174-ec8f77a86048"}
[2026-10-03 09:41:45.253] [info] [pid:31988] [main] [host-log] (local-1) [host] [2026-10-03 09:41:45.252] [pid:29840] [settingService] writing settings to: E:\Xiadie\Xiadie\.runtime\P01\validation\u11-final-02\degradation\scenarios\offline\profile\home\.zcode\v2\setting.json {"recentProjects":[],"locale":"zh-CN","localePreference":"system","terminalInheritSystemProfile":true,"embeddedBrowserAllowInsecureCertificates":false,"embeddedBrowserViewportPreference":{"mode":"normal","viewport":{"width":393,"height":852},"zoom":"fit"},"computerUseComposerEntryHidden":true,"taskAutoArchiveEnabled":false,"taskAutoArchiveOlderThanDays":7,"closeToTrayOnWindows":true,"closeToTrayOnWindowsMigrationInitialized":true,"keepAwakeWhileRunning":false,"desktopChromiumHardwareAccelerationEnabled":true,"messageStreamShowReasoning":true,"messageStreamShowReasoningMigrationInitialized":true,"messageStreamShowTodos":false,"toolGroupingExploreEnabled":true,"toolGroupingTerminalEnabled":true,"toolGroupingChangesEnabled":false,"zcodeInteractionBehavior":"queue","askUserQuestionAutoResolutionEnabled":true,"modelIoFullRetentionEnabled":false,"startPlanRecommendationDismissed":false,"providerFamilyConnectionSelections":{},"providerFamilyDomain":"bigmodel","providerFamilyDomainUpdatedAt":1790991704873,"providerFamilyDomainMigrated":true,"nativeSearchEnhancementsEnabled":true,"memoryEnabled":false,"lastWorkspaceSession":[{"kind":"local","workspacePath":"E:\\Xiadie\\Xiadie\\.runtime\\P01\\validation\\u11-final-02\\degradation\\scenarios\\offline\\profile\\workspace","workspacePurpose":"project"},{"kind":"local","workspacePath":"E:\\Xiadie\\Xiadie\\.runtime\\P01\\validation\\u11-final-02\\degradation\\scenarios\\offline\\profile\\data\\.zcode\\workspace\\default","workspacePurpose":"conversation"}],"lastActiveTabIndex":0,"receivePreviewUpdates":false,"autoDownloadAndInstallUpdates":false,"skippedElectronUpdateVersions":{},"settingsSyncFirstRunPromptHandled":true}
[2026-10-03 09:41:45.257] [info] [pid:31988] [main] [host-log] (local-1) [host] [2026-10-03 09:41:45.256] [pid:29840] [settingService] write done
[2026-10-03 09:41:45.258] [info] [pid:31988] [main] [host-log] (local-1) [host] [2026-10-03 09:41:45.257] [pid:29840] [zcode-host] [rpc:call] setting.update OK (11.9ms)
[2026-10-03 09:41:45.262] [info] [pid:31988] [main] [host-log] (local-1) [host] [2026-10-03 09:41:45.261] [pid:29840] [zcode-host] [rpc:call] zcode-agent.subscribeConversationV4 OK (16.6ms)
[2026-10-03 09:41:45.262] [info] [pid:31988] [renderer] v4 conversation subscription acknowledged {"workspaceKey":"E:\\Xiadie\\Xiadie\\.runtime\\P01\\validation\\u11-final-02\\degradation\\scenarios\\offline\\profile\\workspace","workspacePath":"E:\\Xiadie\\Xiadie\\.runtime\\P01\\validation\\u11-final-02\\degradation\\scenarios\\offline\\profile\\workspace","durationMs":21,"event":"v4.conversation.subscribe.acknowledged","module":"ui.v4.conversation_transport","runtimeGeneration":0,"sessionId":"sess_78aa8bfc-fc4a-4eb7-9174-ec8f77a86048","status":"completed","subscriptionId":"sub-murq7w6g-n534drwr-1","topic":"conversation/sess_78aa8bfc-fc4a-4eb7-9174-ec8f77a86048"}
[2026-10-03 09:41:45.267] [info] [pid:31988] [renderer] v4 conversation subscription activated {"workspaceKey":"E:\\Xiadie\\Xiadie\\.runtime\\P01\\validation\\u11-final-02\\degradation\\scenarios\\offline\\profile\\workspace","workspacePath":"E:\\Xiadie\\Xiadie\\.runtime\\P01\\validation\\u11-final-02\\degradation\\scenarios\\offline\\profile\\workspace","event":"v4.conversation.subscribe.activated","module":"ui.v4.conversation_transport","runtimeGeneration":0,"status":"completed","subscriptionId":"sub-murq7w6g-n534drwr-1","topic":"conversation/sess_78aa8bfc-fc4a-4eb7-9174-ec8f77a86048"}
[2026-10-03 09:41:45.268] [info] [pid:31988] [renderer] v4 conversation store connect completed {"durationMs":27,"event":"v4.conversation.store.connect.completed","generation":1,"logEpoch":"murq7w6g-n534drwr","mode":"snapshot","module":"ui.v4.conversation_projection_store","status":"completed","subscriptionId":"sub-murq7w6g-n534drwr-1","topic":"conversation/sess_78aa8bfc-fc4a-4eb7-9174-ec8f77a86048"}
[2026-10-03 09:41:47.905] [info] [pid:31988] [renderer] v4 session data lease released {"event":"v4.session_data.release","keepWarmMs":30000,"module":"ui.v4.session_data_layer","refCount":0,"status":"keep_warm","topic":"conversation/sess_78aa8bfc-fc4a-4eb7-9174-ec8f77a86048"}
[2026-10-03 09:41:48.019] [info] [pid:31988] [main] [host-log] (local-1) [host] [2026-10-03 09:41:47.905] [pid:29840] [zcode-host] [rpc:call] zcode-task.getTaskSessionFilePath OK (0.1ms)
[2026-10-03 09:41:48.019] [info] [pid:31988] [renderer] v4 conversation store connect started {"event":"v4.conversation.store.connect.started","generation":1,"hasBase":false,"module":"ui.v4.conversation_projection_store","status":"started","topic":"conversation/69a5a112-eeb5-4cbc-abb6-d0eff34c0e83"}
[2026-10-03 09:41:48.020] [info] [pid:31988] [renderer] v4 conversation subscription started {"workspaceKey":"E:\\Xiadie\\Xiadie\\.runtime\\P01\\validation\\u11-final-02\\degradation\\scenarios\\offline\\profile\\workspace","workspacePath":"E:\\Xiadie\\Xiadie\\.runtime\\P01\\validation\\u11-final-02\\degradation\\scenarios\\offline\\profile\\workspace","event":"v4.conversation.subscribe.started","module":"ui.v4.conversation_transport","runtimeGeneration":0,"sessionId":"69a5a112-eeb5-4cbc-abb6-d0eff34c0e83","status":"started","topic":"conversation/69a5a112-eeb5-4cbc-abb6-d0eff34c0e83"}
[2026-10-03 09:41:48.020] [info] [pid:31988] [renderer] v4 session data lease acquired {"event":"v4.session_data.acquire","keepWarm":false,"module":"ui.v4.session_data_layer","openKind":"cold","refCount":1,"sessionId":"69a5a112-eeb5-4cbc-abb6-d0eff34c0e83","status":"completed","topic":"conversation/69a5a112-eeb5-4cbc-abb6-d0eff34c0e83"}
[2026-10-03 09:41:48.021] [info] [pid:31988] [main] [host-log] (local-1) [host] [2026-10-03 09:41:47.906] [pid:29840] [zcode-host] [rpc:call] zcode-task.getTaskNativeSessionLogFile OK (0.6ms)
[2026-10-03 09:41:48.021] [info] [pid:31988] [main] [host-log] (local-1) [host] [2026-10-03 09:41:47.906] [pid:29840] [zcode-host] [rpc:listen] model-selection.onDidChange subscribed
[2026-10-03 09:41:48.022] [info] [pid:31988] [main] [host-log] (local-1) [host] [2026-10-03 09:41:47.906] [pid:29840] [zcode-host] [rpc:call] zcode-task.getTaskNativeSessionLogFile OK (0.2ms)
[2026-10-03 09:41:48.022] [info] [pid:31988] [main] [host-log] (local-1) [host] [2026-10-03 09:41:47.907] [pid:29840] [zcode-host] [rpc:call] zcode-task.getTaskSessionFilePath OK (0.0ms)
[2026-10-03 09:41:48.022] [info] [pid:31988] [main] [host-log] (local-1) [host] [2026-10-03 09:41:47.907] [pid:29840] [zcode-host] [rpc:call] model-selection.getView OK (1.1ms)
[2026-10-03 09:41:48.199] [info] [pid:31988] [main] [host-log] (local-1) [host] [2026-10-03 09:41:48.198] [pid:29840] [settingService] writing settings to: E:\Xiadie\Xiadie\.runtime\P01\validation\u11-final-02\degradation\scenarios\offline\profile\home\.zcode\v2\setting.json {"recentProjects":[],"locale":"zh-CN","localePreference":"system","terminalInheritSystemProfile":true,"embeddedBrowserAllowInsecureCertificates":false,"embeddedBrowserViewportPreference":{"mode":"normal","viewport":{"width":393,"height":852},"zoom":"fit"},"computerUseComposerEntryHidden":true,"taskAutoArchiveEnabled":false,"taskAutoArchiveOlderThanDays":7,"closeToTrayOnWindows":true,"closeToTrayOnWindowsMigrationInitialized":true,"keepAwakeWhileRunning":false,"desktopChromiumHardwareAccelerationEnabled":true,"messageStreamShowReasoning":true,"messageStreamShowReasoningMigrationInitialized":true,"messageStreamShowTodos":false,"toolGroupingExploreEnabled":true,"toolGroupingTerminalEnabled":true,"toolGroupingChangesEnabled":false,"zcodeInteractionBehavior":"queue","askUserQuestionAutoResolutionEnabled":true,"modelIoFullRetentionEnabled":false,"startPlanRecommendationDismissed":false,"providerFamilyConnectionSelections":{},"providerFamilyDomain":"bigmodel","providerFamilyDomainUpdatedAt":1790991704873,"providerFamilyDomainMigrated":true,"nativeSearchEnhancementsEnabled":true,"memoryEnabled":false,"lastWorkspaceSession":[{"kind":"local","workspacePath":"E:\\Xiadie\\Xiadie\\.runtime\\P01\\validation\\u11-final-02\\degradation\\scenarios\\offline\\profile\\workspace","workspacePurpose":"project"},{"kind":"local","workspacePath":"E:\\Xiadie\\Xiadie\\.runtime\\P01\\validation\\u11-final-02\\degradation\\scenarios\\offline\\profile\\data\\.zcode\\workspace\\default","workspacePurpose":"conversation"}],"lastActiveTabIndex":0,"receivePreviewUpdates":false,"autoDownloadAndInstallUpdates":false,"skippedElectronUpdateVersions":{},"settingsSyncFirstRunPromptHandled":true}
[2026-10-03 09:41:48.202] [info] [pid:31988] [main] [host-log] (local-1) [host] [2026-10-03 09:41:48.201] [pid:29840] [settingService] write done
[2026-10-03 09:41:48.202] [info] [pid:31988] [main] [host-log] (local-1) [host] [2026-10-03 09:41:48.201] [pid:29840] [zcode-host] [rpc:call] setting.update OK (3.8ms)
[2026-10-03 09:41:48.323] [info] [pid:31988] [main] [host-log] (local-1) [host] [2026-10-03 09:41:48.322] [pid:29840] [zcode-host] [rpc:call] zcode-agent.conversationWorkflowRunsV4 OK (404.3ms)
[2026-10-03 09:41:48.328] [info] [pid:31988] [main] [host-log] (local-1) [host] [2026-10-03 09:41:48.328] [pid:29840] [zcode-host] [rpc:call] zcode-agent.conversationWorkflowRunsV4 OK (409.2ms)
[2026-10-03 09:41:48.329] [info] [pid:31988] [main] [host-log] (local-1) [host] [2026-10-03 09:41:48.328] [pid:29840] [zcode-host] [rpc:call] zcode-agent.subscribeConversationV4 OK (409.7ms)
[2026-10-03 09:41:48.329] [info] [pid:31988] [main] [host-log] (local-1) [host] [2026-10-03 09:41:48.329] [pid:29840] [zcode-host] [rpc:call] zcode-agent.sendConversationCommandV4 OK (340.5ms)
[2026-10-03 09:41:48.332] [info] [pid:31988] [renderer] v4 conversation subscription acknowledged {"workspaceKey":"E:\\Xiadie\\Xiadie\\.runtime\\P01\\validation\\u11-final-02\\degradation\\scenarios\\offline\\profile\\workspace","workspacePath":"E:\\Xiadie\\Xiadie\\.runtime\\P01\\validation\\u11-final-02\\degradation\\scenarios\\offline\\profile\\workspace","durationMs":426,"event":"v4.conversation.subscribe.acknowledged","module":"ui.v4.conversation_transport","runtimeGeneration":0,"sessionId":"69a5a112-eeb5-4cbc-abb6-d0eff34c0e83","status":"completed","subscriptionId":"sub-murq7yji-6j5e06me-1","topic":"conversation/69a5a112-eeb5-4cbc-abb6-d0eff34c0e83"}
[2026-10-03 09:41:48.334] [info] [pid:31988] [renderer] v4 conversation subscription activated {"workspaceKey":"E:\\Xiadie\\Xiadie\\.runtime\\P01\\validation\\u11-final-02\\degradation\\scenarios\\offline\\profile\\workspace","workspacePath":"E:\\Xiadie\\Xiadie\\.runtime\\P01\\validation\\u11-final-02\\degradation\\scenarios\\offline\\profile\\workspace","event":"v4.conversation.subscribe.activated","module":"ui.v4.conversation_transport","runtimeGeneration":0,"status":"completed","subscriptionId":"sub-murq7yji-6j5e06me-1","topic":"conversation/69a5a112-eeb5-4cbc-abb6-d0eff34c0e83"}
[2026-10-03 09:41:48.334] [info] [pid:31988] [renderer] v4 conversation store connect completed {"durationMs":427,"event":"v4.conversation.store.connect.completed","generation":1,"logEpoch":"murq7yji-6j5e06me","mode":"snapshot","module":"ui.v4.conversation_projection_store","status":"completed","subscriptionId":"sub-murq7yji-6j5e06me-1","topic":"conversation/69a5a112-eeb5-4cbc-abb6-d0eff34c0e83"}
[2026-10-03 09:41:48.372] [info] [pid:31988] [main] [host-log] (local-1) [host] [2026-10-03 09:41:48.371] [pid:29840] [zcode-host] [rpc:call] zcode-agent.conversationPlansV4 OK (1.5ms)
[2026-10-03 09:41:49.195] [info] [pid:31988] [main] [host-log] (local-1) [host] [2026-10-03 09:41:49.194] [pid:29840] [settingService] writing settings to: E:\Xiadie\Xiadie\.runtime\P01\validation\u11-final-02\degradation\scenarios\offline\profile\home\.zcode\v2\setting.json {"recentProjects":[],"locale":"zh-CN","localePreference":"system","terminalInheritSystemProfile":true,"embeddedBrowserAllowInsecureCertificates":false,"embeddedBrowserViewportPreference":{"mode":"normal","viewport":{"width":393,"height":852},"zoom":"fit"},"computerUseComposerEntryHidden":true,"taskAutoArchiveEnabled":false,"taskAutoArchiveOlderThanDays":7,"closeToTrayOnWindows":true,"closeToTrayOnWindowsMigrationInitialized":true,"keepAwakeWhileRunning":false,"desktopChromiumHardwareAccelerationEnabled":true,"messageStreamShowReasoning":true,"messageStreamShowReasoningMigrationInitialized":true,"messageStreamShowTodos":false,"toolGroupingExploreEnabled":true,"toolGroupingTerminalEnabled":true,"toolGroupingChangesEnabled":false,"zcodeInteractionBehavior":"queue","askUserQuestionAutoResolutionEnabled":true,"modelIoFullRetentionEnabled":false,"startPlanRecommendationDismissed":false,"providerFamilyConnectionSelections":{},"providerFamilyDomain":"bigmodel","providerFamilyDomainUpdatedAt":1790991704873,"providerFamilyDomainMigrated":true,"nativeSearchEnhancementsEnabled":true,"memoryEnabled":false,"lastWorkspaceSession":[{"kind":"local","workspacePath":"E:\\Xiadie\\Xiadie\\.runtime\\P01\\validation\\u11-final-02\\degradation\\scenarios\\offline\\profile\\workspace","workspacePurpose":"project"},{"kind":"local","workspacePath":"E:\\Xiadie\\Xiadie\\.runtime\\P01\\validation\\u11-final-02\\degradation\\scenarios\\offline\\profile\\data\\.zcode\\workspace\\default","workspacePurpose":"conversation"}],"lastActiveTabIndex":0,"receivePreviewUpdates":false,"autoDownloadAndInstallUpdates":false,"skippedElectronUpdateVersions":{},"settingsSyncFirstRunPromptHandled":true}
[2026-10-03 09:41:49.197] [info] [pid:31988] [main] [host-log] (local-1) [host] [2026-10-03 09:41:49.197] [pid:29840] [settingService] write done
[2026-10-03 09:41:49.198] [info] [pid:31988] [main] [host-log] (local-1) [host] [2026-10-03 09:41:49.197] [pid:29840] [zcode-host] [rpc:call] setting.update OK (3.7ms)
[2026-10-03 09:41:49.894] [info] [pid:31988] [main] [host-log] (local-1) [host] [2026-10-03 09:41:49.894] [pid:29840] [zcode-host] [rpc:call] file.ensureConversationWorkspace OK (0.5ms)
[2026-10-03 09:41:49.953] [info] [pid:31988] [renderer] v4 conversation frame upstream attached {"workspaceKey":"E:\\Xiadie\\Xiadie\\.runtime\\P01\\validation\\u11-final-02\\degradation\\scenarios\\offline\\profile\\data\\.zcode\\workspace\\default","workspacePath":"E:\\Xiadie\\Xiadie\\.runtime\\P01\\validation\\u11-final-02\\degradation\\scenarios\\offline\\profile\\data\\.zcode\\workspace\\default","event":"v4.conversation.frames.upstream_attached","listenerCount":1,"module":"ui.v4.conversation_transport","runtimeGeneration":0,"status":"completed"}
[2026-10-03 09:41:49.954] [info] [pid:31988] [renderer] v4 workspace connection created {"event":"v4.workspace_connection.created","isRemote":false,"key":"__base__ E:\\Xiadie\\Xiadie\\.runtime\\P01\\validation\\u11-final-02\\degradation\\scenarios\\offline\\profile\\data\\.zcode\\workspace\\default","module":"ui.v4.workspace_connection_registry","refCount":1,"serviceGeneration":1,"status":"completed"}
[2026-10-03 09:41:49.954] [info] [pid:31988] [main] [host-log] (local-1) [host] [2026-10-03 09:41:49.953] [pid:29840] [zcode-host] [rpc:listen] zcode-agent.onDynamicLocalTtftFacts subscribed
[2026-10-03 09:41:49.955] [info] [pid:31988] [main] [host-log] (local-1) [host] [2026-10-03 09:41:49.953] [pid:29840] [zcode-host] [rpc:listen] zcode-agent.onDynamicConversationFrame subscribed
[2026-10-03 09:41:49.962] [info] [pid:31988] [renderer] v4 session data lease released {"event":"v4.session_data.release","keepWarmMs":30000,"module":"ui.v4.session_data_layer","refCount":0,"status":"keep_warm","topic":"conversation/69a5a112-eeb5-4cbc-abb6-d0eff34c0e83"}
[2026-10-03 09:41:49.963] [info] [pid:31988] [renderer] v4 workspace connection lease released {"event":"v4.workspace_connection.release","keepWarmMs":30000,"key":"__base__ E:\\Xiadie\\Xiadie\\.runtime\\P01\\validation\\u11-final-02\\degradation\\scenarios\\offline\\profile\\workspace","module":"ui.v4.workspace_connection_registry","refCount":0,"status":"keep_warm"}
[2026-10-03 09:41:49.964] [info] [pid:31988] [main] [host-log] (local-1) [host] [2026-10-03 09:41:49.964] [pid:29840] [zcode-host] [rpc:call] file-watcher.unwatch OK (0.1ms)
[2026-10-03 09:41:49.965] [info] [pid:31988] [main] [host-log] (local-1) [host] [2026-10-03 09:41:49.964] [pid:29840] [zcode-host] [rpc:call] file-watcher.unwatch OK (0.0ms)
[2026-10-03 09:41:49.965] [info] [pid:31988] [main] [host-log] (local-1) [host] [2026-10-03 09:41:49.964] [pid:29840] [zcode-host] [rpc:call] file-watcher.unwatch OK (0.0ms)
[2026-10-03 09:41:49.966] [info] [pid:31988] [main] [host-log] (local-1) [host] [2026-10-03 09:41:49.964] [pid:29840] [zcode-host] [rpc:listen] zcode-agent.onAgentRuntimeLifecycle subscribed
[2026-10-03 09:41:49.966] [info] [pid:31988] [main] [task-realtime] updated host workspace scopes {"hostId":"16f42cac-68be-4e61-a5b4-6b9f8076c019","workspaceKeyCount":2}
[2026-10-03 09:41:49.967] [info] [pid:31988] [main] [host-log] (local-1) [host] [2026-10-03 09:41:49.965] [pid:29840] [zcode-host] [rpc:call] system.info OK (0.0ms)
[2026-10-03 09:41:49.967] [info] [pid:31988] [main] [host-log] (local-1) [host] [2026-10-03 09:41:49.965] [pid:29840] [zcode-host] [rpc:listen] model-selection.onDidChange subscribed
[2026-10-03 09:41:49.967] [info] [pid:31988] [main] [host-log] (local-1) [host] [2026-10-03 09:41:49.965] [pid:29840] [zcode-host] [rpc:listen] model-selection.onDidChange subscribed
[2026-10-03 09:41:49.968] [info] [pid:31988] [main] [host-log] (local-1) [host] [2026-10-03 09:41:49.965] [pid:29840] [zcode-host] [rpc:listen] zcode-agent.onDynamicConversationTelemetryFact subscribed
[2026-10-03 09:41:49.968] [info] [pid:31988] [main] [host-log] (local-1) [host] [2026-10-03 09:41:49.965] [pid:29840] [zcode-host] [rpc:listen] zcode-agent.onDynamicSessionsIndexFrame subscribed
[2026-10-03 09:41:49.969] [info] [pid:31988] [main] [host-log] (local-1) [host] [2026-10-03 09:41:49.965] [pid:29840] [zcode-host] [rpc:listen] zcode-agent.onAgentRuntimeLifecycle subscribed
[2026-10-03 09:41:49.969] [warn] [pid:31988] [main] [host-log] (local-1) [host] [2026-10-03 09:41:49.968] [pid:29840] [zcode-host] [rpc:call] client-scenes.list FAIL (7.0ms) {"name":"ApiError","message":"HTTP 404","stack":"ApiError: HTTP 404\n    at readApiJson (file:///E:/Xiadie/Xiadie/.runtime/P01/u10-candidate-06/packages/desktop/out/host/index.js:153:27822)\n    at process.processTicksAndRejections (node:internal/process/task_queues:104:5)\n    at async NetworkTelemetryServerChannel.call (file:///E:/Xiadie/Xiadie/.runtime/P01/u10-candidate-06/packages/desktop/out/host/chunk-XPU7OCSY.js:3:3883)\n    at async LoggingServerChannel.call (file:///E:/Xiadie/Xiadie/.runtime/P01/u10-candidate-06/packages/desktop/out/host/chunk-XPU7OCSY.js:3:2318)"}
[2026-10-03 09:41:49.970] [info] [pid:31988] [main] [host-log] (local-1) [host] [2026-10-03 09:41:49.969] [pid:29840] [zcode-host] [rpc:call] setting.get OK (4.5ms)
[2026-10-03 09:41:49.970] [info] [pid:31988] [main] [host-log] (local-1) [host] [2026-10-03 09:41:49.969] [pid:29840] [zcode-host] [rpc:call] model-selection.getView OK (4.7ms)
[2026-10-03 09:41:49.970] [info] [pid:31988] [main] [host-log] (local-1) [host] [2026-10-03 09:41:49.969] [pid:29840] [zcode-host] [rpc:call] settings-sync.getFirstRunPromptState OK (2.2ms)
[2026-10-03 09:41:49.971] [info] [pid:31988] [main] [host-log] (local-1) [host] [2026-10-03 09:41:49.970] [pid:29840] [zcode-host] [rpc:call] model-selection.getView OK (4.9ms)
[2026-10-03 09:41:49.972] [info] [pid:31988] [main] [host-log] (local-1) [host] [2026-10-03 09:41:49.971] [pid:29840] [zcode-host] [rpc:call] subagents.list OK (7.0ms)
[2026-10-03 09:41:49.976] [warn] [pid:31988] [main] [host-log] (local-1) [host] [2026-10-03 09:41:49.975] [pid:29840] [zcode-host] [rpc:call] zcode-agent.subscribeSessionsIndexV4 FAIL (0.1ms) {"name":"Error","message":"ZCode Agent runtime is not running.","stack":"Error: ZCode Agent runtime is not running.\n    at createRuntimeUnavailableError (file:///E:/Xiadie/Xiadie/.runtime/P01/u10-candidate-06/packages/desktop/out/host/index.js:79:31197)\n    at getReadOnlyClient (file:///E:/Xiadie/Xiadie/.runtime/P01/u10-candidate-06/packages/desktop/out/host/index.js:79:64440)\n    at Object.subscribeSessionsIndexV4 (file:///E:/Xiadie/Xiadie/.runtime/P01/u10-candidate-06/packages/desktop/out/host/index.js:79:101569)\n    at Proxy.subscribeSessionsIndexV4 (file:///E:/Xiadie/Xiadie/.runtime/P01/u10-candidate-06/packages/desktop/out/host/chunk-QER3M7XR.js:1:77911)\n    at Object.call (file:///E:/Xiadie/Xiadie/.runtime/P01/u10-candidate-06/packages/desktop/out/host/chunk-XPU7OCSY.js:3:4653)\n    at NetworkTelemetryServerChannel.call (file:///E:/Xiadie/Xiadie/.runtime/P01/u10-candidate-06/packages/desktop/out/host/chunk-XPU7OCSY.js:3:3900)\n    at LoggingServerChannel.call (file:///E:/Xiadie/Xiadie/.runtime/P01/u10-candidate-06/packages/desktop/out/host/chunk-XPU7OCSY.js:3:2335)\n    at ChannelServer.onPromise (file:///E:/Xiadie/Xiadie/.runtime/P01/u10-candidate-06/packages/desktop/out/host/chunk-XPU7OCSY.js:1:9500)\n    at ChannelServer.onRawMessage (file:///E:/Xiadie/Xiadie/.runtime/P01/u10-candidate-06/packages/desktop/out/host/chunk-XPU7OCSY.js:1:9170)\n    at file:///E:/Xiadie/Xiadie/.runtime/P01/u10-candidate-06/packages/desktop/out/host/chunk-XPU7OCSY.js:1:8527"}
[2026-10-03 09:41:49.986] [info] [pid:31988] [main] [host-log] (local-1) [host] [2026-10-03 09:41:49.985] [pid:29840] [zcode-agent-service] 开始请求 ZCode Protocol workspace/readPresentation {"workspaceKey":"E:\\Xiadie\\Xiadie\\.runtime\\P01\\validation\\u11-final-02\\degradation\\scenarios\\offline\\profile\\data\\.zcode\\workspace\\default","workspacePath":"E:\\Xiadie\\Xiadie\\.runtime\\P01\\validation\\u11-final-02\\degradation\\scenarios\\offline\\profile\\data\\.zcode\\workspace\\default"}
[2026-10-03 09:41:49.987] [info] [pid:31988] [main] [host-log] (local-1) [host] [2026-10-03 09:41:49.986] [pid:29840] [zcode-agent] ZCode agent command resolved {"workspaceKey":"E:\\Xiadie\\Xiadie\\.runtime\\P01\\validation\\u11-final-02\\degradation\\scenarios\\offline\\profile\\data\\.zcode\\workspace\\default","command":"E:\\Xiadie\\Xiadie\\.runtime\\P01\\desktop-source\\node_modules\\electron\\dist\\electron.exe","effectiveCommand":"E:\\Xiadie\\Xiadie\\.runtime\\P01\\desktop-source\\node_modules\\electron\\dist\\electron.exe","resolveCommandDurationMs":0}
[2026-10-03 09:41:49.989] [info] [pid:31988] [main] [host-log] (local-1) [host] [2026-10-03 09:41:49.988] [pid:29840] [zcode-agent] ZCode agent spawn preflight {"workspaceKey":"E:\\Xiadie\\Xiadie\\.runtime\\P01\\validation\\u11-final-02\\degradation\\scenarios\\offline\\profile\\data\\.zcode\\workspace\\default","spawnPreflight":{"command":"E:\\Xiadie\\Xiadie\\.runtime\\P01\\desktop-source\\node_modules\\electron\\dist\\electron.exe","args":["E:\\Xiadie\\Xiadie\\.runtime\\P01\\u10-candidate-06\\apps\\zcode-cli\\packages\\cli\\dist\\zcode.cjs","app-server","--stdio"],"requestedCwd":"E:\\Xiadie\\Xiadie\\.runtime\\P01\\validation\\u11-final-02\\degradation\\scenarios\\offline\\profile\\data\\.zcode\\workspace\\default","cwd":"E:\\Xiadie\\Xiadie\\.runtime\\P01\\validation\\u11-final-02\\degradation\\scenarios\\offline\\profile\\data\\.zcode\\workspace\\default","cwdSource":"command","commandPathKind":"absolute","commandExists":true,"cwdExists":true}}
[2026-10-03 09:41:49.997] [info] [pid:31988] [main] [stability] perf_agent_start reported {"pid":9020,"runtimeGeneration":1,"runtimeInstanceId":"agent-e11d7932-ec17-4fb7-a30f-89be45739bfb"}
[2026-10-03 09:41:49.999] [info] [pid:31988] [main] [host-log] (local-1) [host] [2026-10-03 09:41:49.997] [pid:29840] [zcode-agent] ZCode agent process started {"workspaceKey":"E:\\Xiadie\\Xiadie\\.runtime\\P01\\validation\\u11-final-02\\degradation\\scenarios\\offline\\profile\\data\\.zcode\\workspace\\default","command":"E:\\Xiadie\\Xiadie\\.runtime\\P01\\desktop-source\\node_modules\\electron\\dist\\electron.exe","cwd":"E:\\Xiadie\\Xiadie\\.runtime\\P01\\validation\\u11-final-02\\degradation\\scenarios\\offline\\profile\\data\\.zcode\\workspace\\default","pid":9020,"durationMs":11}
[2026-10-03 09:41:50.069] [info] [pid:31988] [main] [host-log] (local-1) [host] [2026-10-03 09:41:50.068] [pid:29840] [zcode-host] [rpc:call] git.refresh OK (103.1ms)
[2026-10-03 09:41:50.073] [info] [pid:31988] [main] [host-log] (local-1) [host] [2026-10-03 09:41:50.072] [pid:29840] [zcode-host] [rpc:call] system.info OK (0.0ms)
[2026-10-03 09:41:50.074] [info] [pid:31988] [main] [host-log] (local-1) [host] [2026-10-03 09:41:50.073] [pid:29840] [zcode-host] [rpc:call] file-watcher.watch OK (0.7ms)
[2026-10-03 09:41:50.074] [info] [pid:31988] [main] [host-log] (local-1) [host] [2026-10-03 09:41:50.073] [pid:29840] [zcode-host] [rpc:call] file-watcher.watch OK (0.2ms)
[2026-10-03 09:41:50.075] [info] [pid:31988] [main] [host-log] (local-1) [host] [2026-10-03 09:41:50.074] [pid:29840] [zcode-host] [rpc:call] file-watcher.watch OK (0.3ms)
[2026-10-03 09:41:50.075] [info] [pid:31988] [main] [host-log] (local-1) [host] [2026-10-03 09:41:50.074] [pid:29840] [zcode-host] [rpc:listen] file-watcher.onDynamicChange subscribed
[2026-10-03 09:41:50.076] [info] [pid:31988] [main] [host-log] (local-1) [host] [2026-10-03 09:41:50.074] [pid:29840] [zcode-host] [rpc:listen] file-watcher.onDynamicChange subscribed
[2026-10-03 09:41:50.076] [info] [pid:31988] [main] [host-log] (local-1) [host] [2026-10-03 09:41:50.074] [pid:29840] [zcode-host] [rpc:listen] file-watcher.onDynamicChange subscribed
[2026-10-03 09:41:50.261] [info] [pid:31988] [main] [host-log] (local-1) [host] [2026-10-03 09:41:50.260] [pid:29840] [settingService] writing settings to: E:\Xiadie\Xiadie\.runtime\P01\validation\u11-final-02\degradation\scenarios\offline\profile\home\.zcode\v2\setting.json {"recentProjects":[],"locale":"zh-CN","localePreference":"system","terminalInheritSystemProfile":true,"embeddedBrowserAllowInsecureCertificates":false,"embeddedBrowserViewportPreference":{"mode":"normal","viewport":{"width":393,"height":852},"zoom":"fit"},"computerUseComposerEntryHidden":true,"taskAutoArchiveEnabled":false,"taskAutoArchiveOlderThanDays":7,"closeToTrayOnWindows":true,"closeToTrayOnWindowsMigrationInitialized":true,"keepAwakeWhileRunning":false,"desktopChromiumHardwareAccelerationEnabled":true,"messageStreamShowReasoning":true,"messageStreamShowReasoningMigrationInitialized":true,"messageStreamShowTodos":false,"toolGroupingExploreEnabled":true,"toolGroupingTerminalEnabled":true,"toolGroupingChangesEnabled":false,"zcodeInteractionBehavior":"queue","askUserQuestionAutoResolutionEnabled":true,"modelIoFullRetentionEnabled":false,"startPlanRecommendationDismissed":false,"providerFamilyConnectionSelections":{},"providerFamilyDomain":"bigmodel","providerFamilyDomainUpdatedAt":1790991704873,"providerFamilyDomainMigrated":true,"nativeSearchEnhancementsEnabled":true,"memoryEnabled":false,"lastWorkspaceSession":[{"kind":"local","workspacePath":"E:\\Xiadie\\Xiadie\\.runtime\\P01\\validation\\u11-final-02\\degradation\\scenarios\\offline\\profile\\workspace","workspacePurpose":"project"},{"kind":"local","workspacePath":"E:\\Xiadie\\Xiadie\\.runtime\\P01\\validation\\u11-final-02\\degradation\\scenarios\\offline\\profile\\data\\.zcode\\workspace\\default","workspacePurpose":"conversation"}],"lastActiveTabIndex":1,"receivePreviewUpdates":false,"autoDownloadAndInstallUpdates":false,"skippedElectronUpdateVersions":{},"settingsSyncFirstRunPromptHandled":true}
[2026-10-03 09:41:50.264] [info] [pid:31988] [main] [host-log] (local-1) [host] [2026-10-03 09:41:50.263] [pid:29840] [settingService] write done
[2026-10-03 09:41:50.265] [info] [pid:31988] [main] [host-log] (local-1) [host] [2026-10-03 09:41:50.264] [pid:29840] [zcode-host] [rpc:call] setting.update OK (4.4ms)
[2026-10-03 09:41:50.842] [info] [pid:31988] [main] [host-log] (local-1) [host] [2026-10-03 09:41:50.842] [pid:29840] [zcode-host] [rpc:call] zcode-agent.subscribeSessionsIndexV4 OK (835.8ms)
[2026-10-03 09:41:50.843] [info] [pid:31988] [main] [host-log] (local-1) [host] [2026-10-03 09:41:50.842] [pid:29840] [zcode-agent-service] 为只读会话控制面启动 ZCode agent {"workspaceKey":"E:\\Xiadie\\Xiadie\\.runtime\\P01\\validation\\u11-final-02\\degradation\\scenarios\\offline\\profile\\data\\.zcode\\workspace\\default","workspacePath":"E:\\Xiadie\\Xiadie\\.runtime\\P01\\validation\\u11-final-02\\degradation\\scenarios\\offline\\profile\\data\\.zcode\\workspace\\default"}
[2026-10-03 09:41:50.843] [info] [pid:31988] [main] [stability] perf_agent_ready reported {"pid":9020,"runtimeGeneration":1,"runtimeInstanceId":"agent-e11d7932-ec17-4fb7-a30f-89be45739bfb","startupDurationMs":846}
[2026-10-03 09:41:50.844] [info] [pid:31988] [main] [host-log] (local-1) [host] [2026-10-03 09:41:50.842] [pid:29840] [zcode-agent-service] provider/model 就绪，允许 ZCode agent 模型执行 {"modelId":"deepseek-flash","providerId":"p01-u10-loopback","revision":"model-selection:1","workspaceKey":"E:\\Xiadie\\Xiadie\\.runtime\\P01\\validation\\u11-final-02\\degradation\\scenarios\\offline\\profile\\data\\.zcode\\workspace\\default","workspacePath":"E:\\Xiadie\\Xiadie\\.runtime\\P01\\validation\\u11-final-02\\degradation\\scenarios\\offline\\profile\\data\\.zcode\\workspace\\default"}
[2026-10-03 09:41:50.861] [info] [pid:31988] [main] [host-log] (local-1) [host] [2026-10-03 09:41:50.860] [pid:29840] [zcode-agent-service] account provider config 已交付到 ZCode agent {"providerCount":8,"reason":"workspace_read_presentation","receivedRevision":"account:[\"zcode-builtin:30:8b826375e0bcba1172987c6568e77738d0222b10dcb8b394513b6eda7c037f7e\",[{\"providerId\":\"account:zai-individual-coding-plan\",\"config\":{\"access\":{\"type\":\"zhipu-account\",\"entitled\":false}}},{\"providerId\":\"account:zai-team-coding-plan\",\"config\":{\"access\":{\"type\":\"zhipu-account\",\"entitled\":false}}},{\"providerId\":\"account:zai-start-plan\",\"config\":{\"access\":{\"type\":\"zhipu-account\",\"entitled\":false}}},{\"providerId\":\"account:bigmodel-individual-coding-plan\",\"config\":{\"access\":{\"type\":\"zhipu-account\",\"entitled\":false}}},{\"providerId\":\"account:bigmodel-team-coding-plan\",\"config\":{\"access\":{\"type\":\"zhipu-account\",\"entitled\":false}}},{\"providerId\":\"account:bigmodel-start-plan\",\"config\":{\"access\":{\"type\":\"zhipu-account\",\"entitled\":false}}},{\"providerId\":\"account:zai-offpeak-idle-plan\",\"config\":{\"access\":{\"type\":\"zhipu-account\",\"entitled\":false}}},{\"providerId\":\"account:bigmodel-offpeak-idle-plan\",\"config\":{\"access\":{\"type\":\"zhipu-account\",\"entitled\":false}}}],{\"account:zai-individual-coding-plan\":{\"availability\":\"unavailable\",\"entitled\":false,\"unavailableReason\":\"not-connected\",\"current\":false,\"connectionKey\":\"41717a7a173a5e88981ed3b30d6c754715277dce3b302a8e7b1386cdf57b9b4c\"},\"account:zai-team-coding-plan\":{\"availability\":\"unavailable\",\"entitled\":false,\"unavailableReason\":\"not-connected\",\"current\":false,\"connectionKey\":\"41717a7a173a5e88981ed3b30d6c754715277dce3b302a8e7b1386cdf57b9b4c\"},\"account:zai-start-plan\":{\"availability\":\"unavailable\",\"entitled\":false,\"unavailableReason\":\"not-connected\",\"current\":false,\"connectionKey\":\"b20a8f39ea1865b9bdbc4f21e0774500034895a93cdf0c737917b6532ebedcea\"},\"account:bigmodel-individual-coding-plan\":{\"availability\":\"unavailable\",\"entitled\":false,\"unavailableReason\":\"not-connected\",\"current\":false,\"connectionKey\":\"145736c8450a04bf4ba21aee47794f53d87ea79c5dc4cc5b9f27fbf5b6038d53\"},\"account:bigmodel-team-coding-plan\":{\"availability\":\"unavailable\",\"entitled\":false,\"unavailableReason\":\"not-connected\",\"current\":false,\"connectionKey\":\"145736c8450a04bf4ba21aee47794f53d87ea79c5dc4cc5b9f27fbf5b6038d53\"},\"account:bigmodel-start-plan\":{\"availability\":\"unavailable\",\"entitled\":false,\"unavailableReason\":\"not-connected\",\"current\":false,\"connectionKey\":\"116fde2fcda0bb10f88164a63caadb0a0ec8611edcf75b35a9924684f9ba84bd\"},\"account:zai-offpeak-idle-plan\":{\"availability\":\"unavailable\",\"entitled\":false},\"account:bigmodel-offpeak-idle-plan\":{\"availability\":\"unavailable\",\"entitled\":false}}]","status":"received"}
[2026-10-03 09:41:50.870] [info] [pid:31988] [main] [host-log] (local-1) [host] [2026-10-03 09:41:50.869] [pid:29840] [zcode-agent-service] ZCode Protocol workspace/readPresentation 完成 {"durationMs":884,"slashCommandCount":4,"workspaceKey":"E:\\Xiadie\\Xiadie\\.runtime\\P01\\validation\\u11-final-02\\degradation\\scenarios\\offline\\profile\\data\\.zcode\\workspace\\default","workspacePath":"E:\\Xiadie\\Xiadie\\.runtime\\P01\\validation\\u11-final-02\\degradation\\scenarios\\offline\\profile\\data\\.zcode\\workspace\\default"}
[2026-10-03 09:41:50.871] [info] [pid:31988] [main] [host-log] (local-1) [host] [2026-10-03 09:41:50.870] [pid:29840] [zcode-host] [rpc:call] zcode-session.readWorkspacePresentation OK (884.3ms)
[2026-10-03 09:41:50.967] [info] [pid:31988] [main] [host-log] (local-1) [host] [2026-10-03 09:41:50.967] [pid:29840] [zcode-host] [rpc:call] zcode-agent.sendConversationCommandV4 OK (969.5ms)
[2026-10-03 09:41:50.969] [info] [pid:31988] [renderer] v4 conversation store connect started {"event":"v4.conversation.store.connect.started","generation":1,"hasBase":false,"module":"ui.v4.conversation_projection_store","status":"started","topic":"conversation/sess_835dd02f-bd98-458c-b464-4f5cad011558"}
[2026-10-03 09:41:50.970] [info] [pid:31988] [renderer] v4 conversation subscription started {"workspaceKey":"E:\\Xiadie\\Xiadie\\.runtime\\P01\\validation\\u11-final-02\\degradation\\scenarios\\offline\\profile\\data\\.zcode\\workspace\\default","workspacePath":"E:\\Xiadie\\Xiadie\\.runtime\\P01\\validation\\u11-final-02\\degradation\\scenarios\\offline\\profile\\data\\.zcode\\workspace\\default","event":"v4.conversation.subscribe.started","module":"ui.v4.conversation_transport","runtimeGeneration":0,"sessionId":"sess_835dd02f-bd98-458c-b464-4f5cad011558","status":"started","topic":"conversation/sess_835dd02f-bd98-458c-b464-4f5cad011558"}
[2026-10-03 09:41:50.970] [info] [pid:31988] [renderer] v4 session data lease acquired {"event":"v4.session_data.acquire","keepWarm":false,"module":"ui.v4.session_data_layer","openKind":"cold","refCount":1,"sessionId":"sess_835dd02f-bd98-458c-b464-4f5cad011558","status":"completed","topic":"conversation/sess_835dd02f-bd98-458c-b464-4f5cad011558"}
[2026-10-03 09:41:50.970] [info] [pid:31988] [main] [host-log] (local-1) [host] [2026-10-03 09:41:50.969] [pid:29840] [zcode-host] [rpc:listen] zcode-agent.onAgentRuntimeRestarted subscribed
[2026-10-03 09:41:50.977] [info] [pid:31988] [main] [host-log] (local-1) [host] [2026-10-03 09:41:50.977] [pid:29840] [zcode-host] [rpc:call] zcode-agent.subscribeConversationV4 OK (6.0ms)
[2026-10-03 09:41:50.978] [info] [pid:31988] [renderer] v4 conversation subscription acknowledged {"workspaceKey":"E:\\Xiadie\\Xiadie\\.runtime\\P01\\validation\\u11-final-02\\degradation\\scenarios\\offline\\profile\\data\\.zcode\\workspace\\default","workspacePath":"E:\\Xiadie\\Xiadie\\.runtime\\P01\\validation\\u11-final-02\\degradation\\scenarios\\offline\\profile\\data\\.zcode\\workspace\\default","durationMs":8,"event":"v4.conversation.subscribe.acknowledged","module":"ui.v4.conversation_transport","runtimeGeneration":0,"sessionId":"sess_835dd02f-bd98-458c-b464-4f5cad011558","status":"completed","subscriptionId":"sub-murq80lb-zoe2qj9k-1","topic":"conversation/sess_835dd02f-bd98-458c-b464-4f5cad011558"}
[2026-10-03 09:41:50.978] [info] [pid:31988] [renderer] v4 conversation subscription activated {"workspaceKey":"E:\\Xiadie\\Xiadie\\.runtime\\P01\\validation\\u11-final-02\\degradation\\scenarios\\offline\\profile\\data\\.zcode\\workspace\\default","workspacePath":"E:\\Xiadie\\Xiadie\\.runtime\\P01\\validation\\u11-final-02\\degradation\\scenarios\\offline\\profile\\data\\.zcode\\workspace\\default","event":"v4.conversation.subscribe.activated","module":"ui.v4.conversation_transport","runtimeGeneration":0,"status":"completed","subscriptionId":"sub-murq80lb-zoe2qj9k-1","topic":"conversation/sess_835dd02f-bd98-458c-b464-4f5cad011558"}
[2026-10-03 09:41:50.978] [info] [pid:31988] [renderer] v4 conversation store connect completed {"durationMs":9,"event":"v4.conversation.store.connect.completed","generation":1,"logEpoch":"murq80lb-zoe2qj9k","mode":"snapshot","module":"ui.v4.conversation_projection_store","status":"completed","subscriptionId":"sub-murq80lb-zoe2qj9k-1","topic":"conversation/sess_835dd02f-bd98-458c-b464-4f5cad011558"}
[2026-10-03 09:41:53.906] [info] [pid:31988] [main] [host-log] (local-1) [host] [2026-10-03 09:41:53.906] [pid:29840] [zcode-host] [rpc:call] model-selection.getView OK (0.8ms)
[2026-10-03 09:41:54.006] [info] [pid:31988] [main] [host-log] (local-1) [host] [2026-10-03 09:41:54.006] [pid:29840] [zcode-host] [rpc:call] zcode-agent.sendConversationCommandV4 OK (37.6ms)
[2026-10-03 09:41:54.020] [info] [pid:31988] [main] [host-log] (local-1) [host] [2026-10-03 09:41:54.020] [pid:29840] [zcode-host] [rpc:call] zcode-task.getTaskSessionFilePath OK (0.0ms)
[2026-10-03 09:41:54.021] [info] [pid:31988] [main] [host-log] (local-1) [host] [2026-10-03 09:41:54.021] [pid:29840] [zcode-host] [rpc:call] zcode-task.getTaskNativeSessionLogFile OK (0.2ms)
[2026-10-03 09:41:54.022] [info] [pid:31988] [main] [host-log] (local-1) [host] [2026-10-03 09:41:54.021] [pid:29840] [zcode-host] [rpc:call] zcode-task.getTaskNativeSessionLogFile OK (0.1ms)
[2026-10-03 09:41:54.022] [info] [pid:31988] [main] [host-log] (local-1) [host] [2026-10-03 09:41:54.021] [pid:29840] [zcode-host] [rpc:call] zcode-task.getTaskSessionFilePath OK (0.0ms)
[2026-10-03 09:41:54.046] [info] [pid:31988] [main] [host-log] (local-1) [host] [2026-10-03 09:41:54.046] [pid:29840] [zcode-session-service] [zcode-session-service] readSession 历史快照读取完成 {"durationMs":24,"messageLimit":1,"sessionId":"sess_835dd02f-bd98-458c-b464-4f5cad011558","snapshot":{"activeTurnId":null,"eventSeq":1,"messageCount":0,"pendingRequestCount":0,"sessionStatus":"idle","stateRevision":0},"workspaceIdentity":null,"workspacePath":"E:\\Xiadie\\Xiadie\\.runtime\\P01\\validation\\u11-final-02\\degradation\\scenarios\\offline\\profile\\data\\.zcode\\workspace\\default"}
[2026-10-03 09:41:54.047] [info] [pid:31988] [main] [host-log] (local-1) [host] [2026-10-03 09:41:54.046] [pid:29840] [zcode-host] [rpc:call] zcode-session.readSession OK (25.0ms)
[2026-10-03 09:41:54.047] [info] [pid:31988] [main] [host-log] (local-1) [host] [2026-10-03 09:41:54.046] [pid:29840] [zcode-host] [rpc:call] zcode-agent.conversationWorkflowRunsV4 OK (21.7ms)
[2026-10-03 09:41:54.048] [info] [pid:31988] [main] [host-log] (local-1) [host] [2026-10-03 09:41:54.046] [pid:29840] [zcode-host] [rpc:call] zcode-agent.conversationPlansV4 OK (21.6ms)
[2026-10-03 09:41:54.052] [info] [pid:31988] [main] [host-log] (local-1) [host] [2026-10-03 09:41:54.052] [pid:29840] [zcode-host] [rpc:call] zcode-task.getTaskNativeSessionLogFile OK (0.2ms)
[2026-10-03 09:41:54.322] [info] [pid:31988] [main] [host-log] (local-1) [host] [2026-10-03 09:41:54.322] [pid:29840] [settingService] writing settings to: E:\Xiadie\Xiadie\.runtime\P01\validation\u11-final-02\degradation\scenarios\offline\profile\home\.zcode\v2\setting.json {"recentProjects":[],"locale":"zh-CN","localePreference":"system","terminalInheritSystemProfile":true,"embeddedBrowserAllowInsecureCertificates":false,"embeddedBrowserViewportPreference":{"mode":"normal","viewport":{"width":393,"height":852},"zoom":"fit"},"computerUseComposerEntryHidden":true,"taskAutoArchiveEnabled":false,"taskAutoArchiveOlderThanDays":7,"closeToTrayOnWindows":true,"closeToTrayOnWindowsMigrationInitialized":true,"keepAwakeWhileRunning":false,"desktopChromiumHardwareAccelerationEnabled":true,"messageStreamShowReasoning":true,"messageStreamShowReasoningMigrationInitialized":true,"messageStreamShowTodos":false,"toolGroupingExploreEnabled":true,"toolGroupingTerminalEnabled":true,"toolGroupingChangesEnabled":false,"zcodeInteractionBehavior":"queue","askUserQuestionAutoResolutionEnabled":true,"modelIoFullRetentionEnabled":false,"startPlanRecommendationDismissed":false,"providerFamilyConnectionSelections":{},"providerFamilyDomain":"bigmodel","providerFamilyDomainUpdatedAt":1790991704873,"providerFamilyDomainMigrated":true,"nativeSearchEnhancementsEnabled":true,"memoryEnabled":false,"lastWorkspaceSession":[{"kind":"local","workspacePath":"E:\\Xiadie\\Xiadie\\.runtime\\P01\\validation\\u11-final-02\\degradation\\scenarios\\offline\\profile\\workspace","workspacePurpose":"project"},{"kind":"local","workspacePath":"E:\\Xiadie\\Xiadie\\.runtime\\P01\\validation\\u11-final-02\\degradation\\scenarios\\offline\\profile\\data\\.zcode\\workspace\\default","workspacePurpose":"conversation"}],"lastActiveTabIndex":1,"receivePreviewUpdates":false,"autoDownloadAndInstallUpdates":false,"skippedElectronUpdateVersions":{},"settingsSyncFirstRunPromptHandled":true}
[2026-10-03 09:41:54.326] [info] [pid:31988] [main] [host-log] (local-1) [host] [2026-10-03 09:41:54.325] [pid:29840] [settingService] write done
[2026-10-03 09:41:54.326] [info] [pid:31988] [main] [host-log] (local-1) [host] [2026-10-03 09:41:54.325] [pid:29840] [zcode-host] [rpc:call] setting.update OK (4.4ms)
[2026-10-03 09:41:54.331] [warn] [pid:31988] [main] [host-log] (local-1) [host] [2026-10-03 09:41:54.330] [pid:29840] [cua-pip-session] [cua-pip-session] event delivery dropped {"eventId":"7a1367d4-09d1-4a3b-b15c-c37b6031a414","kind":"turn-started","sequenceNumber":2,"sessionId":"sess_835dd02f-bd98-458c-b464-4f5cad011558","turnId":"turn_4c57f462-94e1-42e3-b377-616abac120dc","skipReason":"service-disabled"}
[2026-10-03 09:41:54.411] [info] [pid:31988] [main] [host-log] (local-1) [host] [2026-10-03 09:41:54.411] [pid:29840] [zcode-host] [rpc:call] window-controller.listTaskList OK (0.1ms)
[2026-10-03 09:41:54.412] [info] [pid:31988] [main] [host-log] (local-1) [host] [2026-10-03 09:41:54.411] [pid:29840] [zcode-host] [rpc:call] window-controller.listTaskList OK (0.1ms)
[2026-10-03 09:41:54.468] [info] [pid:31988] [main] [host-log] (local-1) [host] [2026-10-03 09:41:54.467] [pid:29840] [zcode-host] [rpc:call] window-controller.listTaskList OK (0.1ms)
[2026-10-03 09:41:54.476] [info] [pid:31988] [main] [host-log] (local-1) [host] [2026-10-03 09:41:54.476] [pid:29840] [zcode-host] [rpc:call] window-controller.listTaskList OK (0.1ms)
[2026-10-03 09:41:54.486] [info] [pid:31988] [main] [host-log] (local-1) [host] [2026-10-03 09:41:54.485] [pid:29840] [zcode-host] [rpc:call] window-controller.listTaskList OK (0.1ms)
[2026-10-03 09:41:54.540] [info] [pid:31988] [main] [host-log] (local-1) [host] [2026-10-03 09:41:54.539] [pid:29840] [zcode-host] [rpc:call] window-controller.listTaskList OK (0.1ms)
[2026-10-03 09:41:54.548] [warn] [pid:31988] [main] [host-log] (local-1) [host] [2026-10-03 09:41:54.548] [pid:29840] [cua-pip-session] [cua-pip-session] event delivery dropped {"eventId":"a8e80b99-2812-4a18-b64b-c0d61f6eca8c","kind":"turn-ended","sequenceNumber":9,"sessionId":"sess_835dd02f-bd98-458c-b464-4f5cad011558","turnId":"turn_4c57f462-94e1-42e3-b377-616abac120dc","outcome":"failed","skipReason":"service-disabled"}
[2026-10-03 09:41:54.553] [info] [pid:31988] [main] [host-log] (local-1) [host] [2026-10-03 09:41:54.552] [pid:29840] [zcode-host] [rpc:call] window-controller.listTaskList OK (0.0ms)
[2026-10-03 09:41:54.585] [info] [pid:31988] [main] [host-log] (local-1) [host] [2026-10-03 09:41:54.584] [pid:29840] [zcode-host] [rpc:call] window-controller.listTaskList OK (0.1ms)
[2026-10-03 09:41:54.756] [info] [pid:31988] [main] [host-log] (local-1) [host] [2026-10-03 09:41:54.756] [pid:29840] [zcode-host] [rpc:call] file-watcher.unwatch OK (0.1ms)
[2026-10-03 09:41:54.757] [info] [pid:31988] [main] [host-log] (local-1) [host] [2026-10-03 09:41:54.756] [pid:29840] [zcode-host] [rpc:call] file-watcher.unwatch OK (0.0ms)
[2026-10-03 09:41:54.758] [info] [pid:31988] [main] [host-log] (local-1) [host] [2026-10-03 09:41:54.756] [pid:29840] [zcode-host] [rpc:call] file-watcher.unwatch OK (0.0ms)
[2026-10-03 09:41:54.758] [info] [pid:31988] [main] [host-log] (local-1) [host] [2026-10-03 09:41:54.758] [pid:29840] [zcode-host] [rpc:call] system.info OK (0.0ms)
[2026-10-03 09:41:54.759] [info] [pid:31988] [main] [task-realtime] updated host workspace scopes {"hostId":"16f42cac-68be-4e61-a5b4-6b9f8076c019","workspaceKeyCount":2}
[2026-10-03 09:41:54.759] [info] [pid:31988] [main] [host-log] (local-1) [host] [2026-10-03 09:41:54.758] [pid:29840] [zcode-host] [rpc:call] setting.get OK (0.7ms)
[2026-10-03 09:41:54.759] [info] [pid:31988] [main] [host-log] (local-1) [host] [2026-10-03 09:41:54.759] [pid:29840] [zcode-host] [rpc:call] setting.get OK (1.2ms)
[2026-10-03 09:41:54.866] [info] [pid:31988] [main] [host-log] (local-1) [host] [2026-10-03 09:41:54.865] [pid:29840] [zcode-host] [rpc:call] system.listIntegratedTerminalShells OK (0.4ms)
[2026-10-03 09:41:55.049] [info] [pid:31988] [main] [host-log] (local-1) [host] [2026-10-03 09:41:55.049] [pid:29840] [settingService] writing settings to: E:\Xiadie\Xiadie\.runtime\P01\validation\u11-final-02\degradation\scenarios\offline\profile\home\.zcode\v2\setting.json {"recentProjects":[],"locale":"zh-CN","localePreference":"system","terminalInheritSystemProfile":true,"embeddedBrowserAllowInsecureCertificates":false,"embeddedBrowserViewportPreference":{"mode":"normal","viewport":{"width":393,"height":852},"zoom":"fit"},"computerUseComposerEntryHidden":true,"taskAutoArchiveEnabled":false,"taskAutoArchiveOlderThanDays":7,"closeToTrayOnWindows":true,"closeToTrayOnWindowsMigrationInitialized":true,"keepAwakeWhileRunning":false,"desktopChromiumHardwareAccelerationEnabled":true,"messageStreamShowReasoning":true,"messageStreamShowReasoningMigrationInitialized":true,"messageStreamShowTodos":false,"toolGroupingExploreEnabled":true,"toolGroupingTerminalEnabled":true,"toolGroupingChangesEnabled":false,"zcodeInteractionBehavior":"queue","askUserQuestionAutoResolutionEnabled":true,"modelIoFullRetentionEnabled":false,"startPlanRecommendationDismissed":false,"providerFamilyConnectionSelections":{},"providerFamilyDomain":"bigmodel","providerFamilyDomainUpdatedAt":1790991704873,"providerFamilyDomainMigrated":true,"nativeSearchEnhancementsEnabled":true,"memoryEnabled":false,"lastWorkspaceSession":[{"kind":"local","workspacePath":"E:\\Xiadie\\Xiadie\\.runtime\\P01\\validation\\u11-final-02\\degradation\\scenarios\\offline\\profile\\workspace","workspacePurpose":"project"},{"kind":"local","workspacePath":"E:\\Xiadie\\Xiadie\\.runtime\\P01\\validation\\u11-final-02\\degradation\\scenarios\\offline\\profile\\data\\.zcode\\workspace\\default","workspacePurpose":"conversation"}],"lastActiveTabIndex":1,"receivePreviewUpdates":false,"autoDownloadAndInstallUpdates":false,"skippedElectronUpdateVersions":{},"settingsSyncFirstRunPromptHandled":true}
[2026-10-03 09:41:55.053] [info] [pid:31988] [main] [host-log] (local-1) [host] [2026-10-03 09:41:55.052] [pid:29840] [settingService] write done
[2026-10-03 09:41:55.053] [info] [pid:31988] [main] [host-log] (local-1) [host] [2026-10-03 09:41:55.052] [pid:29840] [zcode-host] [rpc:call] setting.update OK (4.5ms)
[2026-10-03 09:41:55.900] [info] [pid:31988] [main] [host-log] (local-1) [host] [2026-10-03 09:41:55.899] [pid:29840] [zcode-host] [rpc:call] system.info OK (0.0ms)
[2026-10-03 09:41:55.900] [info] [pid:31988] [main] [host-log] (local-1) [host] [2026-10-03 09:41:55.900] [pid:29840] [zcode-host] [rpc:call] file-watcher.watch OK (0.7ms)
[2026-10-03 09:41:55.901] [info] [pid:31988] [main] [host-log] (local-1) [host] [2026-10-03 09:41:55.900] [pid:29840] [zcode-host] [rpc:call] file-watcher.watch OK (0.2ms)
[2026-10-03 09:41:55.901] [info] [pid:31988] [main] [host-log] (local-1) [host] [2026-10-03 09:41:55.900] [pid:29840] [zcode-host] [rpc:call] file-watcher.watch OK (0.2ms)
[2026-10-03 09:41:55.959] [info] [pid:31988] [main] [host-log] (local-1) [host] [2026-10-03 09:41:55.959] [pid:29840] [zcode-host] [rpc:listen] file-watcher.onDynamicChange subscribed
[2026-10-03 09:41:55.960] [info] [pid:31988] [main] [host-log] (local-1) [host] [2026-10-03 09:41:55.959] [pid:29840] [zcode-host] [rpc:listen] file-watcher.onDynamicChange subscribed
[2026-10-03 09:41:55.960] [info] [pid:31988] [main] [host-log] (local-1) [host] [2026-10-03 09:41:55.959] [pid:29840] [zcode-host] [rpc:listen] file-watcher.onDynamicChange subscribed
[2026-10-03 09:41:56.208] [info] [pid:31988] [main] [host-log] (local-1) [host] [2026-10-03 09:41:56.208] [pid:29840] [settingService] writing settings to: E:\Xiadie\Xiadie\.runtime\P01\validation\u11-final-02\degradation\scenarios\offline\profile\home\.zcode\v2\setting.json {"recentProjects":[],"locale":"zh-CN","localePreference":"system","terminalInheritSystemProfile":true,"embeddedBrowserAllowInsecureCertificates":false,"embeddedBrowserViewportPreference":{"mode":"normal","viewport":{"width":393,"height":852},"zoom":"fit"},"computerUseComposerEntryHidden":true,"taskAutoArchiveEnabled":false,"taskAutoArchiveOlderThanDays":7,"closeToTrayOnWindows":true,"closeToTrayOnWindowsMigrationInitialized":true,"keepAwakeWhileRunning":false,"desktopChromiumHardwareAccelerationEnabled":true,"messageStreamShowReasoning":true,"messageStreamShowReasoningMigrationInitialized":true,"messageStreamShowTodos":false,"toolGroupingExploreEnabled":true,"toolGroupingTerminalEnabled":true,"toolGroupingChangesEnabled":false,"zcodeInteractionBehavior":"queue","askUserQuestionAutoResolutionEnabled":true,"modelIoFullRetentionEnabled":false,"startPlanRecommendationDismissed":false,"providerFamilyConnectionSelections":{},"providerFamilyDomain":"bigmodel","providerFamilyDomainUpdatedAt":1790991704873,"providerFamilyDomainMigrated":true,"nativeSearchEnhancementsEnabled":true,"memoryEnabled":false,"lastWorkspaceSession":[{"kind":"local","workspacePath":"E:\\Xiadie\\Xiadie\\.runtime\\P01\\validation\\u11-final-02\\degradation\\scenarios\\offline\\profile\\workspace","workspacePurpose":"project"},{"kind":"local","workspacePath":"E:\\Xiadie\\Xiadie\\.runtime\\P01\\validation\\u11-final-02\\degradation\\scenarios\\offline\\profile\\data\\.zcode\\workspace\\default","workspacePurpose":"conversation"}],"lastActiveTabIndex":1,"receivePreviewUpdates":false,"autoDownloadAndInstallUpdates":false,"skippedElectronUpdateVersions":{},"settingsSyncFirstRunPromptHandled":true}
[2026-10-03 09:41:56.212] [info] [pid:31988] [main] [host-log] (local-1) [host] [2026-10-03 09:41:56.211] [pid:29840] [settingService] write done
[2026-10-03 09:41:56.213] [info] [pid:31988] [main] [host-log] (local-1) [host] [2026-10-03 09:41:56.212] [pid:29840] [zcode-host] [rpc:call] setting.update OK (4.8ms)
[2026-10-03 09:41:57.906] [info] [pid:31988] [renderer] v4 workspace connection reused {"event":"v4.workspace_connection.reused","isRemote":false,"key":"__base__ E:\\Xiadie\\Xiadie\\.runtime\\P01\\validation\\u11-final-02\\degradation\\scenarios\\offline\\profile\\workspace","module":"ui.v4.workspace_connection_registry","refCount":1,"serviceGeneration":1,"status":"completed"}
[2026-10-03 09:41:57.913] [info] [pid:31988] [renderer] v4 session data lease released {"event":"v4.session_data.release","keepWarmMs":30000,"module":"ui.v4.session_data_layer","refCount":0,"status":"keep_warm","topic":"conversation/sess_835dd02f-bd98-458c-b464-4f5cad011558"}
[2026-10-03 09:41:57.913] [info] [pid:31988] [renderer] v4 workspace connection lease released {"event":"v4.workspace_connection.release","keepWarmMs":30000,"key":"__base__ E:\\Xiadie\\Xiadie\\.runtime\\P01\\validation\\u11-final-02\\degradation\\scenarios\\offline\\profile\\data\\.zcode\\workspace\\default","module":"ui.v4.workspace_connection_registry","refCount":0,"status":"keep_warm"}
[2026-10-03 09:41:57.914] [info] [pid:31988] [main] [host-log] (local-1) [host] [2026-10-03 09:41:57.913] [pid:29840] [zcode-host] [rpc:call] file-watcher.unwatch OK (0.1ms)
[2026-10-03 09:41:57.915] [info] [pid:31988] [main] [host-log] (local-1) [host] [2026-10-03 09:41:57.913] [pid:29840] [zcode-host] [rpc:call] file-watcher.unwatch OK (0.0ms)
[2026-10-03 09:41:57.915] [info] [pid:31988] [main] [host-log] (local-1) [host] [2026-10-03 09:41:57.913] [pid:29840] [zcode-host] [rpc:call] file-watcher.unwatch OK (0.0ms)
[2026-10-03 09:41:57.915] [info] [pid:31988] [main] [host-log] (local-1) [host] [2026-10-03 09:41:57.914] [pid:29840] [zcode-host] [rpc:call] zcode-task.getTaskSessionFilePath OK (0.0ms)
[2026-10-03 09:41:57.916] [info] [pid:31988] [main] [host-log] (local-1) [host] [2026-10-03 09:41:57.914] [pid:29840] [zcode-host] [rpc:call] zcode-task.getTaskNativeSessionLogFile OK (0.2ms)
[2026-10-03 09:41:57.916] [info] [pid:31988] [main] [host-log] (local-1) [host] [2026-10-03 09:41:57.914] [pid:29840] [zcode-host] [rpc:listen] model-selection.onDidChange subscribed
[2026-10-03 09:41:57.916] [info] [pid:31988] [renderer] v4 session data lease acquired {"event":"v4.session_data.acquire","keepWarm":false,"module":"ui.v4.session_data_layer","openKind":"keep_warm","refCount":1,"sessionId":"69a5a112-eeb5-4cbc-abb6-d0eff34c0e83","status":"completed","topic":"conversation/69a5a112-eeb5-4cbc-abb6-d0eff34c0e83"}
[2026-10-03 09:41:57.917] [info] [pid:31988] [main] [host-log] (local-1) [host] [2026-10-03 09:41:57.915] [pid:29840] [zcode-host] [rpc:call] model-selection.getView OK (0.5ms)
[2026-10-03 09:41:57.917] [info] [pid:31988] [main] [host-log] (local-1) [host] [2026-10-03 09:41:57.915] [pid:29840] [zcode-host] [rpc:call] zcode-task.getTaskNativeSessionLogFile OK (0.2ms)
[2026-10-03 09:41:57.917] [info] [pid:31988] [main] [host-log] (local-1) [host] [2026-10-03 09:41:57.915] [pid:29840] [zcode-host] [rpc:call] zcode-task.getTaskSessionFilePath OK (0.0ms)
[2026-10-03 09:41:57.920] [info] [pid:31988] [main] [host-log] (local-1) [host] [2026-10-03 09:41:57.920] [pid:29840] [zcode-host] [rpc:call] settings-sync.getFirstRunPromptState OK (0.9ms)
[2026-10-03 09:41:57.938] [info] [pid:31988] [main] [host-log] (local-1) [host] [2026-10-03 09:41:57.938] [pid:29840] [zcode-host] [rpc:call] zcode-agent.unsubscribeSessionsIndexV4 OK (1.7ms)
[2026-10-03 09:41:57.939] [info] [pid:31988] [main] [host-log] (local-1) [host] [2026-10-03 09:41:57.938] [pid:29840] [zcode-host] [rpc:call] zcode-agent.conversationWorkflowRunsV4 OK (1.3ms)
[2026-10-03 09:41:57.940] [info] [pid:31988] [main] [host-log] (local-1) [host] [2026-10-03 09:41:57.938] [pid:29840] [zcode-host] [rpc:call] zcode-agent.conversationPlansV4 OK (1.2ms)
[2026-10-03 09:41:57.981] [info] [pid:31988] [main] [host-log] (local-1) [host] [2026-10-03 09:41:57.980] [pid:29840] [zcode-host] [rpc:call] git.refresh OK (64.9ms)
[2026-10-03 09:41:58.002] [info] [pid:31988] [main] [host-log] (local-1) [host] [2026-10-03 09:41:58.001] [pid:29840] [zcode-host] [rpc:call] system.info OK (0.0ms)
[2026-10-03 09:41:58.003] [info] [pid:31988] [main] [host-log] (local-1) [host] [2026-10-03 09:41:58.002] [pid:29840] [zcode-host] [rpc:call] file-watcher.watch OK (0.7ms)
[2026-10-03 09:41:58.004] [info] [pid:31988] [main] [host-log] (local-1) [host] [2026-10-03 09:41:58.003] [pid:29840] [zcode-host] [rpc:call] file-watcher.watch OK (0.8ms)
[2026-10-03 09:41:58.005] [info] [pid:31988] [main] [host-log] (local-1) [host] [2026-10-03 09:41:58.004] [pid:29840] [zcode-host] [rpc:call] file-watcher.watch OK (0.7ms)
[2026-10-03 09:41:58.006] [info] [pid:31988] [main] [host-log] (local-1) [host] [2026-10-03 09:41:58.005] [pid:29840] [zcode-host] [rpc:listen] file-watcher.onDynamicChange subscribed
[2026-10-03 09:41:58.006] [info] [pid:31988] [main] [host-log] (local-1) [host] [2026-10-03 09:41:58.005] [pid:29840] [zcode-host] [rpc:listen] file-watcher.onDynamicChange subscribed
[2026-10-03 09:41:58.007] [info] [pid:31988] [main] [host-log] (local-1) [host] [2026-10-03 09:41:58.005] [pid:29840] [zcode-host] [rpc:listen] file-watcher.onDynamicChange subscribed
[2026-10-03 09:41:58.208] [info] [pid:31988] [main] [host-log] (local-1) [host] [2026-10-03 09:41:58.207] [pid:29840] [settingService] writing settings to: E:\Xiadie\Xiadie\.runtime\P01\validation\u11-final-02\degradation\scenarios\offline\profile\home\.zcode\v2\setting.json {"recentProjects":[],"locale":"zh-CN","localePreference":"system","terminalInheritSystemProfile":true,"embeddedBrowserAllowInsecureCertificates":false,"embeddedBrowserViewportPreference":{"mode":"normal","viewport":{"width":393,"height":852},"zoom":"fit"},"computerUseComposerEntryHidden":true,"taskAutoArchiveEnabled":false,"taskAutoArchiveOlderThanDays":7,"closeToTrayOnWindows":true,"closeToTrayOnWindowsMigrationInitialized":true,"keepAwakeWhileRunning":false,"desktopChromiumHardwareAccelerationEnabled":true,"messageStreamShowReasoning":true,"messageStreamShowReasoningMigrationInitialized":true,"messageStreamShowTodos":false,"toolGroupingExploreEnabled":true,"toolGroupingTerminalEnabled":true,"toolGroupingChangesEnabled":false,"zcodeInteractionBehavior":"queue","askUserQuestionAutoResolutionEnabled":true,"modelIoFullRetentionEnabled":false,"startPlanRecommendationDismissed":false,"providerFamilyConnectionSelections":{},"providerFamilyDomain":"bigmodel","providerFamilyDomainUpdatedAt":1790991704873,"providerFamilyDomainMigrated":true,"nativeSearchEnhancementsEnabled":true,"memoryEnabled":false,"lastWorkspaceSession":[{"kind":"local","workspacePath":"E:\\Xiadie\\Xiadie\\.runtime\\P01\\validation\\u11-final-02\\degradation\\scenarios\\offline\\profile\\workspace","workspacePurpose":"project"},{"kind":"local","workspacePath":"E:\\Xiadie\\Xiadie\\.runtime\\P01\\validation\\u11-final-02\\degradation\\scenarios\\offline\\profile\\data\\.zcode\\workspace\\default","workspacePurpose":"conversation"}],"lastActiveTabIndex":0,"receivePreviewUpdates":false,"autoDownloadAndInstallUpdates":false,"skippedElectronUpdateVersions":{},"settingsSyncFirstRunPromptHandled":true}
[2026-10-03 09:41:58.213] [info] [pid:31988] [main] [host-log] (local-1) [host] [2026-10-03 09:41:58.212] [pid:29840] [settingService] write done
[2026-10-03 09:41:58.213] [info] [pid:31988] [main] [host-log] (local-1) [host] [2026-10-03 09:41:58.212] [pid:29840] [zcode-host] [rpc:call] setting.update OK (6.0ms)
[2026-10-03 09:41:58.888] [info] [pid:31988] [main] [app-quit] forceQuit enabled (app-before-quit)
[2026-10-03 09:41:58.889] [info] [pid:31988] [main] [stability] perf_app_exit reported {"scene":"app_quit","exitCode":0}
[2026-10-03 09:41:58.890] [info] [pid:31988] [main] [app-quit] waiting for host process cleanup (app-before-quit), kind=normal, hosts=1, forceKillDelayMs=4000, waitTimeoutMs=4500
[2026-10-03 09:41:58.890] [info] [pid:31988] [main] [disposeHostProcess] disposing host process (app-before-quit-1), pid=29840
[2026-10-03 09:41:58.892] [info] [pid:31988] [main] [host-log] (local-1) [host] [2026-10-03 09:41:58.891] [pid:29840] [zcode-host] disposing host resources, reason=parent dispose
[2026-10-03 09:41:58.895] [warn] [pid:31988] [main] [host-log] (local-1) [host] [2026-10-03 09:41:58.894] [pid:29840] [zcode-task-index-syncer] 清理 task index sessions-index 订阅失败 workspace=E:\Xiadie\Xiadie\.runtime\P01\validation\u11-final-02\degradation\scenarios\offline\profile\workspace {"name":"Error","message":"ZCode Protocol client is disposed","stack":"Error: ZCode Protocol client is disposed\n    at ZCodeProtocolClient.assertNotDisposed (file:///E:/Xiadie/Xiadie/.runtime/P01/u10-candidate-06/packages/desktop/out/host/chunk-ZZOLNKTD.js:1009:11179)\n    at ZCodeProtocolClient.request (file:///E:/Xiadie/Xiadie/.runtime/P01/u10-candidate-06/packages/desktop/out/host/chunk-ZZOLNKTD.js:1009:7447)\n    at unsubscribeV4Route (file:///E:/Xiadie/Xiadie/.runtime/P01/u10-candidate-06/packages/desktop/out/host/index.js:79:42753)\n    at process.processTicksAndRejections (node:internal/process/task_queues:104:5)\n    at async Object.unsubscribeSessionsIndexV4 (file:///E:/Xiadie/Xiadie/.runtime/P01/u10-candidate-06/packages/desktop/out/host/index.js:79:102469)\n    at async unsubscribeIndex (file:///E:/Xiadie/Xiadie/.runtime/P01/u10-candidate-06/packages/desktop/out/host/index.js:249:31381)"}
[2026-10-03 09:41:58.896] [warn] [pid:31988] [main] [host-log] (local-1) [host] [2026-10-03 09:41:58.895] [pid:29840] [zcode-task-index-syncer] 清理 task index workspace-config 订阅失败 workspace=E:\Xiadie\Xiadie\.runtime\P01\validation\u11-final-02\degradation\scenarios\offline\profile\workspace {"name":"Error","message":"ZCode Protocol client is disposed","stack":"Error: ZCode Protocol client is disposed\n    at ZCodeProtocolClient.assertNotDisposed (file:///E:/Xiadie/Xiadie/.runtime/P01/u10-candidate-06/packages/desktop/out/host/chunk-ZZOLNKTD.js:1009:11179)\n    at ZCodeProtocolClient.request (file:///E:/Xiadie/Xiadie/.runtime/P01/u10-candidate-06/packages/desktop/out/host/chunk-ZZOLNKTD.js:1009:7447)\n    at unsubscribeV4Route (file:///E:/Xiadie/Xiadie/.runtime/P01/u10-candidate-06/packages/desktop/out/host/index.js:79:42753)\n    at process.processTicksAndRejections (node:internal/process/task_queues:104:5)\n    at async Object.unsubscribeWorkspaceConfigV4 (file:///E:/Xiadie/Xiadie/.runtime/P01/u10-candidate-06/packages/desktop/out/host/index.js:79:102998)\n    at async unsubscribeConfig (file:///E:/Xiadie/Xiadie/.runtime/P01/u10-candidate-06/packages/desktop/out/host/index.js:249:31652)"}
[2026-10-03 09:41:58.897] [warn] [pid:31988] [main] [host-log] (local-1) [host] [2026-10-03 09:41:58.895] [pid:29840] [zcode-task-index-syncer] 清理 task index sessions-index 订阅失败 workspace=E:\Xiadie\Xiadie\.runtime\P01\validation\u11-final-02\degradation\scenarios\offline\profile\data\.zcode\workspace\default {"name":"Error","message":"ZCode Protocol client is disposed","stack":"Error: ZCode Protocol client is disposed\n    at ZCodeProtocolClient.assertNotDisposed (file:///E:/Xiadie/Xiadie/.runtime/P01/u10-candidate-06/packages/desktop/out/host/chunk-ZZOLNKTD.js:1009:11179)\n    at ZCodeProtocolClient.request (file:///E:/Xiadie/Xiadie/.runtime/P01/u10-candidate-06/packages/desktop/out/host/chunk-ZZOLNKTD.js:1009:7447)\n    at unsubscribeV4Route (file:///E:/Xiadie/Xiadie/.runtime/P01/u10-candidate-06/packages/desktop/out/host/index.js:79:42753)\n    at process.processTicksAndRejections (node:internal/process/task_queues:104:5)\n    at async Object.unsubscribeSessionsIndexV4 (file:///E:/Xiadie/Xiadie/.runtime/P01/u10-candidate-06/packages/desktop/out/host/index.js:79:102469)\n    at async unsubscribeIndex (file:///E:/Xiadie/Xiadie/.runtime/P01/u10-candidate-06/packages/desktop/out/host/index.js:249:31381)"}
[2026-10-03 09:41:58.897] [warn] [pid:31988] [main] [host-log] (local-1) [host] [2026-10-03 09:41:58.895] [pid:29840] [zcode-task-index-syncer] 清理 task index workspace-config 订阅失败 workspace=E:\Xiadie\Xiadie\.runtime\P01\validation\u11-final-02\degradation\scenarios\offline\profile\data\.zcode\workspace\default {"name":"Error","message":"ZCode Protocol client is disposed","stack":"Error: ZCode Protocol client is disposed\n    at ZCodeProtocolClient.assertNotDisposed (file:///E:/Xiadie/Xiadie/.runtime/P01/u10-candidate-06/packages/desktop/out/host/chunk-ZZOLNKTD.js:1009:11179)\n    at ZCodeProtocolClient.request (file:///E:/Xiadie/Xiadie/.runtime/P01/u10-candidate-06/packages/desktop/out/host/chunk-ZZOLNKTD.js:1009:7447)\n    at unsubscribeV4Route (file:///E:/Xiadie/Xiadie/.runtime/P01/u10-candidate-06/packages/desktop/out/host/index.js:79:42753)\n    at process.processTicksAndRejections (node:internal/process/task_queues:104:5)\n    at async Object.unsubscribeWorkspaceConfigV4 (file:///E:/Xiadie/Xiadie/.runtime/P01/u10-candidate-06/packages/desktop/out/host/index.js:79:102998)\n    at async unsubscribeConfig (file:///E:/Xiadie/Xiadie/.runtime/P01/u10-candidate-06/packages/desktop/out/host/index.js:249:31652)"}
[2026-10-03 09:41:58.897] [warn] [pid:31988] [main] [host-log] (local-1) [host] [2026-10-03 09:41:58.895] [pid:29840] [zcode-agent-process-tree] 查询 Windows runtime 进程表失败（异步）: {"name":"Error","message":"spawn powershell.exe ENOENT","stack":"Error: spawn powershell.exe ENOENT\n    at ChildProcess._handle.onexit (node:internal/child_process:286:19)\n    at onErrorNT (node:internal/child_process:484:16)\n    at process.processTicksAndRejections (node:internal/process/task_queues:90:21)"}
[2026-10-03 09:41:58.898] [error] [pid:31988] [main] [host-log] (local-1) [host] (node:29840) UnhandledPromiseRejectionWarning: Error: ZCode Protocol client disposed
    at ZCodeProtocolClient.disposeLocalResources (file:///E:/Xiadie/Xiadie/.runtime/P01/u10-candidate-06/packages/desktop/out/host/chunk-ZZOLNKTD.js:1009:10826)
    at ZCodeProtocolClient.disposeAndWait (file:///E:/Xiadie/Xiadie/.runtime/P01/u10-candidate-06/packages/desktop/out/host/chunk-ZZOLNKTD.js:1009:9137)
    at ZCodeAgentProcessManager.cleanupManagedProcess (file:///E:/Xiadie/Xiadie/.runtime/P01/u10-candidate-06/packages/desktop/out/host/chunk-ZZOLNKTD.js:1050:7696)
    at ZCodeAgentProcessManager.cleanupManagedProcessWithRetry (file:///E:/Xiadie/Xiadie/.runtime/P01/u10-candidate-06/packages/desktop/out/host/chunk-ZZOLNKTD.js:1050:8414)
    at ZCodeAgentProcessManager.cleanupManagedProcessForShutdown (file:///E:/Xiadie/Xiadie/.runtime/P01/u10-candidate-06/packages/desktop/out/host/chunk-ZZOLNKTD.js:1050:8259)
    at file:///E:/Xiadie/Xiadie/.runtime/P01/u10-candidate-06/packages/desktop/out/host/chunk-ZZOLNKTD.js:1050:19137
    at Array.map (<anonymous>)
    at ZCodeAgentProcessManager.disposeAllAndWait (file:///E:/Xiadie/Xiadie/.runtime/P01/u10-candidate-06/packages/desktop/out/host/chunk-ZZOLNKTD.js:1050:19125)
    at Object.disposeAllAndWait (file:///E:/Xiadie/Xiadie/.runtime/P01/u10-candidate-06/packages/desktop/out/host/index.js:79:103728)
    at disposeZCodeAgentServiceAndWait (file:///E:/Xiadie/Xiadie/.runtime/P01/u10-candidate-06/packages/desktop/out/host/index.js:89:28784)
[2026-10-03 09:41:58.898] [warn] [pid:31988] [main] [host-log] (local-1) [host] [2026-10-03 09:41:58.896] [pid:29840] [zcode-host] UnhandledPromiseRejectionWarning: Error: ZCode Protocol client disposed
    at ZCodeProtocolClient.disposeLocalResources (file:///E:/Xiadie/Xiadie/.runtime/P01/u10-candidate-06/packages/desktop/out/host/chunk-ZZOLNKTD.js:1009:10826)
    at ZCodeProtocolClient.disposeAndWait (file:///E:/Xiadie/Xiadie/.runtime/P01/u10-candidate-06/packages/desktop/out/host/chunk-ZZOLNKTD.js:1009:9137)
    at ZCodeAgentProcessManager.cleanupManagedProcess (file:///E:/Xiadie/Xiadie/.runtime/P01/u10-candidate-06/packages/desktop/out/host/chunk-ZZOLNKTD.js:1050:7696)
    at ZCodeAgentProcessManager.cleanupManagedProcessWithRetry (file:///E:/Xiadie/Xiadie/.runtime/P01/u10-candidate-06/packages/desktop/out/host/chunk-ZZOLNKTD.js:1050:8414)
    at ZCodeAgentProcessManager.cleanupManagedProcessForShutdown (file:///E:/Xiadie/Xiadie/.runtime/P01/u10-candidate-06/packages/desktop/out/host/chunk-ZZOLNKTD.js:1050:8259)
    at file:///E:/Xiadie/Xiadie/.runtime/P01/u10-candidate-06/packages/desktop/out/host/chunk-ZZOLNKTD.js:1050:19137
    at Array.map (<anonymous>)
    at ZCodeAgentProcessManager.disposeAllAndWait (file:///E:/Xiadie/Xiadie/.runtime/P01/u10-candidate-06/packages/desktop/out/host/chunk-ZZOLNKTD.js:1050:19125)
    at Object.disposeAllAndWait (file:///E:/Xiadie/Xiadie/.runtime/P01/u10-candidate-06/packages/desktop/out/host/index.js:79:103728)
    at disposeZCodeAgentServiceAndWait (file:///E:/Xiadie/Xiadie/.runtime/P01/u10-candidate-06/packages/desktop/out/host/index.js:89:28784)
[2026-10-03 09:41:58.899] [error] [pid:31988] [main] [host-log] (local-1) [host] (node:29840) UnhandledPromiseRejectionWarning: Unhandled promise rejection. This error originated either by throwing inside of an async function without a catch block, or by rejecting a promise which was not handled with .catch(). To terminate the node process on unhandled promise rejection, use the CLI flag `--unhandled-rejections=strict` (see https://nodejs.org/api/cli.html#cli_unhandled_rejections_mode). (rejection id: 87)
[2026-10-03 09:41:58.899] [warn] [pid:31988] [main] [host-log] (local-1) [host] [2026-10-03 09:41:58.896] [pid:29840] [zcode-host] UnhandledPromiseRejectionWarning: Unhandled promise rejection. This error originated either by throwing inside of an async function without a catch block, or by rejecting a promise which was not handled with .catch(). To terminate the node process on unhandled promise rejection, use the CLI flag `--unhandled-rejections=strict` (see https://nodejs.org/api/cli.html#cli_unhandled_rejections_mode). (rejection id: 87)
[2026-10-03 09:41:58.899] [error] [pid:31988] [main] [host-log] (local-1) [host] (node:29840) UnhandledPromiseRejectionWarning: Error: ZCode Protocol client disposed
    at ZCodeProtocolClient.disposeLocalResources (file:///E:/Xiadie/Xiadie/.runtime/P01/u10-candidate-06/packages/desktop/out/host/chunk-ZZOLNKTD.js:1009:10826)
    at ZCodeProtocolClient.disposeAndWait (file:///E:/Xiadie/Xiadie/.runtime/P01/u10-candidate-06/packages/desktop/out/host/chunk-ZZOLNKTD.js:1009:9137)
    at ZCodeAgentProcessManager.cleanupManagedProcess (file:///E:/Xiadie/Xiadie/.runtime/P01/u10-candidate-06/packages/desktop/out/host/chunk-ZZOLNKTD.js:1050:7696)
    at ZCodeAgentProcessManager.cleanupManagedProcessWithRetry (file:///E:/Xiadie/Xiadie/.runtime/P01/u10-candidate-06/packages/desktop/out/host/chunk-ZZOLNKTD.js:1050:8414)
    at ZCodeAgentProcessManager.cleanupManagedProcessForShutdown (file:///E:/Xiadie/Xiadie/.runtime/P01/u10-candidate-06/packages/desktop/out/host/chunk-ZZOLNKTD.js:1050:8259)
    at file:///E:/Xiadie/Xiadie/.runtime/P01/u10-candidate-06/packages/desktop/out/host/chunk-ZZOLNKTD.js:1050:19137
    at Array.map (<anonymous>)
    at ZCodeAgentProcessManager.disposeAllAndWait (file:///E:/Xiadie/Xiadie/.runtime/P01/u10-candidate-06/packages/desktop/out/host/chunk-ZZOLNKTD.js:1050:19125)
    at Object.disposeAllAndWait (file:///E:/Xiadie/Xiadie/.runtime/P01/u10-candidate-06/packages/desktop/out/host/index.js:79:103728)
    at disposeZCodeAgentServiceAndWait (file:///E:/Xiadie/Xiadie/.runtime/P01/u10-candidate-06/packages/desktop/out/host/index.js:89:28784)
[2026-10-03 09:41:58.900] [warn] [pid:31988] [main] [host-log] (local-1) [host] [2026-10-03 09:41:58.896] [pid:29840] [zcode-host] UnhandledPromiseRejectionWarning: Error: ZCode Protocol client disposed
    at ZCodeProtocolClient.disposeLocalResources (file:///E:/Xiadie/Xiadie/.runtime/P01/u10-candidate-06/packages/desktop/out/host/chunk-ZZOLNKTD.js:1009:10826)
    at ZCodeProtocolClient.disposeAndWait (file:///E:/Xiadie/Xiadie/.runtime/P01/u10-candidate-06/packages/desktop/out/host/chunk-ZZOLNKTD.js:1009:9137)
    at ZCodeAgentProcessManager.cleanupManagedProcess (file:///E:/Xiadie/Xiadie/.runtime/P01/u10-candidate-06/packages/desktop/out/host/chunk-ZZOLNKTD.js:1050:7696)
    at ZCodeAgentProcessManager.cleanupManagedProcessWithRetry (file:///E:/Xiadie/Xiadie/.runtime/P01/u10-candidate-06/packages/desktop/out/host/chunk-ZZOLNKTD.js:1050:8414)
    at ZCodeAgentProcessManager.cleanupManagedProcessForShutdown (file:///E:/Xiadie/Xiadie/.runtime/P01/u10-candidate-06/packages/desktop/out/host/chunk-ZZOLNKTD.js:1050:8259)
    at file:///E:/Xiadie/Xiadie/.runtime/P01/u10-candidate-06/packages/desktop/out/host/chunk-ZZOLNKTD.js:1050:19137
    at Array.map (<anonymous>)
    at ZCodeAgentProcessManager.disposeAllAndWait (file:///E:/Xiadie/Xiadie/.runtime/P01/u10-candidate-06/packages/desktop/out/host/chunk-ZZOLNKTD.js:1050:19125)
    at Object.disposeAllAndWait (file:///E:/Xiadie/Xiadie/.runtime/P01/u10-candidate-06/packages/desktop/out/host/index.js:79:103728)
    at disposeZCodeAgentServiceAndWait (file:///E:/Xiadie/Xiadie/.runtime/P01/u10-candidate-06/packages/desktop/out/host/index.js:89:28784)
[2026-10-03 09:41:58.900] [error] [pid:31988] [main] [host-log] (local-1) [host] (node:29840) UnhandledPromiseRejectionWarning: Unhandled promise rejection. This error originated either by throwing inside of an async function without a catch block, or by rejecting a promise which was not handled with .catch(). To terminate the node process on unhandled promise rejection, use the CLI flag `--unhandled-rejections=strict` (see https://nodejs.org/api/cli.html#cli_unhandled_rejections_mode). (rejection id: 88)
[2026-10-03 09:41:58.900] [warn] [pid:31988] [main] [host-log] (local-1) [host] [2026-10-03 09:41:58.896] [pid:29840] [zcode-host] UnhandledPromiseRejectionWarning: Unhandled promise rejection. This error originated either by throwing inside of an async function without a catch block, or by rejecting a promise which was not handled with .catch(). To terminate the node process on unhandled promise rejection, use the CLI flag `--unhandled-rejections=strict` (see https://nodejs.org/api/cli.html#cli_unhandled_rejections_mode). (rejection id: 88)
[2026-10-03 09:41:58.908] [error] [pid:31988] [main] [host-log] (local-1) [host] (node:29840) UnhandledPromiseRejectionWarning: Error: ZCode Protocol client disposed
    at ZCodeProtocolClient.disposeLocalResources (file:///E:/Xiadie/Xiadie/.runtime/P01/u10-candidate-06/packages/desktop/out/host/chunk-ZZOLNKTD.js:1009:10826)
    at ZCodeProtocolClient.disposeAndWait (file:///E:/Xiadie/Xiadie/.runtime/P01/u10-candidate-06/packages/desktop/out/host/chunk-ZZOLNKTD.js:1009:9137)
    at ZCodeAgentProcessManager.cleanupManagedProcess (file:///E:/Xiadie/Xiadie/.runtime/P01/u10-candidate-06/packages/desktop/out/host/chunk-ZZOLNKTD.js:1050:7696)
    at ZCodeAgentProcessManager.cleanupManagedProcessWithRetry (file:///E:/Xiadie/Xiadie/.runtime/P01/u10-candidate-06/packages/desktop/out/host/chunk-ZZOLNKTD.js:1050:8414)
    at ZCodeAgentProcessManager.cleanupManagedProcessForShutdown (file:///E:/Xiadie/Xiadie/.runtime/P01/u10-candidate-06/packages/desktop/out/host/chunk-ZZOLNKTD.js:1050:8259)
    at file:///E:/Xiadie/Xiadie/.runtime/P01/u10-candidate-06/packages/desktop/out/host/chunk-ZZOLNKTD.js:1050:19137
    at Array.map (<anonymous>)
    at ZCodeAgentProcessManager.disposeAllAndWait (file:///E:/Xiadie/Xiadie/.runtime/P01/u10-candidate-06/packages/desktop/out/host/chunk-ZZOLNKTD.js:1050:19125)
    at Object.disposeAllAndWait (file:///E:/Xiadie/Xiadie/.runtime/P01/u10-candidate-06/packages/desktop/out/host/index.js:79:103728)
    at disposeZCodeAgentServiceAndWait (file:///E:/Xiadie/Xiadie/.runtime/P01/u10-candidate-06/packages/desktop/out/host/index.js:89:28784)
[2026-10-03 09:41:58.909] [warn] [pid:31988] [main] [host-log] (local-1) [host] [2026-10-03 09:41:58.896] [pid:29840] [zcode-host] UnhandledPromiseRejectionWarning: Error: ZCode Protocol client disposed
    at ZCodeProtocolClient.disposeLocalResources (file:///E:/Xiadie/Xiadie/.runtime/P01/u10-candidate-06/packages/desktop/out/host/chunk-ZZOLNKTD.js:1009:10826)
    at ZCodeProtocolClient.disposeAndWait (file:///E:/Xiadie/Xiadie/.runtime/P01/u10-candidate-06/packages/desktop/out/host/chunk-ZZOLNKTD.js:1009:9137)
    at ZCodeAgentProcessManager.cleanupManagedProcess (file:///E:/Xiadie/Xiadie/.runtime/P01/u10-candidate-06/packages/desktop/out/host/chunk-ZZOLNKTD.js:1050:7696)
    at ZCodeAgentProcessManager.cleanupManagedProcessWithRetry (file:///E:/Xiadie/Xiadie/.runtime/P01/u10-candidate-06/packages/desktop/out/host/chunk-ZZOLNKTD.js:1050:8414)
    at ZCodeAgentProcessManager.cleanupManagedProcessForShutdown (file:///E:/Xiadie/Xiadie/.runtime/P01/u10-candidate-06/packages/desktop/out/host/chunk-ZZOLNKTD.js:1050:8259)
    at file:///E:/Xiadie/Xiadie/.runtime/P01/u10-candidate-06/packages/desktop/out/host/chunk-ZZOLNKTD.js:1050:19137
    at Array.map (<anonymous>)
    at ZCodeAgentProcessManager.disposeAllAndWait (file:///E:/Xiadie/Xiadie/.runtime/P01/u10-candidate-06/packages/desktop/out/host/chunk-ZZOLNKTD.js:1050:19125)
    at Object.disposeAllAndWait (file:///E:/Xiadie/Xiadie/.runtime/P01/u10-candidate-06/packages/desktop/out/host/index.js:79:103728)
    at disposeZCodeAgentServiceAndWait (file:///E:/Xiadie/Xiadie/.runtime/P01/u10-candidate-06/packages/desktop/out/host/index.js:89:28784)
[2026-10-03 09:41:58.909] [error] [pid:31988] [main] [host-log] (local-1) [host] (node:29840) UnhandledPromiseRejectionWarning: Unhandled promise rejection. This error originated either by throwing inside of an async function without a catch block, or by rejecting a promise which was not handled with .catch(). To terminate the node process on unhandled promise rejection, use the CLI flag `--unhandled-rejections=strict` (see https://nodejs.org/api/cli.html#cli_unhandled_rejections_mode). (rejection id: 89)
[2026-10-03 09:41:58.910] [warn] [pid:31988] [main] [host-log] (local-1) [host] [2026-10-03 09:41:58.896] [pid:29840] [zcode-host] UnhandledPromiseRejectionWarning: Unhandled promise rejection. This error originated either by throwing inside of an async function without a catch block, or by rejecting a promise which was not handled with .catch(). To terminate the node process on unhandled promise rejection, use the CLI flag `--unhandled-rejections=strict` (see https://nodejs.org/api/cli.html#cli_unhandled_rejections_mode). (rejection id: 89)
[2026-10-03 09:41:58.910] [error] [pid:31988] [main] [host-log] (local-1) [host] (node:29840) PromiseRejectionHandledWarning: Promise rejection was handled asynchronously (rejection id: 87)
[2026-10-03 09:41:58.911] [warn] [pid:31988] [main] [host-log] (local-1) [host] [2026-10-03 09:41:58.896] [pid:29840] [zcode-host] PromiseRejectionHandledWarning: Promise rejection was handled asynchronously (rejection id: 87)
[2026-10-03 09:41:58.911] [error] [pid:31988] [main] [host-log] (local-1) [host] (node:29840) PromiseRejectionHandledWarning: Promise rejection was handled asynchronously (rejection id: 89)
[2026-10-03 09:41:58.911] [warn] [pid:31988] [main] [host-log] (local-1) [host] [2026-10-03 09:41:58.897] [pid:29840] [zcode-host] PromiseRejectionHandledWarning: Promise rejection was handled asynchronously (rejection id: 89)
[2026-10-03 09:41:58.912] [warn] [pid:31988] [main] [host-log] (local-1) [host] [2026-10-03 09:41:58.897] [pid:29840] [zcode-host] failed to forward attachment connection flow state {"state":"closed","message":"ZCode Protocol client disposed"}
[2026-10-03 09:41:58.912] [error] [pid:31988] [main] [host-log] (local-1) [host] (node:29840) PromiseRejectionHandledWarning: Promise rejection was handled asynchronously (rejection id: 88)
[2026-10-03 09:41:58.913] [warn] [pid:31988] [main] [host-log] (local-1) [host] [2026-10-03 09:41:58.897] [pid:29840] [zcode-host] PromiseRejectionHandledWarning: Promise rejection was handled asynchronously (rejection id: 88)
[2026-10-03 09:41:58.920] [info] [pid:31988] [main] [host-log] (local-1) [host] [2026-10-03 09:41:58.919] [pid:29840] [zcode-agent] ZCode agent process exited {"workspaceKey":"E:\\Xiadie\\Xiadie\\.runtime\\P01\\validation\\u11-final-02\\degradation\\scenarios\\offline\\profile\\data\\.zcode\\workspace\\default","pid":9020,"runtimeIdentity":"E:\\Xiadie\\Xiadie\\.runtime\\P01\\validation\\u11-final-02\\degradation\\scenarios\\offline\\profile\\data\\.zcode\\workspace\\default:1:9020","code":0,"signal":null,"terminationKind":"expected","terminationReason":"manager-dispose"}
[2026-10-03 09:41:58.921] [info] [pid:31988] [main] [host-log] (local-1) [host] [2026-10-03 09:41:58.920] [pid:29840] [zcode-agent] ZCode agent process cleanup completed {"workspaceKey":"E:\\Xiadie\\Xiadie\\.runtime\\P01\\validation\\u11-final-02\\degradation\\scenarios\\offline\\profile\\data\\.zcode\\workspace\\default","pid":9020,"runtimeIdentity":"E:\\Xiadie\\Xiadie\\.runtime\\P01\\validation\\u11-final-02\\degradation\\scenarios\\offline\\profile\\data\\.zcode\\workspace\\default:1:9020","reason":"manager-dispose"}
[2026-10-03 09:41:58.929] [info] [pid:31988] [main] [host-log] (local-1) [host] [2026-10-03 09:41:58.928] [pid:29840] [zcode-agent] ZCode agent process exited {"workspaceKey":"E:\\Xiadie\\Xiadie\\.runtime\\P01\\validation\\u11-final-02\\degradation\\scenarios\\offline\\profile\\workspace","pid":15828,"runtimeIdentity":"E:\\Xiadie\\Xiadie\\.runtime\\P01\\validation\\u11-final-02\\degradation\\scenarios\\offline\\profile\\workspace:1:15828","code":0,"signal":null,"terminationKind":"expected","terminationReason":"manager-dispose"}
[2026-10-03 09:41:58.930] [info] [pid:31988] [main] [host-log] (local-1) [host] [2026-10-03 09:41:58.929] [pid:29840] [zcode-agent] ZCode agent process cleanup completed {"workspaceKey":"E:\\Xiadie\\Xiadie\\.runtime\\P01\\validation\\u11-final-02\\degradation\\scenarios\\offline\\profile\\workspace","pid":15828,"runtimeIdentity":"E:\\Xiadie\\Xiadie\\.runtime\\P01\\validation\\u11-final-02\\degradation\\scenarios\\offline\\profile\\workspace:1:15828","reason":"manager-dispose"}
[2026-10-03 09:41:58.934] [info] [pid:31988] [main] [task-realtime] unregistered host {"hostId":"16f42cac-68be-4e61-a5b4-6b9f8076c019","windowId":1}
[2026-10-03 09:41:58.934] [info] [pid:31988] [main] [spawnHostProcess] host process (local-1) exited with code 0
[2026-10-03 09:42:00.393] [info] [pid:31988] [main] [app-quit] host process cleanup completed (app-before-quit)
[2026-10-03 09:42:00.393] [info] [pid:31988] [main] [app-quit] preparation finished, resuming quit with windows=1
[2026-10-03 09:42:00.399] [info] [pid:31988] [main] [createWindow] window closed, killing host process (local-1)
[2026-10-03 09:42:00.400] [info] [pid:31988] [main] [app-quit] all windows closed after preparation, exiting app
[2026-10-03 09:42:00.400] [info] [pid:31988] [main] [app-quit] exiting prepared app (all-windows-closed-after-preparation)
