
> @zcode/desktop@ build:no-runtime-assets E:\Xiadie\Xiadie\.runtime\P01\desktop-source\packages\desktop
> pnpm prepare:build-meta && node scripts/run-production-build.mjs


> @zcode/desktop@ prepare:build-meta E:\Xiadie\Xiadie\.runtime\P01\desktop-source\packages\desktop
> node scripts/build-metadata.mjs

[build-meta] wrote E:\Xiadie\Xiadie\.runtime\P01\desktop-source\packages\desktop\out\metadata\build-meta.json
[build-meta] commit=29628c9a time=2026-10-01T11:33:34.196Z
[tsup] ZCODE_ENV=test ZCODE_PRODUCT_FLAVOR=preview
[2m[[22mMAIN[2m][22m [34mCLI[39m Building entry: {"main/index":"src/main/index.ts","main/browserWebmRecorder":"src/main/browserView/electronBrowserWebmRecorder.ts","main/zcodeDataSizeWorker":"src/main/zcodeDataSizeWorker.ts","main/storageScanWorker":"src/main/storageScanWorker.ts"}
[2m[[22mMAIN[2m][22m [34mCLI[39m Using tsconfig: tsconfig.json
[2m[[22mPRELOAD[2m][22m [34mCLI[39m Building entry: {"preload/embeddedBrowserJavaScriptDialog":"src/preload/embeddedBrowserJavaScriptDialog.ts","preload/codingPlanWebview":"src/preload/codingPlanWebview.ts","preload/browserVideoRecorder":"src/preload/browserVideoRecorder.ts","preload/index":"src/preload/index.ts","preload/resourceManager":"src/preload/resourceManager.ts","preload/cuaPermissionPanel":"src/preload/cuaPermissionPanel.ts"}
[2m[[22mPRELOAD[2m][22m [34mCLI[39m Using tsconfig: tsconfig.json
[2m[[22mHOST[2m][22m [34mCLI[39m Building entry: {"host/index":"src/host/index.ts","host/tasksStorageWorker":"src/host/tasksStorageWorker.ts"}
[2m[[22mHOST[2m][22m [34mCLI[39m Using tsconfig: tsconfig.json
[2m[[22mSCHEDULER[2m][22m [34mCLI[39m Building entry: {"scheduler/index":"src/scheduler/index.ts"}
[2m[[22mSCHEDULER[2m][22m [34mCLI[39m Using tsconfig: tsconfig.json
[2m[[22mMAIN[2m][22m [34mCLI[39m tsup v8.5.1
[2m[[22mMAIN[2m][22m [34mCLI[39m Using tsup config: E:\Xiadie\Xiadie\.runtime\P01\desktop-source\packages\desktop\tsup.config.ts
[2m[[22mPRELOAD[2m][22m [34mCLI[39m tsup v8.5.1
[2m[[22mPRELOAD[2m][22m [34mCLI[39m Using tsup config: E:\Xiadie\Xiadie\.runtime\P01\desktop-source\packages\desktop\tsup.config.ts
[2m[[22mHOST[2m][22m [34mCLI[39m tsup v8.5.1
[2m[[22mHOST[2m][22m [34mCLI[39m Using tsup config: E:\Xiadie\Xiadie\.runtime\P01\desktop-source\packages\desktop\tsup.config.ts
[2m[[22mSCHEDULER[2m][22m [34mCLI[39m tsup v8.5.1
[2m[[22mSCHEDULER[2m][22m [34mCLI[39m Using tsup config: E:\Xiadie\Xiadie\.runtime\P01\desktop-source\packages\desktop\tsup.config.ts
[2m[[22mMAIN[2m][22m [34mCLI[39m Target: node22
[2m[[22mMAIN[2m][22m [34mESM[39m Build start
[2m[[22mPRELOAD[2m][22m [34mCLI[39m Target: node22
[2m[[22mPRELOAD[2m][22m [34mCJS[39m Build start
[2m[[22mHOST[2m][22m [34mCLI[39m Target: node22
[2m[[22mHOST[2m][22m [34mESM[39m Build start
[2m[[22mSCHEDULER[2m][22m [34mCLI[39m Target: node22
[2m[[22mSCHEDULER[2m][22m [34mESM[39m Build start
[2m[[22mPRELOAD[2m][22m [32mCJS[39m [1mout\preload\browserVideoRecorder.cjs            [22m[32m140.00 B[39m
[2m[[22mPRELOAD[2m][22m [32mCJS[39m [1mout\preload\codingPlanWebview.cjs               [22m[32m668.52 KB[39m
[2m[[22mPRELOAD[2m][22m [32mCJS[39m [1mout\preload\embeddedBrowserJavaScriptDialog.cjs [22m[32m669.03 KB[39m
[2m[[22mPRELOAD[2m][22m [32mCJS[39m [1mout\preload\resourceManager.cjs                 [22m[32m667.46 KB[39m
[2m[[22mPRELOAD[2m][22m [32mCJS[39m [1mout\preload\index.cjs                           [22m[32m685.97 KB[39m
[2m[[22mPRELOAD[2m][22m [32mCJS[39m [1mout\preload\cuaPermissionPanel.cjs              [22m[32m666.54 KB[39m
[2m[[22mPRELOAD[2m][22m [32mCJS[39m ⚡️ Build success in 359ms
[2m[[22mSCHEDULER[2m][22m [32mESM[39m [1mout\scheduler\chunk-MOVGSCYQ.js [22m[32m1.43 KB[39m
[2m[[22mSCHEDULER[2m][22m [32mESM[39m [1mout\scheduler\chunk-PAMVIACU.js [22m[32m107.00 B[39m
[2m[[22mSCHEDULER[2m][22m [32mESM[39m [1mout\scheduler\index.js          [22m[32m948.18 KB[39m
[2m[[22mSCHEDULER[2m][22m [32mESM[39m ⚡️ Build success in 538ms
[2m[[22mMAIN[2m][22m [32mESM[39m [1mout\main\chunk-KB62MLQZ.js      [22m[32m96.55 KB[39m
[2m[[22mMAIN[2m][22m [32mESM[39m [1mout\main\browserWebmRecorder.js [22m[32m153.00 B[39m
[2m[[22mMAIN[2m][22m [32mESM[39m [1mout\main\chunk-OEEAMZIK.js      [22m[32m11.66 KB[39m
[2m[[22mMAIN[2m][22m [32mESM[39m [1mout\main\zcodeDataSizeWorker.js [22m[32m319.00 B[39m
[2m[[22mMAIN[2m][22m [32mESM[39m [1mout\main\chunk-NYUAABO3.js      [22m[32m1.86 KB[39m
[2m[[22mMAIN[2m][22m [32mESM[39m [1mout\main\chunk-FHCRRJEU.js      [22m[32m140.00 B[39m
[2m[[22mMAIN[2m][22m [32mESM[39m [1mout\main\storageScanWorker.js   [22m[32m813.00 B[39m
[2m[[22mMAIN[2m][22m [32mESM[39m [1mout\main\chunk-DEXJ73SM.js      [22m[32m981.00 B[39m
[2m[[22mMAIN[2m][22m [32mESM[39m [1mout\main\chunk-VEPPQEEW.js      [22m[32m48.58 KB[39m
[2m[[22mMAIN[2m][22m [32mESM[39m [1mout\main\chunk-43ZYNEC7.js      [22m[32m203.80 KB[39m
[2m[[22mMAIN[2m][22m [32mESM[39m [1mout\main\chunk-YFUM5NYW.js      [22m[32m10.67 KB[39m
[2m[[22mMAIN[2m][22m [32mESM[39m [1mout\main\chunk-YKK45TIV.js      [22m[32m202.00 B[39m
[2m[[22mMAIN[2m][22m [32mESM[39m [1mout\main\chunk-P3MR3E2C.js      [22m[32m572.00 B[39m
[2m[[22mMAIN[2m][22m [32mESM[39m [1mout\main\chunk-3WLLXY4Q.js      [22m[32m11.87 KB[39m
[2m[[22mMAIN[2m][22m [32mESM[39m [1mout\main\chunk-LUGE5S6M.js      [22m[32m6.48 KB[39m
[2m[[22mMAIN[2m][22m [32mESM[39m [1mout\main\chunk-7WFYERIM.js      [22m[32m152.00 B[39m
[2m[[22mMAIN[2m][22m [32mESM[39m [1mout\main\chunk-IBXZ4LOM.js      [22m[32m11.51 KB[39m
[2m[[22mMAIN[2m][22m [32mESM[39m [1mout\main\chunk-W3WB5B7R.js      [22m[32m734.00 B[39m
[2m[[22mMAIN[2m][22m [32mESM[39m [1mout\main\chunk-W5HUUFNC.js      [22m[32m872.00 B[39m
[2m[[22mMAIN[2m][22m [32mESM[39m [1mout\main\chunk-Z3KHMTVW.js      [22m[32m714.51 KB[39m
[2m[[22mMAIN[2m][22m [32mESM[39m [1mout\main\index.js               [22m[32m664.29 KB[39m
[2m[[22mMAIN[2m][22m [32mESM[39m ⚡️ Build success in 575ms
[2m[[22mHOST[2m][22m [32mESM[39m [1mout\host\chunk-B45ORG4E.js     [22m[32m140.00 B[39m
[2m[[22mHOST[2m][22m [32mESM[39m [1mout\host\chunk-GOVIVXYI.js     [22m[32m1.38 KB[39m
[2m[[22mHOST[2m][22m [32mESM[39m [1mout\host\tasksStorageWorker.js [22m[32m616.00 B[39m
[2m[[22mHOST[2m][22m [32mESM[39m [1mout\host\chunk-VX7P3VUC.js     [22m[32m152.00 B[39m
[2m[[22mHOST[2m][22m [32mESM[39m [1mout\host\chunk-OB2MTTZR.js     [22m[32m10.67 KB[39m
[2m[[22mHOST[2m][22m [32mESM[39m [1mout\host\chunk-ZZOLNKTD.js     [22m[32m156.73 KB[39m
[2m[[22mHOST[2m][22m [32mESM[39m [1mout\host\chunk-5AJAOD42.js     [22m[32m202.00 B[39m
[2m[[22mHOST[2m][22m [32mESM[39m [1mout\host\chunk-63EQJRFE.js     [22m[32m857.00 B[39m
[2m[[22mHOST[2m][22m [32mESM[39m [1mout\host\chunk-QER3M7XR.js     [22m[32m107.93 KB[39m
[2m[[22mHOST[2m][22m [32mESM[39m [1mout\host\chunk-L4X5TBCR.js     [22m[32m572.00 B[39m
[2m[[22mHOST[2m][22m [32mESM[39m [1mout\host\chunk-IG3KWOMW.js     [22m[32m96.55 KB[39m
[2m[[22mHOST[2m][22m [32mESM[39m [1mout\host\chunk-VGZV7KBJ.js     [22m[32m11.88 KB[39m
[2m[[22mHOST[2m][22m [32mESM[39m [1mout\host\chunk-6A3RDH7Q.js     [22m[32m872.00 B[39m
[2m[[22mHOST[2m][22m [32mESM[39m [1mout\host\chunk-XPU7OCSY.js     [22m[32m17.67 KB[39m
[2m[[22mHOST[2m][22m [32mESM[39m [1mout\host\chunk-OAWVEIS4.js     [22m[32m6.48 KB[39m
[2m[[22mHOST[2m][22m [32mESM[39m [1mout\host\chunk-6IUWV5UR.js     [22m[32m734.00 B[39m
[2m[[22mHOST[2m][22m [32mESM[39m [1mout\host\index.js              [22m[32m1.30 MB[39m
[2m[[22mHOST[2m][22m [32mESM[39m [1mout\host\chunk-WS3ZRUTG.js     [22m[32m737.87 KB[39m
[2m[[22mHOST[2m][22m [32mESM[39m ⚡️ Build success in 582ms
[36mvite v8.0.8 [32mbuilding client environment for production...[36m[39m
[2Ktransforming...✓ 7740 modules transformed.
rendering chunks...
computing gzip size...
out/renderer/pdfjs/cmaps/CNS2-V.bcmap                                    0.09 kB
out/renderer/pdfjs/cmaps/Roman.bcmap                                     0.09 kB
out/renderer/pdfjs/cmaps/Katakana.bcmap                                  0.10 kB
out/renderer/pdfjs/cmaps/ETenms-B5-H.bcmap                               0.10 kB
out/renderer/pdfjs/cmaps/UniJIS-UCS2-HW-H.bcmap                          0.11 kB
out/renderer/pdfjs/cmaps/Hiragana.bcmap                                  0.12 kB
out/renderer/pdfjs/cmaps/Hankaku.bcmap                                   0.13 kB
out/renderer/pdfjs/cmaps/B5-V.bcmap                                      0.14 kB
out/renderer/pdfjs/cmaps/CNS1-V.bcmap                                    0.14 kB
out/renderer/pdfjs/cmaps/B5pc-V.bcmap                                    0.14 kB
out/renderer/pdfjs/cmaps/HKdla-B5-V.bcmap                                0.14 kB
out/renderer/pdfjs/cmaps/HKdlb-B5-V.bcmap                                0.14 kB
out/renderer/pdfjs/cmaps/HKgccs-B5-V.bcmap                               0.14 kB
out/renderer/pdfjs/cmaps/HKm314-B5-V.bcmap                               0.14 kB
out/renderer/pdfjs/cmaps/HKm471-B5-V.bcmap                               0.14 kB
out/renderer/pdfjs/cmaps/UniCNS-UCS2-V.bcmap                             0.15 kB
out/renderer/pdfjs/cmaps/UniCNS-UTF16-V.bcmap                            0.15 kB
out/renderer/pdfjs/cmaps/UniCNS-UTF8-V.bcmap                             0.15 kB
out/renderer/pdfjs/cmaps/ETHK-B5-V.bcmap                                 0.15 kB
out/renderer/pdfjs/cmaps/ETen-B5-V.bcmap                                 0.15 kB
out/renderer/pdfjs/cmaps/HKscs-B5-V.bcmap                                0.15 kB
out/renderer/pdfjs/cmaps/KSC-V.bcmap                                     0.16 kB
out/renderer/pdfjs/cmaps/UniCNS-UTF32-V.bcmap                            0.16 kB
out/renderer/pdfjs/cmaps/KSC-EUC-V.bcmap                                 0.16 kB
out/renderer/pdfjs/cmaps/UniKS-UTF16-V.bcmap                             0.16 kB
out/renderer/pdfjs/cmaps/KSC-Johab-V.bcmap                               0.16 kB
out/renderer/pdfjs/cmaps/KSCms-UHC-V.bcmap                               0.16 kB
out/renderer/pdfjs/cmaps/KSCpc-EUC-V.bcmap                               0.16 kB
out/renderer/pdfjs/cmaps/V.bcmap                                         0.16 kB
out/renderer/pdfjs/cmaps/UniKS-UTF32-V.bcmap                             0.16 kB
out/renderer/pdfjs/cmaps/78-V.bcmap                                      0.16 kB
out/renderer/pdfjs/cmaps/KSCms-UHC-HW-V.bcmap                            0.16 kB
out/renderer/pdfjs/cmaps/UniKS-UTF8-V.bcmap                              0.16 kB
out/renderer/pdfjs/cmaps/EUC-V.bcmap                                     0.17 kB
out/renderer/pdfjs/cmaps/RKSJ-V.bcmap                                    0.17 kB
out/renderer/pdfjs/cmaps/ETenms-B5-V.bcmap                               0.17 kB
out/renderer/pdfjs/cmaps/78-EUC-V.bcmap                                  0.17 kB
out/renderer/pdfjs/cmaps/78-RKSJ-V.bcmap                                 0.17 kB
out/renderer/pdfjs/cmaps/GB-V.bcmap                                      0.17 kB
out/renderer/pdfjs/cmaps/GBT-V.bcmap                                     0.17 kB
out/renderer/pdfjs/cmaps/UniGB-UTF16-V.bcmap                             0.17 kB
out/renderer/pdfjs/cmaps/UniKS-UCS2-V.bcmap                              0.17 kB
out/renderer/pdfjs/cmaps/GB-EUC-V.bcmap                                  0.17 kB
out/renderer/pdfjs/cmaps/WP-Symbol.bcmap                                 0.17 kB
out/renderer/pdfjs/cmaps/GBK-EUC-V.bcmap                                 0.18 kB
out/renderer/pdfjs/cmaps/GBT-EUC-V.bcmap                                 0.18 kB
out/renderer/pdfjs/cmaps/GBKp-EUC-V.bcmap                                0.18 kB
out/renderer/pdfjs/cmaps/GBpc-EUC-V.bcmap                                0.18 kB
out/renderer/pdfjs/cmaps/UniGB-UTF8-V.bcmap                              0.18 kB
out/renderer/pdfjs/cmaps/GBTpc-EUC-V.bcmap                               0.18 kB
out/renderer/pdfjs/cmaps/UniGB-UTF32-V.bcmap                             0.18 kB
out/renderer/pdfjs/cmaps/UniGB-UCS2-V.bcmap                              0.19 kB
out/renderer/pdfjs/cmaps/Ext-V.bcmap                                     0.21 kB
out/renderer/pdfjs/cmaps/Adobe-GB1-0.bcmap                               0.21 kB
out/renderer/pdfjs/cmaps/Ext-RKSJ-V.bcmap                                0.21 kB
out/renderer/pdfjs/cmaps/GBK2K-V.bcmap                                   0.21 kB
out/renderer/pdfjs/cmaps/Adobe-Japan1-0.bcmap                            0.22 kB
out/renderer/pdfjs/cmaps/Adobe-Japan1-1.bcmap                            0.22 kB
out/renderer/pdfjs/cmaps/Adobe-Japan1-2.bcmap                            0.23 kB
out/renderer/pdfjs/cmaps/Adobe-Korea1-0.bcmap                            0.24 kB
out/renderer/pdfjs/cmaps/Adobe-Japan1-3.bcmap                            0.24 kB
out/renderer/pdfjs/cmaps/Adobe-GB1-1.bcmap                               0.25 kB
out/renderer/pdfjs/cmaps/NWP-V.bcmap                                     0.25 kB
out/renderer/pdfjs/cmaps/90pv-RKSJ-V.bcmap                               0.26 kB
out/renderer/pdfjs/cmaps/Add-V.bcmap                                     0.28 kB
out/renderer/pdfjs/cmaps/Add-RKSJ-V.bcmap                                0.28 kB
out/renderer/pdfjs/cmaps/78ms-RKSJ-V.bcmap                               0.29 kB
out/renderer/pdfjs/cmaps/90ms-RKSJ-V.bcmap                               0.29 kB
out/renderer/pdfjs/cmaps/90msp-RKSJ-V.bcmap                              0.29 kB
out/renderer/pdfjs/cmaps/Adobe-CNS1-0.bcmap                              0.31 kB
out/renderer/pdfjs/cmaps/Adobe-Japan1-4.bcmap                            0.33 kB
out/renderer/pdfjs/cmaps/Adobe-CNS1-1.bcmap                              0.37 kB
out/renderer/pdfjs/cmaps/Adobe-CNS1-2.bcmap                              0.37 kB
out/renderer/pdfjs/cmaps/Adobe-Korea1-1.bcmap                            0.38 kB
out/renderer/pdfjs/cmaps/Adobe-Korea1-2.bcmap                            0.39 kB
out/renderer/pdfjs/cmaps/Adobe-CNS1-3.bcmap                              0.40 kB
out/renderer/pdfjs/cmaps/Adobe-CNS1-4.bcmap                              0.40 kB
out/renderer/pdfjs/cmaps/Adobe-CNS1-5.bcmap                              0.40 kB
out/renderer/pdfjs/cmaps/Adobe-CNS1-6.bcmap                              0.40 kB
out/renderer/pdfjs/cmaps/Adobe-Japan1-5.bcmap                            0.43 kB
out/renderer/pdfjs/cmaps/Adobe-GB1-2.bcmap                               0.46 kB
out/renderer/pdfjs/cmaps/Adobe-GB1-3.bcmap                               0.47 kB
out/renderer/pdfjs/cmaps/Adobe-Japan1-6.bcmap                            0.48 kB
out/renderer/pdfjs/cmaps/CNS2-H.bcmap                                    0.50 kB
out/renderer/pdfjs/cmaps/GB-H.bcmap                                      0.52 kB
out/renderer/pdfjs/cmaps/RKSJ-H.bcmap                                    0.53 kB
out/renderer/pdfjs/cmaps/GB-EUC-H.bcmap                                  0.54 kB
out/renderer/pdfjs/cmaps/H.bcmap                                         0.55 kB
out/renderer/pdfjs/cmaps/GBpc-EUC-H.bcmap                                0.55 kB
out/renderer/pdfjs/cmaps/EUC-H.bcmap                                     0.57 kB
out/renderer/pdfjs/cmaps/Adobe-GB1-4.bcmap                               0.60 kB
out/renderer/pdfjs/cmaps/Adobe-GB1-5.bcmap                               0.62 kB
out/renderer/pdfjs/cmaps/UniJIS-UTF16-V.bcmap                            0.64 kB
out/renderer/pdfjs/cmaps/UniJIS2004-UTF16-V.bcmap                        0.64 kB
out/renderer/pdfjs/cmaps/UniJIS-UCS2-V.bcmap                             0.66 kB
out/renderer/pdfjs/cmaps/UniJIS-UTF32-V.bcmap                            0.67 kB
out/renderer/pdfjs/cmaps/UniJIS-UTF8-V.bcmap                             0.67 kB
out/renderer/pdfjs/cmaps/UniJIS-UCS2-HW-V.bcmap                          0.68 kB
out/renderer/pdfjs/cmaps/UniJIS2004-UTF32-V.bcmap                        0.68 kB
out/renderer/pdfjs/cmaps/UniJIS2004-UTF8-V.bcmap                         0.68 kB
out/renderer/pdfjs/cmaps/UniJISX0213-UTF32-V.bcmap                       0.68 kB
out/renderer/pdfjs/cmaps/UniJISX02132004-UTF32-V.bcmap                   0.68 kB
out/renderer/pdfjs/cmaps/UniJISPro-UCS2-V.bcmap                          0.68 kB
out/renderer/pdfjs/cmaps/UniJISPro-UCS2-HW-V.bcmap                       0.70 kB
out/renderer/pdfjs/cmaps/CNS1-H.bcmap                                    0.70 kB
out/renderer/pdfjs/cmaps/90msp-RKSJ-H.bcmap                              0.71 kB
out/renderer/pdfjs/cmaps/90ms-RKSJ-H.bcmap                               0.72 kB
out/renderer/pdfjs/cmaps/UniJISPro-UTF8-V.bcmap                          0.72 kB
out/renderer/pdfjs/cmaps/83pv-RKSJ-H.bcmap                               0.90 kB
out/renderer/pdfjs/cmaps/90pv-RKSJ-H.bcmap                               0.98 kB
out/renderer/pdfjs/cmaps/B5-H.bcmap                                      1.08 kB
out/renderer/pdfjs/cmaps/B5pc-H.bcmap                                    1.09 kB
out/renderer/pdfjs/cmaps/ETen-B5-H.bcmap                                 1.12 kB
out/renderer/pdfjs/cmaps/HKm314-B5-H.bcmap                               1.77 kB
out/renderer/pdfjs/cmaps/CNS-EUC-H.bcmap                                 1.78 kB
out/renderer/pdfjs/cmaps/KSC-H.bcmap                                     1.83 kB
out/renderer/pdfjs/cmaps/KSC-EUC-H.bcmap                                 1.84 kB
out/renderer/pdfjs/cmaps/CNS-EUC-V.bcmap                                 1.92 kB
out/renderer/pdfjs/cmaps/KSCpc-EUC-H.bcmap                               2.02 kB
out/renderer/pdfjs/cmaps/HKm471-B5-H.bcmap                               2.17 kB
out/renderer/pdfjs/cmaps/HKgccs-B5-H.bcmap                               2.29 kB
out/renderer/pdfjs/cmaps/78-H.bcmap                                      2.37 kB
out/renderer/pdfjs/cmaps/78-RKSJ-H.bcmap                                 2.39 kB
out/renderer/pdfjs/cmaps/78-EUC-H.bcmap                                  2.40 kB
out/renderer/pdfjs/cmaps/Add-RKSJ-H.bcmap                                2.41 kB
out/renderer/pdfjs/cmaps/HKdlb-B5-H.bcmap                                2.41 kB
out/renderer/pdfjs/cmaps/Add-H.bcmap                                     2.41 kB
out/renderer/pdfjs/cmaps/Ext-H.bcmap                                     2.53 kB
out/renderer/pdfjs/cmaps/Ext-RKSJ-H.bcmap                                2.54 kB
out/renderer/pdfjs/cmaps/78ms-RKSJ-H.bcmap                               2.65 kB
out/renderer/pdfjs/cmaps/HKdla-B5-H.bcmap                                2.65 kB
out/renderer/assets/workspaceFileSearchFilter.worker-OQwPzeVM.js         2.65 kB
out/renderer/pdfjs/cmaps/NWP-H.bcmap                                     2.76 kB
out/renderer/pdfjs/cmaps/KSCms-UHC-H.bcmap                               2.78 kB
out/renderer/pdfjs/cmaps/KSCms-UHC-HW-H.bcmap                            2.78 kB
out/renderer/cua-permission-panel.html                                   3.83 kB │ gzip:     1.52 kB
out/renderer/assets/KaTeX_Size3-Regular-CTq5MqoE.woff                    4.42 kB
out/renderer/pdfjs/cmaps/ETHK-B5-H.bcmap                                 4.42 kB
out/renderer/pdfjs/cmaps/HKscs-B5-H.bcmap                                4.43 kB
out/renderer/assets/KaTeX_Size4-Regular-Dl5lxZxV.woff2                   4.92 kB
out/renderer/assets/model-provider-moonshot-kimi-k9BDmLI_.png            4.99 kB
out/renderer/assets/icon-discord@2x-D9OBPr5g.png                         5.18 kB
out/renderer/assets/KaTeX_Size2-Regular-Dy4dx90m.woff2                   5.20 kB
out/renderer/assets/KaTeX_Size1-Regular-mCD8mA8B.woff2                   5.46 kB
out/renderer/assets/icon-dingding@2x-CnYjVOCa.png                        5.46 kB
out/renderer/assets/KaTeX_Size4-Regular-BF-4gkZK.woff                    5.98 kB
out/renderer/assets/KaTeX_Size2-Regular-oD1tc_U0.woff                    6.18 kB
out/renderer/assets/KaTeX_Size1-Regular-C195tn64.woff                    6.49 kB
out/renderer/assets/terminal-C6Bd1jeQ.png                                6.71 kB
out/renderer/assets/KaTeX_Caligraphic-Regular-Di6jR-x-.woff2             6.90 kB
out/renderer/assets/KaTeX_Caligraphic-Bold-Dq_IR9rO.woff2                6.91 kB
out/renderer/assets/icon-wecom@2x-BZVgmBph.png                           7.18 kB
out/renderer/pdfjs/cmaps/GBT-H.bcmap                                     7.26 kB
out/renderer/pdfjs/cmaps/GBT-EUC-H.bcmap                                 7.29 kB
out/renderer/pdfjs/cmaps/GBTpc-EUC-H.bcmap                               7.29 kB
out/renderer/assets/image-search-DCThk39K.png                            7.51 kB
out/renderer/assets/KaTeX_Size3-Regular-DgpXs0kz.ttf                     7.58 kB
out/renderer/assets/KaTeX_Caligraphic-Regular-CTRA-rTL.woff              7.65 kB
out/renderer/assets/KaTeX_Caligraphic-Bold-BEiXGLvX.woff                 7.71 kB
out/renderer/assets/feishu-CCgK6olr.png                                  8.06 kB
out/renderer/assets/model-provider-zai-app-CL3KEqFX.png                  8.78 kB
out/renderer/assets/icon-weixin@2x-Bp9EqCCA.png                          9.06 kB
out/renderer/assets/spreadsheets@2x-CabATt4c.png                         9.50 kB
out/renderer/assets/spreadsheets-Dd4d3fMm.png                            9.50 kB
out/renderer/assets/KaTeX_Script-Regular-D3wIWfF6.woff2                  9.64 kB
out/renderer/assets/presentations-CuyJxtRR.png                           9.66 kB
out/renderer/assets/documents@2x-CPhkfIfU.png                            9.71 kB
out/renderer/assets/documents-DrPsuPJf.png                               9.74 kB
out/renderer/assets/pdf@2x-CMAdO9B0.png                                  9.74 kB
out/renderer/assets/icon-telegram@2x-Cax3aaF9.png                        9.75 kB
out/renderer/assets/pdf-CQM2rvTK.png                                     9.81 kB
out/renderer/assets/KaTeX_SansSerif-Regular-DDBCnlJ7.woff2              10.34 kB
out/renderer/assets/KaTeX_Size4-Regular-DWFBv043.ttf                    10.36 kB
out/renderer/assets/KaTeX_Script-Regular-D5yQViql.woff                  10.58 kB
out/renderer/assets/KaTeX_Fraktur-Regular-CTYiF6lA.woff2                11.31 kB
out/renderer/assets/KaTeX_Fraktur-Bold-CL6g_b3V.woff2                   11.34 kB
out/renderer/assets/KaTeX_Size2-Regular-B7gKUWhC.ttf                    11.50 kB
out/renderer/assets/task-notification-pop-qiQ1Ge3C.mp3                  11.81 kB
out/renderer/assets/KaTeX_SansSerif-Italic-C3H0VqGB.woff2               12.02 kB
out/renderer/assets/KaTeX_SansSerif-Bold-D1sUS0GD.woff2                 12.21 kB
out/renderer/assets/KaTeX_Size1-Regular-Dbsnue_I.ttf                    12.22 kB
out/renderer/assets/KaTeX_SansSerif-Regular-CS6fqUqJ.woff               12.31 kB
out/renderer/assets/KaTeX_Caligraphic-Regular-wX97UBjC.ttf              12.34 kB
out/renderer/assets/KaTeX_Caligraphic-Bold-ATXxdsX0.ttf                 12.36 kB
out/renderer/assets/finder-B1T_P_VR.png                                 12.67 kB
out/renderer/assets/KaTeX_Fraktur-Regular-Dxdc4cR9.woff                 13.20 kB
out/renderer/assets/KaTeX_Fraktur-Bold-BsDP51OF.woff                    13.29 kB
out/renderer/assets/KaTeX_Typewriter-Regular-CO6r4hn1.woff2             13.56 kB
out/renderer/assets/plugin-creator-Bb4PHfyz.png                         13.65 kB
out/renderer/assets/KaTeX_SansSerif-Italic-DN2j7dab.woff                14.11 kB
out/renderer/assets/KaTeX_SansSerif-Bold-DbIhKOiC.woff                  14.40 kB
out/renderer/pdfjs/cmaps/GBKp-EUC-H.bcmap                               14.68 kB
out/renderer/pdfjs/cmaps/GBK-EUC-H.bcmap                                14.69 kB
out/renderer/assets/docx-import-worker-oPk-zLr5.js                      14.85 kB
out/renderer/assets/KaTeX_Typewriter-Regular-C0xS9mPB.woff              16.02 kB
out/renderer/assets/KaTeX_Math-BoldItalic-CZnvNsCZ.woff2                16.40 kB
out/renderer/assets/KaTeX_Math-Italic-t53AETM-.woff2                    16.44 kB
out/renderer/assets/KaTeX_Script-Regular-C5JkGWo-.ttf                   16.64 kB
out/renderer/assets/KaTeX_Main-BoldItalic-DxDJ3AOS.woff2                16.78 kB
out/renderer/pdfjs/cmaps/KSC-Johab-H.bcmap                              16.79 kB
out/renderer/assets/KaTeX_Main-Italic-NWA7e6Wa.woff2                    16.98 kB
out/renderer/assets/KaTeX_Math-BoldItalic-iY-2wyZ7.woff                 18.66 kB
out/renderer/assets/KaTeX_Math-Italic-DA0__PXp.woff                     18.74 kB
out/renderer/assets/KaTeX_Main-BoldItalic-SpSLRI95.woff                 19.41 kB
out/renderer/assets/KaTeX_SansSerif-Regular-BNo7hRIc.ttf                19.43 kB
out/renderer/assets/KaTeX_Fraktur-Regular-CB_wures.ttf                  19.57 kB
out/renderer/assets/KaTeX_Fraktur-Bold-BdnERNNW.ttf                     19.58 kB
out/renderer/pdfjs/cmaps/GBK2K-H.bcmap                                  19.66 kB
out/renderer/assets/KaTeX_Main-Italic-BMLOBm91.woff                     19.67 kB
out/renderer/assets/KaTeX_SansSerif-Italic-YYjJ1zSn.ttf                 22.36 kB
out/renderer/pdfjs/cmaps/Adobe-Korea1-UCS2.bcmap                        23.29 kB
out/renderer/resource-manager.html                                      23.44 kB │ gzip:     3.99 kB
out/renderer/assets/KaTeX_SansSerif-Bold-CFMepnvq.ttf                   24.50 kB
out/renderer/assets/KaTeX_Main-Bold-Cx986IdX.woff2                      25.32 kB
out/renderer/pdfjs/cmaps/UniJIS-UCS2-H.bcmap                            25.43 kB
out/renderer/pdfjs/cmaps/UniKS-UCS2-H.bcmap                             25.78 kB
out/renderer/assets/KaTeX_Main-Regular-B22Nviop.woff2                   26.27 kB
out/renderer/pdfjs/cmaps/UniKS-UTF16-H.bcmap                            26.32 kB
out/renderer/pdfjs/cmaps/UniKS-UTF32-H.bcmap                            26.45 kB
out/renderer/index.html                                                 26.46 kB │ gzip:     5.20 kB
out/renderer/assets/KaTeX_Typewriter-Regular-D3Ib7_Hf.ttf               27.55 kB
out/renderer/pdfjs/cmaps/UniKS-UTF8-H.bcmap                             27.79 kB
out/renderer/assets/KaTeX_AMS-Regular-BQhdFMY1.woff2                    28.07 kB
out/renderer/assets/KaTeX_Main-Bold-Jm3AIy58.woff                       29.91 kB
out/renderer/assets/KaTeX_Main-Regular-Dr94JaBh.woff                    30.77 kB
out/renderer/assets/KaTeX_Math-BoldItalic-B3XSjfu4.ttf                  31.19 kB
out/renderer/assets/KaTeX_Math-Italic-flOr_0UB.ttf                      31.30 kB
out/renderer/assets/KaTeX_Main-BoldItalic-DzxPMmG6.ttf                  32.96 kB
out/renderer/assets/KaTeX_AMS-Regular-DMm9YOAa.woff                     33.51 kB
out/renderer/assets/KaTeX_Main-Italic-3WenGoN9.ttf                      33.58 kB
out/renderer/pdfjs/cmaps/Adobe-GB1-UCS2.bcmap                           33.97 kB
out/renderer/pdfjs/cmaps/UniJIS-UTF16-H.bcmap                           39.44 kB
out/renderer/pdfjs/cmaps/UniJIS2004-UTF16-H.bcmap                       39.53 kB
out/renderer/pdfjs/cmaps/UniJISX0213-UTF32-H.bcmap                      40.51 kB
out/renderer/pdfjs/cmaps/UniJIS-UTF32-H.bcmap                           40.53 kB
out/renderer/pdfjs/cmaps/UniJISX02132004-UTF32-H.bcmap                  40.60 kB
out/renderer/pdfjs/cmaps/UniJIS2004-UTF32-H.bcmap                       40.63 kB
out/renderer/pdfjs/cmaps/Adobe-Japan1-UCS2.bcmap                        40.95 kB
out/renderer/pdfjs/cmaps/Adobe-CNS1-UCS2.bcmap                          41.19 kB
out/renderer/pdfjs/cmaps/UniJIS-UTF8-H.bcmap                            41.69 kB
out/renderer/pdfjs/cmaps/UniJIS2004-UTF8-H.bcmap                        41.77 kB
out/renderer/pdfjs/cmaps/UniGB-UCS2-H.bcmap                             43.36 kB
out/renderer/pdfjs/cmaps/UniGB-UTF16-H.bcmap                            44.08 kB
out/renderer/pdfjs/cmaps/UniGB-UTF32-H.bcmap                            45.73 kB
out/renderer/pdfjs/cmaps/UniGB-UTF8-H.bcmap                             46.83 kB
out/renderer/pdfjs/cmaps/UniCNS-UCS2-H.bcmap                            48.28 kB
out/renderer/pdfjs/cmaps/UniCNS-UTF16-H.bcmap                           50.41 kB
out/renderer/assets/KaTeX_Main-Bold-waoOVXN0.ttf                        51.33 kB
out/renderer/pdfjs/cmaps/UniCNS-UTF32-H.bcmap                           52.67 kB
out/renderer/assets/KaTeX_Main-Regular-ypZvNtVU.ttf                     53.58 kB
out/renderer/pdfjs/cmaps/UniCNS-UTF8-H.bcmap                            53.62 kB
out/renderer/assets/KaTeX_AMS-Regular-DRggAlZN.ttf                      63.63 kB
out/renderer/assets/xlsx-worker-DJiDdvsD.js                            132.12 kB
out/renderer/assets/icon_512@2x-BnwZhfO-.png                           215.70 kB
out/renderer/assets/icon-glm-for-dark-gaDfAQcT.png                     223.61 kB
out/renderer/assets/icon-glm-for-light-Dsx5dwqA.png                    223.80 kB
out/renderer/assets/diffs.worker-CAavpt0L.js                           827.86 kB
out/renderer/assets/pdf.worker.min-qwK7q_zL.mjs                      1,046.21 kB
out/renderer/assets/docx_wasm_bg-HWnIvdMf.wasm                       1,119.33 kB │ gzip:   443.20 kB
out/renderer/assets/duke_sheets_wasm_bg-BCCK9PkU.wasm                4,345.44 kB │ gzip: 1,663.17 kB
out/renderer/assets/pdf-viewer-Dgb4oCkS.css                              1.49 kB │ gzip:     0.59 kB
out/renderer/assets/styles-gSNTNpoS.css                                395.30 kB │ gzip:    63.59 kB
out/renderer/assets/mermaid-GHXKKRXX-CF2XeV09.js                         0.07 kB │ gzip:     0.08 kB
out/renderer/assets/x-R_HuK7_p.js                                        0.07 kB │ gzip:     0.08 kB
out/renderer/assets/ban-C17pehkZ.js                                      0.07 kB │ gzip:     0.08 kB
out/renderer/assets/bot-DV3nurHG.js                                      0.07 kB │ gzip:     0.08 kB
out/renderer/assets/bug-aHPIp252.js                                      0.07 kB │ gzip:     0.08 kB
out/renderer/assets/cpu-BIjmPn_S.js                                      0.07 kB │ gzip:     0.08 kB
out/renderer/assets/eye-C8sm8F8Y.js                                      0.07 kB │ gzip:     0.08 kB
out/renderer/assets/map-CmtgXh-N.js                                      0.07 kB │ gzip:     0.08 kB
out/renderer/assets/pin-5IkrJYsY.js                                      0.07 kB │ gzip:     0.08 kB
out/renderer/assets/sun-CSz4lxI-.js                                      0.07 kB │ gzip:     0.08 kB
out/renderer/assets/tag-DN1MaoXo.js                                      0.07 kB │ gzip:     0.08 kB
out/renderer/assets/copy-7MctZI5Y.js                                     0.07 kB │ gzip:     0.09 kB
out/renderer/assets/file-noTjgeOJ.js                                     0.07 kB │ gzip:     0.09 kB
out/renderer/assets/gift-CgMF0yNb.js                                     0.07 kB │ gzip:     0.09 kB
out/renderer/assets/goal-BQdABYwE.js                                     0.07 kB │ gzip:     0.09 kB
out/renderer/assets/hand-Bq01Ts2-.js                                     0.07 kB │ gzip:     0.09 kB
out/renderer/assets/hash-Bl7bsh34.js                                     0.07 kB │ gzip:     0.09 kB
out/renderer/assets/info-Dnvqifis.js                                     0.07 kB │ gzip:     0.09 kB
out/renderer/assets/list-D7Z6hw09.js                                     0.07 kB │ gzip:     0.09 kB
out/renderer/assets/lock-U652iH3R.js                                     0.07 kB │ gzip:     0.09 kB
out/renderer/assets/moon-CTkMExkq.js                                     0.07 kB │ gzip:     0.09 kB
out/renderer/assets/play-D3-V6VCw.js                                     0.07 kB │ gzip:     0.09 kB
out/renderer/assets/plug-Uq_4BC1g.js                                     0.07 kB │ gzip:     0.09 kB
out/renderer/assets/plus-BR0fuCTR.js                                     0.07 kB │ gzip:     0.09 kB
out/renderer/assets/save-DVfjWxay.js                                     0.07 kB │ gzip:     0.09 kB
out/renderer/assets/send-Bn3t_xUp.js                                     0.07 kB │ gzip:     0.09 kB
out/renderer/assets/user-itmmiCNM.js                                     0.07 kB │ gzip:     0.09 kB
out/renderer/assets/brain-CLIpYfD2.js                                    0.07 kB │ gzip:     0.09 kB
out/renderer/assets/cable-CkJZE3mT.js                                    0.07 kB │ gzip:     0.09 kB
out/renderer/assets/check-Gao5g6AP.js                                    0.07 kB │ gzip:     0.09 kB
out/renderer/assets/clock-C4SxQvLv.js                                    0.07 kB │ gzip:     0.09 kB
out/renderer/assets/cloud-CalytkSs.js                                    0.07 kB │ gzip:     0.09 kB
out/renderer/assets/crown-DntBv6vR.js                                    0.07 kB │ gzip:     0.09 kB
out/renderer/assets/earth-Dl3twFW_.js                                    0.07 kB │ gzip:     0.09 kB
out/renderer/assets/files-DK07m-Mk.js                                    0.07 kB │ gzip:     0.09 kB
out/renderer/assets/gauge-CXE714oz.js                                    0.07 kB │ gzip:     0.09 kB
out/renderer/assets/globe--GR_6fIv.js                                    0.07 kB │ gzip:     0.09 kB
out/renderer/assets/house-DyQuUS4g.js                                    0.07 kB │ gzip:     0.09 kB
out/renderer/assets/image-BCeIPa1b.js                                    0.07 kB │ gzip:     0.09 kB
out/renderer/assets/inbox-NiDNoecG.js                                    0.07 kB │ gzip:     0.09 kB
out/renderer/assets/minus-BgeEQIrG.js                                    0.07 kB │ gzip:     0.09 kB
out/renderer/assets/pause-DO2JE1yn.js                                    0.07 kB │ gzip:     0.09 kB
out/renderer/assets/power-Hg98_wUn.js                                    0.07 kB │ gzip:     0.09 kB
out/renderer/assets/quote-cthzV2db.js                                    0.07 kB │ gzip:     0.09 kB
out/renderer/assets/reply-CKMPUkXF.js                                    0.07 kB │ gzip:     0.09 kB
out/renderer/assets/route-s2CqvOXX.js                                    0.07 kB │ gzip:     0.09 kB
out/renderer/assets/scale-QKDTfesm.js                                    0.07 kB │ gzip:     0.09 kB
out/renderer/assets/share-Cm_5yJJL.js                                    0.07 kB │ gzip:     0.09 kB
out/renderer/assets/store-CzhUms3r.js                                    0.07 kB │ gzip:     0.09 kB
out/renderer/assets/table-D5mmfPk9.js                                    0.07 kB │ gzip:     0.09 kB
out/renderer/assets/users-tCNHT4VR.js                                    0.07 kB │ gzip:     0.09 kB
out/renderer/assets/video-qBJtYA-c.js                                    0.07 kB │ gzip:     0.09 kB
out/renderer/assets/anchor-BYIrq6Jp.js                                   0.08 kB │ gzip:     0.09 kB
out/renderer/assets/blocks-BSpBSnrc.js                                   0.08 kB │ gzip:     0.09 kB
out/renderer/assets/circle-D6v-cr6j.js                                   0.08 kB │ gzip:     0.09 kB
out/renderer/assets/eraser-B6B_i1rG.js                                   0.08 kB │ gzip:     0.09 kB
out/renderer/assets/folder-kIdzjGsY.js                                   0.08 kB │ gzip:     0.09 kB
out/renderer/assets/import-qOn7g4Lg.js                                   0.08 kB │ gzip:     0.08 kB
out/renderer/assets/loader-XQWWBKB7.js                                   0.08 kB │ gzip:     0.09 kB
out/renderer/assets/log-in-UbclSiZr.js                                   0.08 kB │ gzip:     0.09 kB
out/renderer/assets/pencil-DNtYbXj6.js                                   0.08 kB │ gzip:     0.09 kB
out/renderer/assets/redo-2-ByXZf04b.js                                   0.08 kB │ gzip:     0.09 kB
out/renderer/assets/rocket-gMXE_W8X.js                                   0.08 kB │ gzip:     0.09 kB
out/renderer/assets/search-CtKVkCS_.js                                   0.08 kB │ gzip:     0.09 kB
out/renderer/assets/server-CKwyhbMb.js                                   0.08 kB │ gzip:     0.09 kB
out/renderer/assets/square-CM_z5WT1.js                                   0.08 kB │ gzip:     0.09 kB
out/renderer/assets/target-Co-2IZF5.js                                   0.08 kB │ gzip:     0.09 kB
out/renderer/assets/undo-2-VjZNemWq.js                                   0.08 kB │ gzip:     0.09 kB
out/renderer/assets/unlink-BDuP6Ol_.js                                   0.08 kB │ gzip:     0.09 kB
out/renderer/assets/unplug-B-3p4hEB.js                                   0.08 kB │ gzip:     0.09 kB
out/renderer/assets/upload-DyBUWVc4.js                                   0.08 kB │ gzip:     0.09 kB
out/renderer/assets/wrench-CyQVnubn.js                                   0.08 kB │ gzip:     0.09 kB
out/renderer/assets/archive-BgqAHSId.js                                  0.08 kB │ gzip:     0.09 kB
out/renderer/assets/astroid-DDbYVTZK.js                                  0.08 kB │ gzip:     0.09 kB
out/renderer/assets/clock-3-gSiGzgyB.js                                  0.08 kB │ gzip:     0.09 kB
out/renderer/assets/eye-off-D_BMqYdS.js                                  0.08 kB │ gzip:     0.09 kB
out/renderer/assets/history-ChvZT5ke.js                                  0.08 kB │ gzip:     0.09 kB
out/renderer/assets/library-CwZfZuMo.js                                  0.08 kB │ gzip:     0.09 kB
out/renderer/assets/log-out-BObc99yR.js                                  0.08 kB │ gzip:     0.09 kB
out/renderer/assets/monitor-D88CJ0KB.js                                  0.08 kB │ gzip:     0.09 kB
out/renderer/assets/music-2-Blx5G254.js                                  0.08 kB │ gzip:     0.09 kB
out/renderer/assets/network-CTjJAP27.js                                  0.08 kB │ gzip:     0.09 kB
out/renderer/assets/package-qdIEVdb5.js                                  0.08 kB │ gzip:     0.09 kB
out/renderer/assets/palette-CPsZFV5r.js                                  0.08 kB │ gzip:     0.09 kB
out/renderer/assets/qr-code-BVR1nwAj.js                                  0.08 kB │ gzip:     0.09 kB
out/renderer/assets/trash-2-Cu2nB5Xs.js                                  0.08 kB │ gzip:     0.09 kB
out/renderer/assets/webhook-C12OqmJY.js                                  0.08 kB │ gzip:     0.09 kB
out/renderer/assets/zoom-in-_1qxDPSY.js                                  0.08 kB │ gzip:     0.09 kB
out/renderer/assets/activity-D4XVIN_e.js                                 0.08 kB │ gzip:     0.09 kB
out/renderer/assets/arrow-up-iMuvc7Ft.js                                 0.08 kB │ gzip:     0.09 kB
out/renderer/assets/circle-x-Cu83c9oE.js                                 0.08 kB │ gzip:     0.09 kB
out/renderer/assets/code-xml-DV4-2YRj.js                                 0.08 kB │ gzip:     0.09 kB
out/renderer/assets/database-4D3IgWAT.js                                 0.08 kB │ gzip:     0.09 kB
out/renderer/assets/download-Cn5wI0QJ.js                                 0.08 kB │ gzip:     0.09 kB
out/renderer/assets/ellipsis-Csiq7dY3.js                                 0.08 kB │ gzip:     0.09 kB
out/renderer/assets/keyboard-3fDKCch3.js                                 0.08 kB │ gzip:     0.09 kB
out/renderer/assets/maximize-DpiU8VS8.js                                 0.08 kB │ gzip:     0.09 kB
out/renderer/assets/pen-tool-dhPil2KW.js                                 0.08 kB │ gzip:     0.09 kB
out/renderer/assets/repeat-2-DgrgVtK6.js                                 0.08 kB │ gzip:     0.09 kB
out/renderer/assets/settings-WaMDdfMf.js                                 0.08 kB │ gzip:     0.09 kB
out/renderer/assets/sparkles-cYJ2v47J.js                                 0.08 kB │ gzip:     0.09 kB
out/renderer/assets/terminal-1DY5tyGD.js                                 0.08 kB │ gzip:     0.09 kB
out/renderer/assets/workflow-BTe5YwOH.js                                 0.08 kB │ gzip:     0.09 kB
out/renderer/assets/zoom-out-BoeYIRGo.js                                 0.08 kB │ gzip:     0.09 kB
out/renderer/assets/archive-x-2D-B4-sE.js                                0.08 kB │ gzip:     0.09 kB
out/renderer/assets/book-open-Qe93MQz8.js                                0.08 kB │ gzip:     0.09 kB
out/renderer/assets/file-diff-B1KGbyVu.js                                0.08 kB │ gzip:     0.09 kB
out/renderer/assets/file-down-BdOH8L5D.js                                0.08 kB │ gzip:     0.09 kB
out/renderer/assets/file-text-DQacsD-k.js                                0.08 kB │ gzip:     0.09 kB
out/renderer/assets/git-graph-D_uK0Zx_.js                                0.08 kB │ gzip:     0.09 kB
out/renderer/assets/git-merge-DzqMRyVy.js                                0.08 kB │ gzip:     0.09 kB
out/renderer/assets/hourglass-DCP3jj6a.js                                0.08 kB │ gzip:     0.09 kB
out/renderer/assets/image-off-PrfsmTy6.js                                0.08 kB │ gzip:     0.09 kB
out/renderer/assets/key-round-r_COLVkR.js                                0.08 kB │ gzip:     0.09 kB
out/renderer/assets/lightbulb-CKm5dG9v.js                                0.08 kB │ gzip:     0.09 kB
out/renderer/assets/list-todo-cndgXGcx.js                                0.08 kB │ gzip:     0.09 kB
out/renderer/assets/list-tree-B94IqHHy.js                                0.08 kB │ gzip:     0.09 kB
out/renderer/assets/megaphone-DS2w8lrC.js                                0.08 kB │ gzip:     0.09 kB
out/renderer/assets/paperclip-CBVp4yQG.js                                0.08 kB │ gzip:     0.09 kB
out/renderer/assets/text-wrap-BgNTqoK7.js                                0.08 kB │ gzip:     0.09 kB
out/renderer/assets/thumbs-up-Dt_V7pf5.js                                0.08 kB │ gzip:     0.09 kB
out/renderer/assets/waypoints-2adbU2LV.js                                0.08 kB │ gzip:     0.09 kB
out/renderer/assets/app-window-dk-9l2Dx.js                               0.08 kB │ gzip:     0.09 kB
out/renderer/assets/arrow-down-0M1zNifW.js                               0.08 kB │ gzip:     0.09 kB
out/renderer/assets/arrow-left-D8tLDkoo.js                               0.08 kB │ gzip:     0.09 kB
out/renderer/assets/chart-line-Bxei_nWO.js                               0.08 kB │ gzip:     0.09 kB
out/renderer/assets/chevron-up-yU5_Kdcq.js                               0.08 kB │ gzip:     0.09 kB
out/renderer/assets/file-clock-wUZJWk9y.js                               0.08 kB │ gzip:     0.09 kB
out/renderer/assets/git-branch-DZbDhIPF.js                               0.08 kB │ gzip:     0.09 kB
out/renderer/assets/hard-drive-Dm_69V0I.js                               0.08 kB │ gzip:     0.09 kB
out/renderer/assets/image-plus-DXbcT5La.js                               0.08 kB │ gzip:     0.09 kB
out/renderer/assets/maximize-2-D11WTPtY.js                               0.08 kB │ gzip:     0.09 kB
out/renderer/assets/minimize-2-Dtk5XAwM.js                               0.08 kB │ gzip:     0.09 kB
out/renderer/assets/refresh-cw-CYoI4tWK.js                               0.08 kB │ gzip:     0.09 kB
out/renderer/assets/rotate-ccw-CXPbT4k_.js                               0.08 kB │ gzip:     0.09 kB
out/renderer/assets/settings-2-DAJ8XVOa.js                               0.08 kB │ gzip:     0.09 kB
out/renderer/assets/smartphone-CnwzF71P.js                               0.08 kB │ gzip:     0.09 kB
out/renderer/assets/user-round-4X9fP5bn.js                               0.08 kB │ gzip:     0.09 kB
out/renderer/assets/alarm-clock-CCbWXG2Z.js                              0.08 kB │ gzip:     0.09 kB
out/renderer/assets/arrow-right-CKqsC9Zz.js                              0.08 kB │ gzip:     0.09 kB
out/renderer/assets/circle-play-D_PMCI3i.js                              0.08 kB │ gzip:     0.09 kB
out/renderer/assets/circle-plus-DFjB94g0.js                              0.08 kB │ gzip:     0.09 kB
out/renderer/assets/circle-stop-D_Bz5vEg.js                              0.08 kB │ gzip:     0.09 kB
out/renderer/assets/clock-alert-nsyUTQIj.js                              0.08 kB │ gzip:     0.09 kB
out/renderer/assets/file-output-3hU4FfNW.js                              0.08 kB │ gzip:     0.09 kB
out/renderer/assets/file-search-C4H2_iUU.js                              0.08 kB │ gzip:     0.09 kB
out/renderer/assets/folder-open-CrfcxUS8.js                              0.08 kB │ gzip:     0.09 kB
out/renderer/assets/folder-plus-FTntMM6L.js                              0.08 kB │ gzip:     0.09 kB
out/renderer/assets/list-checks-XPFJHSTV.js                              0.08 kB │ gzip:     0.09 kB
out/renderer/assets/list-filter-De_mevXl.js                              0.08 kB │ gzip:     0.09 kB
out/renderer/assets/monitor-cog-CPhYFv6I.js                              0.08 kB │ gzip:     0.09 kB
out/renderer/assets/refresh-ccw-B5Wxs_uH.js                              0.08 kB │ gzip:     0.09 kB
out/renderer/assets/scroll-text-DRWFcV8u.js                              0.08 kB │ gzip:     0.09 kB
out/renderer/assets/square-code-DPsOdiZ_.js                              0.08 kB │ gzip:     0.09 kB
out/renderer/assets/thumbs-down-DLhyCUQJ.js                              0.08 kB │ gzip:     0.09 kB
out/renderer/assets/chart-column-BDNCuMT7.js                             0.08 kB │ gzip:     0.09 kB
out/renderer/assets/chevron-down-CU9Otcx_.js                             0.08 kB │ gzip:     0.09 kB
out/renderer/assets/chevron-left-BAYYZ0Hl.js                             0.08 kB │ gzip:     0.09 kB
out/renderer/assets/circle-alert-r3AP5x-g.js                             0.08 kB │ gzip:     0.09 kB
out/renderer/assets/circle-check-D5S7bXQH.js                             0.08 kB │ gzip:     0.09 kB
out/renderer/assets/circle-minus-CQ77ShAN.js                             0.08 kB │ gzip:     0.09 kB
out/renderer/assets/circle-pause-B51ZOOMc.js                             0.08 kB │ gzip:     0.09 kB
out/renderer/assets/cloud-upload-BCx-b5QN.js                             0.08 kB │ gzip:     0.09 kB
out/renderer/assets/lock-keyhole-BYIxLpSu.js                             0.08 kB │ gzip:     0.09 kB
out/renderer/assets/notepad-text-DSOEgHUz.js                             0.08 kB │ gzip:     0.09 kB
out/renderer/assets/package-open-C0UaATvN.js                             0.08 kB │ gzip:     0.09 kB
out/renderer/assets/pencil-ruler-DE3yVKSc.js                             0.08 kB │ gzip:     0.09 kB
out/renderer/assets/presentation-DbC8xdxR.js                             0.08 kB │ gzip:     0.09 kB
out/renderer/assets/shield-alert-D8OBGeib.js                             0.08 kB │ gzip:     0.09 kB
out/renderer/assets/shield-check-SDTXiBPg.js                             0.08 kB │ gzip:     0.09 kB
out/renderer/assets/square-slash-CZpdrAhT.js                             0.08 kB │ gzip:     0.09 kB
out/renderer/assets/calendar-days-BURniKcZ.js                            0.08 kB │ gzip:     0.09 kB
out/renderer/assets/chevron-right-CfAQ3h6Z.js                            0.08 kB │ gzip:     0.09 kB
out/renderer/assets/chevrons-down-DO_uwB4t.js                            0.08 kB │ gzip:     0.09 kB
out/renderer/assets/circle-dashed-D8-TFwUM.js                            0.08 kB │ gzip:     0.09 kB
out/renderer/assets/external-link-CLQnHTdg.js                            0.08 kB │ gzip:     0.09 kB
out/renderer/assets/file-pen-line-BCcXm-yc.js                            0.08 kB │ gzip:     0.09 kB
out/renderer/assets/flask-conical-CV838Zmt.js                            0.08 kB │ gzip:     0.09 kB
out/renderer/assets/grip-vertical-DuCy2p1-.js                            0.08 kB │ gzip:     0.09 kB
out/renderer/assets/loader-circle-BbQTYZVu.js                            0.08 kB │ gzip:     0.09 kB
out/renderer/assets/previewPanePdfContent-DQYj3bOT.js                    0.08 kB │ gzip:     0.09 kB
out/renderer/assets/square-kanban-BdUSE1gd.js                            0.08 kB │ gzip:     0.09 kB
out/renderer/assets/wand-sparkles-DMIQZjMo.js                            0.08 kB │ gzip:     0.09 kB
out/renderer/assets/arrow-up-right-DYprZpv2.js                           0.08 kB │ gzip:     0.10 kB
out/renderer/assets/book-open-text-MxlPIsNI.js                           0.08 kB │ gzip:     0.10 kB
out/renderer/assets/calendar-clock-BMBnTgD5.js                           0.08 kB │ gzip:     0.10 kB
out/renderer/assets/circle-slash-2-CVV7XSau.js                           0.08 kB │ gzip:     0.10 kB
out/renderer/assets/cloud-download--E2UxVLV.js                           0.08 kB │ gzip:     0.10 kB
out/renderer/assets/folder-symlink-BcuwErh1.js                           0.08 kB │ gzip:     0.10 kB
out/renderer/assets/graduation-cap-BplO3_HU.js                           0.08 kB │ gzip:     0.10 kB
out/renderer/assets/message-circle-zfO6bJ5M.js                           0.08 kB │ gzip:     0.10 kB
out/renderer/assets/message-square-CMxZsjD6.js                           0.08 kB │ gzip:     0.10 kB
out/renderer/assets/triangle-alert-cHM1Yyhh.js                           0.08 kB │ gzip:     0.10 kB
out/renderer/assets/user-round-pen-BmH_IUps.js                           0.08 kB │ gzip:     0.10 kB
out/renderer/assets/clipboard-check-CclpOKtI.js                          0.08 kB │ gzip:     0.10 kB
out/renderer/assets/clipboard-paste-W_hVbqjH.js                          0.08 kB │ gzip:     0.10 kB
out/renderer/assets/grip-horizontal-BEzMINVg.js                          0.08 kB │ gzip:     0.10 kB
out/renderer/assets/messages-square-BYoOL8Qt.js                          0.08 kB │ gzip:     0.10 kB
out/renderer/assets/mouse-pointer-2-DHrOzTwk.js                          0.08 kB │ gzip:     0.10 kB
out/renderer/assets/panel-left-open-CQT7tdwP.js                          0.08 kB │ gzip:     0.10 kB
out/renderer/assets/panels-top-left-BS904--U.js                          0.08 kB │ gzip:     0.10 kB
out/renderer/assets/previewPanePptxContent-D4IY3NKN.js                   0.08 kB │ gzip:     0.09 kB
out/renderer/assets/square-terminal-DuDqldHe.js                          0.08 kB │ gzip:     0.10 kB
out/renderer/assets/arrow-right-left-sSDJWXV_.js                         0.09 kB │ gzip:     0.10 kB
out/renderer/assets/arrow-up-to-line-DtBVMlhX.js                         0.09 kB │ gzip:     0.10 kB
out/renderer/assets/circle-check-big-Deu0DINg.js                         0.09 kB │ gzip:     0.10 kB
out/renderer/assets/file-code-corner-sMYFcdaM.js                         0.09 kB │ gzip:     0.10 kB
out/renderer/assets/panel-left-close-BXxwoq5D.js                         0.09 kB │ gzip:     0.10 kB
out/renderer/assets/panel-right-open-DI74CeHZ.js                         0.09 kB │ gzip:     0.10 kB
out/renderer/assets/trending-up-down-BUdrZDEx.js                         0.09 kB │ gzip:     0.10 kB
out/renderer/assets/panel-right-close-BCcFsRT9.js                        0.09 kB │ gzip:     0.10 kB
out/renderer/assets/arrow-down-to-line-zid2HFpO.js                       0.09 kB │ gzip:     0.10 kB
out/renderer/assets/arrow-up-from-line-DGAcIxHq.js                       0.09 kB │ gzip:     0.10 kB
out/renderer/assets/bot-message-square-UCBaWFVK.js                       0.09 kB │ gzip:     0.10 kB
out/renderer/assets/briefcase-business-Dxq0TZ4f.js                       0.09 kB │ gzip:     0.10 kB
out/renderer/assets/clipboard-pen-line-BNKeTAq7.js                       0.09 kB │ gzip:     0.10 kB
out/renderer/assets/monitor-smartphone-CuIMF5XY.js                       0.09 kB │ gzip:     0.10 kB
out/renderer/assets/sliders-horizontal-D5jolWKW.js                       0.09 kB │ gzip:     0.10 kB
out/renderer/assets/arrow-right-to-line-BPXH-QDC.js                      0.09 kB │ gzip:     0.10 kB
out/renderer/assets/git-commit-vertical-DbTsCV5P.js                      0.09 kB │ gzip:     0.10 kB
out/renderer/assets/message-circle-plus-CgEYIfZs.js                      0.09 kB │ gzip:     0.10 kB
out/renderer/assets/message-square-text-Dojurlgv.js                      0.09 kB │ gzip:     0.10 kB
out/renderer/assets/mouse-pointer-click-CRtWrpFz.js                      0.09 kB │ gzip:     0.10 kB
out/renderer/assets/arrow-left-from-line-D9VHW_Tw.js                     0.09 kB │ gzip:     0.10 kB
out/renderer/assets/circle-question-mark-Dba3eb8A.js                     0.09 kB │ gzip:     0.10 kB
out/renderer/assets/clone-BeYeVrVe.js                                    0.09 kB │ gzip:     0.10 kB │ map:      1.33 kB
out/renderer/assets/message-circle-check-DYTj1-sl.js                     0.09 kB │ gzip:     0.10 kB
out/renderer/assets/message-circle-reply-B2d96bch.js                     0.09 kB │ gzip:     0.10 kB
out/renderer/assets/square-mouse-pointer-D8rx5PAt.js                     0.09 kB │ gzip:     0.10 kB
out/renderer/assets/git-commit-horizontal-8Ag6-hxv.js                    0.09 kB │ gzip:     0.10 kB
out/renderer/assets/previewPaneOfficeContent-D-M_GIQ1.js                 0.09 kB │ gzip:     0.09 kB
out/renderer/assets/square-arrow-right-enter-CrUFkZKx.js                 0.09 kB │ gzip:     0.10 kB
out/renderer/assets/message-circle-question-mark-DJCBUCSO.js             0.10 kB │ gzip:     0.11 kB
out/renderer/assets/array-C4u-zPZM.js                                    0.10 kB │ gzip:     0.11 kB │ map:      0.52 kB
out/renderer/assets/channel-DdXrIHqA.js                                  0.11 kB │ gzip:     0.12 kB │ map:      0.49 kB
out/renderer/assets/pie-ZZUOXDRM-Bou9xLbW.js                             0.11 kB │ gzip:     0.11 kB
out/renderer/assets/info-OMHHGYJF-OnWLQTOk.js                            0.11 kB │ gzip:     0.11 kB
out/renderer/assets/radar-PYXPWWZC-DKKDiWSA.js                           0.11 kB │ gzip:     0.12 kB
out/renderer/assets/packet-4T2RLAQJ-BciWRXdT.js                          0.12 kB │ gzip:     0.12 kB
out/renderer/assets/treemap-W4RFUUIX-CHGfasJH.js                         0.12 kB │ gzip:     0.12 kB
out/renderer/assets/wardley-RL74JXVD-C6coyDFh.js                         0.12 kB │ gzip:     0.12 kB
out/renderer/assets/gitGraph-7Q5UKJZL-lrMbpSrd.js                        0.12 kB │ gzip:     0.12 kB
out/renderer/assets/treeView-SZITEDCU-eyTQn8hQ.js                        0.12 kB │ gzip:     0.12 kB
out/renderer/assets/architecture-YZFGNWBL-CzFJco_H.js                    0.12 kB │ gzip:     0.12 kB
out/renderer/assets/minus-DHvgSpfm.js                                    0.13 kB │ gzip:     0.14 kB │ map:      0.73 kB
out/renderer/assets/check-ttSXaESy.js                                    0.14 kB │ gzip:     0.14 kB │ map:      0.74 kB
out/renderer/assets/chevron-down-CAoVJ1Or.js                             0.14 kB │ gzip:     0.15 kB │ map:      0.77 kB
out/renderer/assets/chevron-up-B0mpgZUq.js                               0.14 kB │ gzip:     0.15 kB │ map:      0.76 kB
out/renderer/assets/chevron-left-D17tkpgw.js                             0.14 kB │ gzip:     0.15 kB │ map:      0.78 kB
out/renderer/assets/chevron-right-CECnOWCN.js                            0.14 kB │ gzip:     0.15 kB │ map:      0.78 kB
out/renderer/assets/circle-CjUbj0IC.js                                   0.14 kB │ gzip:     0.14 kB │ map:      0.77 kB
out/renderer/assets/tally-1-BXJlnO_n.js                                  0.14 kB │ gzip:     0.15 kB │ map:      0.74 kB
out/renderer/assets/slash-C_cWRiHE.js                                    0.15 kB │ gzip:     0.15 kB │ map:      0.73 kB
out/renderer/assets/wifi-zero-DetxMZbp.js                                0.15 kB │ gzip:     0.16 kB │ map:      0.75 kB
out/renderer/assets/signal-zero-DWs5Tks5.js                              0.15 kB │ gzip:     0.16 kB │ map:      0.76 kB
out/renderer/assets/tiny-invariant-Cw26_2ws.js                           0.15 kB │ gzip:     0.14 kB │ map:      0.85 kB
out/renderer/assets/loader-circle-DuynRzY1.js                            0.16 kB │ gzip:     0.16 kB │ map:      0.80 kB
out/renderer/assets/dot-PL2FQyvW.js                                      0.16 kB │ gzip:     0.15 kB │ map:      0.76 kB
out/renderer/assets/square-CAf1rc4h.js                                   0.16 kB │ gzip:     0.16 kB │ map:      0.83 kB
out/renderer/assets/circle-small-CoEOnOEM.js                             0.16 kB │ gzip:     0.16 kB │ map:      0.81 kB
out/renderer/assets/mountain-DRJLBKQX.js                                 0.16 kB │ gzip:     0.16 kB │ map:      0.76 kB
out/renderer/assets/bluetooth-B0nhBd5o.js                                0.16 kB │ gzip:     0.17 kB │ map:      0.77 kB
out/renderer/assets/plus-CvoLjw8D.js                                     0.16 kB │ gzip:     0.16 kB │ map:      0.83 kB
out/renderer/assets/x-Qv7W5G-6.js                                        0.17 kB │ gzip:     0.16 kB │ map:      0.81 kB
out/renderer/assets/ellipse-Ao1Rt8Gr.js                                  0.17 kB │ gzip:     0.16 kB │ map:      0.81 kB
out/renderer/assets/fish-symbol-CG4jH5u-.js                              0.17 kB │ gzip:     0.17 kB │ map:      0.79 kB
out/renderer/assets/cloud-Dce1KpuC.js                                    0.17 kB │ gzip:     0.17 kB │ map:      0.78 kB
out/renderer/assets/arrow-up-ReTlMnNe.js                                 0.17 kB │ gzip:     0.17 kB │ map:      0.86 kB
out/renderer/assets/terminal-DS2_Kg22.js                                 0.17 kB │ gzip:     0.16 kB │ map:      0.86 kB
out/renderer/assets/navigation-CHUbvHbT.js                               0.17 kB │ gzip:     0.17 kB │ map:      0.79 kB
out/renderer/assets/chunk-QZHKN3VN-BdinlyyW.js                           0.18 kB │ gzip:     0.15 kB │ map:      0.78 kB
out/renderer/assets/arrow-down-BqVz5Zm4.js                               0.18 kB │ gzip:     0.17 kB │ map:      0.87 kB
out/renderer/assets/arrow-left-BQuspoiL.js                               0.18 kB │ gzip:     0.17 kB │ map:      0.87 kB
out/renderer/assets/arrow-right-DmcktJty.js                              0.18 kB │ gzip:     0.17 kB │ map:      0.87 kB
out/renderer/assets/navigation-2-CsR2-S52.js                             0.18 kB │ gzip:     0.17 kB │ map:      0.80 kB
out/renderer/assets/space-UoRbnQsb.js                                    0.18 kB │ gzip:     0.18 kB │ map:      0.77 kB
out/renderer/assets/arrow-up-right-CaMRjCEt.js                           0.18 kB │ gzip:     0.16 kB │ map:      0.89 kB
out/renderer/assets/clock-3-BXK16S7Y.js                                  0.18 kB │ gzip:     0.17 kB │ map:      0.88 kB
out/renderer/assets/clock-CViV_UyT.js                                    0.18 kB │ gzip:     0.17 kB │ map:      0.88 kB
out/renderer/assets/egg-CEddrL7O.js                                      0.18 kB │ gzip:     0.18 kB │ map:      0.76 kB
out/renderer/assets/tally-2-Dh-hqQfY.js                                  0.18 kB │ gzip:     0.17 kB │ map:      0.84 kB
out/renderer/assets/music-2-DvMP6Jid.js                                  0.18 kB │ gzip:     0.17 kB │ map:      0.89 kB
out/renderer/assets/chevrons-down-C5WXY-FL.js                            0.18 kB │ gzip:     0.16 kB │ map:      0.89 kB
out/renderer/assets/circle-minus-CWnhRMxo.js                             0.18 kB │ gzip:     0.17 kB │ map:      0.91 kB
out/renderer/assets/thermometer-D8ojNlnO.js                              0.18 kB │ gzip:     0.18 kB │ map:      0.81 kB
out/renderer/assets/power-CO9BE6XN.js                                    0.18 kB │ gzip:     0.17 kB │ map:      0.85 kB
out/renderer/assets/option-C1c5Y_uJ.js                                   0.19 kB │ gzip:     0.17 kB │ map:      0.85 kB
out/renderer/assets/rectangle-vertical-BMWwyV_K.js                       0.19 kB │ gzip:     0.18 kB │ map:      0.90 kB
out/renderer/assets/search-BvcHmwRM.js                                   0.19 kB │ gzip:     0.17 kB │ map:      0.89 kB
out/renderer/assets/signal-low-s-nxNHT6.js                               0.19 kB │ gzip:     0.18 kB │ map:      0.86 kB
out/renderer/assets/unlink-2-CdWFhZRN.js                                 0.19 kB │ gzip:     0.18 kB │ map:      0.79 kB
out/renderer/assets/gauge-2vQFGwlq.js                                    0.19 kB │ gzip:     0.18 kB │ map:      0.86 kB
out/renderer/assets/rectangle-horizontal-DPwAAYpt.js                     0.19 kB │ gzip:     0.18 kB │ map:      0.91 kB
out/renderer/assets/reply-Cn5psxkJ.js                                    0.19 kB │ gzip:     0.17 kB │ map:      0.86 kB
out/renderer/assets/circle-slash-2-BDEzkFkR.js                           0.19 kB │ gzip:     0.17 kB │ map:      0.93 kB
out/renderer/assets/code-BqQQgwfI.js                                     0.19 kB │ gzip:     0.17 kB │ map:      0.84 kB
out/renderer/assets/move-up-CjvWciDb.js                                  0.19 kB │ gzip:     0.17 kB │ map:      0.85 kB
out/renderer/assets/circle-check-CTMQNbZz.js                             0.19 kB │ gzip:     0.17 kB │ map:      0.92 kB
out/renderer/assets/move-left-nqgwgUO6.js                                0.19 kB │ gzip:     0.18 kB │ map:      0.86 kB
out/renderer/assets/squircle-jCxfSLcZ.js                                 0.19 kB │ gzip:     0.18 kB │ map:      0.80 kB
out/renderer/assets/move-up-left-BLCcpw-s.js                             0.19 kB │ gzip:     0.18 kB │ map:      0.88 kB
out/renderer/assets/arrow-up-left-Dov1_jrL.js                            0.19 kB │ gzip:     0.18 kB │ map:      0.88 kB
out/renderer/assets/ban-mAWQAjHV.js                                      0.19 kB │ gzip:     0.18 kB │ map:      0.88 kB
out/renderer/assets/chevron-last-p7fBOE9e.js                             0.19 kB │ gzip:     0.18 kB │ map:      0.88 kB
out/renderer/assets/chevron-first-B60rHoGd.js                            0.19 kB │ gzip:     0.18 kB │ map:      0.89 kB
out/renderer/assets/move-down-EFIkVijz.js                                0.19 kB │ gzip:     0.18 kB │ map:      0.87 kB
out/renderer/assets/move-up-right-CtQtSlqa.js                            0.19 kB │ gzip:     0.18 kB │ map:      0.88 kB
out/renderer/assets/music-3-BOMPUsXH.js                                  0.19 kB │ gzip:     0.19 kB │ map:      0.88 kB
out/renderer/assets/user-round-7O3I0b8k.js                               0.19 kB │ gzip:     0.18 kB │ map:      0.91 kB
out/renderer/assets/arrow-down-left-BL09THu9.js                          0.19 kB │ gzip:     0.17 kB │ map:      0.90 kB
out/renderer/assets/clock-12-BGfV-GCA.js                                 0.19 kB │ gzip:     0.18 kB │ map:      0.89 kB
out/renderer/assets/clock-6-7t0V0w_i.js                                  0.19 kB │ gzip:     0.18 kB │ map:      0.88 kB
out/renderer/assets/move-down-left-Bjoz8Eop.js                           0.19 kB │ gzip:     0.18 kB │ map:      0.89 kB
out/renderer/assets/move-right-Cgk6q8Jw.js                               0.19 kB │ gzip:     0.18 kB │ map:      0.87 kB
out/renderer/assets/arrow-down-right-B9t_4ydt.js                         0.20 kB │ gzip:     0.18 kB │ map:      0.90 kB
out/renderer/assets/chart-line-DGFrgNW7.js                               0.20 kB │ gzip:     0.18 kB │ map:      0.89 kB
out/renderer/assets/clock-9-DnyYamfU.js                                  0.20 kB │ gzip:     0.18 kB │ map:      0.88 kB
out/renderer/assets/move-down-right-DnjEdmMy.js                          0.20 kB │ gzip:     0.18 kB │ map:      0.90 kB
out/renderer/assets/clock-1-D4vzpjAP.js                                  0.20 kB │ gzip:     0.18 kB │ map:      0.89 kB
out/renderer/assets/clock-2-B_xOhNjP.js                                  0.20 kB │ gzip:     0.18 kB │ map:      0.89 kB
out/renderer/assets/clock-4-C6xnCXWR.js                                  0.20 kB │ gzip:     0.18 kB │ map:      0.89 kB
out/renderer/assets/clock-5-DB0LuNWt.js                                  0.20 kB │ gzip:     0.18 kB │ map:      0.89 kB
out/renderer/assets/chevrons-up-xjLOVq-b.js                              0.20 kB │ gzip:     0.17 kB │ map:      0.88 kB
out/renderer/assets/clock-7-BCz9IUh2.js                                  0.20 kB │ gzip:     0.18 kB │ map:      0.89 kB
out/renderer/assets/clock-8-BjU6kJ_y.js                                  0.20 kB │ gzip:     0.18 kB │ map:      0.89 kB
out/renderer/assets/infinity-BNGR3HCd.js                                 0.20 kB │ gzip:     0.18 kB │ map:      0.82 kB
out/renderer/assets/chevrons-right-BXrR3Okz.js                           0.20 kB │ gzip:     0.17 kB │ map:      0.90 kB
out/renderer/assets/clock-10-DRTTk1dX.js                                 0.20 kB │ gzip:     0.18 kB │ map:      0.89 kB
out/renderer/assets/clock-11-B84M-3Tz.js                                 0.20 kB │ gzip:     0.19 kB │ map:      0.89 kB
out/renderer/assets/blend-7g0aYdK-.js                                    0.20 kB │ gzip:     0.17 kB │ map:      0.91 kB
out/renderer/assets/chevrons-down-up-Bv5K1FIE.js                         0.20 kB │ gzip:     0.18 kB │ map:      0.91 kB
out/renderer/assets/chevrons-left-CqjkLwFl.js                            0.20 kB │ gzip:     0.17 kB │ map:      0.90 kB
out/renderer/assets/chevrons-up-down-DfmWzX2t.js                         0.20 kB │ gzip:     0.18 kB │ map:      0.91 kB
out/renderer/assets/play-CYSUTlsl.js                                     0.20 kB │ gzip:     0.18 kB │ map:      0.84 kB
out/renderer/assets/trending-up-DHi2FWig.js                              0.20 kB │ gzip:     0.19 kB │ map:      0.88 kB
out/renderer/assets/disc-2jKGZht9.js                                     0.20 kB │ gzip:     0.17 kB │ map:      0.91 kB
out/renderer/assets/wifi-low-3Q_r05tF.js                                 0.20 kB │ gzip:     0.19 kB │ map:      0.87 kB
out/renderer/assets/bold-BClE7U5B.js                                     0.20 kB │ gzip:     0.18 kB │ map:      0.81 kB
out/renderer/assets/chevrons-left-right-9CzwlWRR.js                      0.20 kB │ gzip:     0.18 kB │ map:      0.93 kB
out/renderer/assets/trending-down-8LP4PX1S.js                            0.20 kB │ gzip:     0.19 kB │ map:      0.90 kB
out/renderer/assets/check-check-DNAoQ775.js                              0.21 kB │ gzip:     0.19 kB │ map:      0.89 kB
out/renderer/assets/chevrons-right-left-DTZxMcgQ.js                      0.21 kB │ gzip:     0.19 kB │ map:      0.93 kB
out/renderer/assets/circle-check-big-CuUIBAa4.js                         0.21 kB │ gzip:     0.19 kB │ map:      0.93 kB
out/renderer/assets/forward-BvPVzGHT.js                                  0.21 kB │ gzip:     0.19 kB │ map:      0.87 kB
out/renderer/assets/iteration-cw-BLkYyIXT.js                             0.21 kB │ gzip:     0.19 kB │ map:      0.90 kB
out/renderer/assets/russian-ruble-GCM3raAZ.js                            0.21 kB │ gzip:     0.18 kB │ map:      0.90 kB
out/renderer/assets/src-2FP7IUE6-CCm3kqDx.js                             0.21 kB │ gzip:     0.17 kB
out/renderer/assets/triangle-DfJCRCpi.js                                 0.21 kB │ gzip:     0.19 kB │ map:      0.83 kB
out/renderer/assets/list-filter-CFhYT5k1.js                              0.21 kB │ gzip:     0.18 kB │ map:      0.96 kB
out/renderer/assets/chunk-4BX2VUAB-D0LJJaiU.js                           0.21 kB │ gzip:     0.16 kB │ map:      0.80 kB
out/renderer/assets/eclipse-DK6R0oYE.js                                  0.21 kB │ gzip:     0.19 kB │ map:      0.90 kB
out/renderer/assets/user-D5EE8ppH.js                                     0.21 kB │ gzip:     0.19 kB │ map:      0.90 kB
out/renderer/assets/circle-dot-BkjmAjCz.js                               0.21 kB │ gzip:     0.17 kB │ map:      0.94 kB
out/renderer/assets/command-EhJsvcdy.js                                  0.21 kB │ gzip:     0.18 kB │ map:      0.83 kB
out/renderer/assets/iteration-ccw-DZ-UWDDR.js                            0.21 kB │ gzip:     0.19 kB │ map:      0.91 kB
out/renderer/assets/mouse-zRoGmMVA.js                                    0.21 kB │ gzip:     0.20 kB │ map:      0.92 kB
out/renderer/assets/smartphone-BPhsZXVq.js                               0.21 kB │ gzip:     0.19 kB │ map:      0.97 kB
out/renderer/assets/circle-chevron-up-t1aYoldc.js                        0.21 kB │ gzip:     0.19 kB │ map:      0.95 kB
out/renderer/assets/chunk-55IACEB6-BMh4AEZv.js                           0.21 kB │ gzip:     0.19 kB │ map:      0.98 kB
out/renderer/assets/circle-stop-qR3SCo83.js                              0.21 kB │ gzip:     0.18 kB │ map:      0.99 kB
out/renderer/assets/corner-right-up-CQMxWAOl.js                          0.21 kB │ gzip:     0.19 kB │ map:      0.92 kB
out/renderer/assets/rows-2-VYBdEMis.js                                   0.21 kB │ gzip:     0.20 kB │ map:      0.92 kB
out/renderer/assets/zodiac-taurus-C5KpWwHt.js                            0.21 kB │ gzip:     0.20 kB │ map:      0.93 kB
out/renderer/assets/corner-down-left-D8NtCFAA.js                         0.21 kB │ gzip:     0.19 kB │ map:      0.92 kB
out/renderer/assets/corner-left-up-CjflxB_k.js                           0.21 kB │ gzip:     0.19 kB │ map:      0.91 kB
out/renderer/assets/corner-up-left-9E9rlsr5.js                           0.21 kB │ gzip:     0.19 kB │ map:      0.91 kB
out/renderer/assets/crop-BvbKZbbx.js                                     0.21 kB │ gzip:     0.19 kB │ map:      0.86 kB
out/renderer/assets/rotate-ccw-DRYyTInj.js                               0.21 kB │ gzip:     0.19 kB │ map:      0.90 kB
out/renderer/assets/tv--Rj-wryR.js                                       0.21 kB │ gzip:     0.20 kB │ map:      0.91 kB
out/renderer/assets/circle-chevron-down-DXKnXhU8.js                      0.21 kB │ gzip:     0.19 kB │ map:      0.96 kB
out/renderer/assets/circle-chevron-left-ButY4Nxb.js                      0.21 kB │ gzip:     0.19 kB │ map:      0.96 kB
out/renderer/assets/circle-chevron-right-CLX7WG5f.js                     0.21 kB │ gzip:     0.19 kB │ map:      0.97 kB
out/renderer/assets/contrast-Cl94DfuY.js                                 0.21 kB │ gzip:     0.19 kB │ map:      0.91 kB
out/renderer/assets/panel-top-fMtQ-kzS.js                                0.21 kB │ gzip:     0.20 kB │ map:      0.94 kB
out/renderer/assets/undo-B4ludbH-.js                                     0.21 kB │ gzip:     0.19 kB │ map:      0.86 kB
out/renderer/assets/columns-2-DVXCYyjs.js                                0.21 kB │ gzip:     0.20 kB │ map:      0.94 kB
out/renderer/assets/corner-down-right-CMVmD59U.js                        0.21 kB │ gzip:     0.19 kB │ map:      0.93 kB
out/renderer/assets/corner-right-down-DozF_xuM.js                        0.21 kB │ gzip:     0.19 kB │ map:      0.93 kB
out/renderer/assets/corner-up-right-Cln1cPqX.js                          0.21 kB │ gzip:     0.19 kB │ map:      0.92 kB
out/renderer/assets/panel-left-CplF1pXB.js                               0.21 kB │ gzip:     0.20 kB │ map:      0.95 kB
out/renderer/assets/parentheses-BXpC_aN5.js                              0.21 kB │ gzip:     0.19 kB │ map:      0.90 kB
out/renderer/assets/corner-left-down-CCELwBTz.js                         0.21 kB │ gzip:     0.19 kB │ map:      0.93 kB
out/renderer/assets/equal-BXQfPpkI.js                                    0.21 kB │ gzip:     0.18 kB │ map:      0.95 kB
out/renderer/assets/flag-triangle-left-Dp2I8hBK.js                       0.21 kB │ gzip:     0.20 kB │ map:      0.89 kB
out/renderer/assets/flag-triangle-right-Bh6ycQlo.js                      0.21 kB │ gzip:     0.20 kB │ map:      0.89 kB
out/renderer/assets/redo-BgMWFkhv.js                                     0.21 kB │ gzip:     0.19 kB │ map:      0.86 kB
out/renderer/assets/tv-minimal-DZeAYdWG.js                               0.21 kB │ gzip:     0.20 kB │ map:      0.95 kB
out/renderer/assets/copyleft-B-pbZPnD.js                                 0.22 kB │ gzip:     0.20 kB │ map:      0.91 kB
out/renderer/assets/info-BbcYq7St.js                                     0.22 kB │ gzip:     0.18 kB │ map:      0.97 kB
out/renderer/assets/menu-vHMiKu2C.js                                     0.22 kB │ gzip:     0.17 kB │ map:      0.93 kB
out/renderer/assets/panel-right-B9yRZiG2.js                              0.22 kB │ gzip:     0.20 kB │ map:      0.95 kB
out/renderer/assets/square-minus-DQWwCkkl.js                             0.22 kB │ gzip:     0.20 kB │ map:      0.96 kB
out/renderer/assets/circle-slash-9RZRNVTT.js                             0.22 kB │ gzip:     0.19 kB │ map:      0.97 kB
out/renderer/assets/diff-CnfX8IWX.js                                     0.22 kB │ gzip:     0.18 kB │ map:      0.93 kB
out/renderer/assets/kanban-IuJDPC7Z.js                                   0.22 kB │ gzip:     0.18 kB │ map:      0.94 kB
out/renderer/assets/panel-bottom-Bq1m79zi.js                             0.22 kB │ gzip:     0.20 kB │ map:      0.96 kB
out/renderer/assets/triangle-right-DE5NX7Ol.js                           0.22 kB │ gzip:     0.20 kB │ map:      0.89 kB
out/renderer/assets/copyright-D-fSq7ER.js                                0.22 kB │ gzip:     0.20 kB │ map:      0.92 kB
out/renderer/assets/line-dot-right-horizontal-Bn_24HTL.js                0.22 kB │ gzip:     0.20 kB │ map:      1.00 kB
out/renderer/assets/lock-CTfP7LbQ.js                                     0.22 kB │ gzip:     0.20 kB │ map:      0.95 kB
out/renderer/assets/tally-3-DpwQo4BC.js                                  0.22 kB │ gzip:     0.18 kB │ map:      0.94 kB
out/renderer/assets/underline-CfZSYwJw.js                                0.22 kB │ gzip:     0.20 kB │ map:      0.93 kB
out/renderer/assets/arrow-up-to-line-BPyjeMwI.js                         0.22 kB │ gzip:     0.18 kB │ map:      1.00 kB
out/renderer/assets/battery-BihuDRS_.js                                  0.22 kB │ gzip:     0.20 kB │ map:      0.94 kB
out/renderer/assets/circle-parking-Bicm-Csy.js                           0.22 kB │ gzip:     0.20 kB │ map:      0.95 kB
out/renderer/assets/circle-plus-ivIXNvba.js                              0.22 kB │ gzip:     0.18 kB │ map:      1.00 kB
out/renderer/assets/circle-x-ZdHg4veg.js                                 0.22 kB │ gzip:     0.18 kB │ map:      0.99 kB
out/renderer/assets/cylinder-BjV23Gz_.js                                 0.22 kB │ gzip:     0.20 kB │ map:      0.93 kB
out/renderer/assets/heading-C737LEHK.js                                  0.22 kB │ gzip:     0.18 kB │ map:      0.94 kB
out/renderer/assets/redo-2-Bul929zJ.js                                   0.22 kB │ gzip:     0.19 kB │ map:      0.89 kB
out/renderer/assets/square-slash-aUT86aIs.js                             0.22 kB │ gzip:     0.20 kB │ map:      1.02 kB
out/renderer/assets/code-xml-h9i0hVlp.js                                 0.22 kB │ gzip:     0.18 kB │ map:      0.97 kB
out/renderer/assets/dice-1-D9iQAOqS.js                                   0.22 kB │ gzip:     0.20 kB │ map:      0.95 kB
out/renderer/assets/undo-2-D3szeLF_.js                                   0.22 kB │ gzip:     0.18 kB │ map:      0.89 kB
out/renderer/assets/arrow-down-to-line-AE6wnX-E.js                       0.22 kB │ gzip:     0.19 kB │ map:      1.01 kB
out/renderer/assets/arrow-up-from-line-DSWkt7lx.js                       0.22 kB │ gzip:     0.18 kB │ map:      1.01 kB
out/renderer/assets/book-gAzMTRwO.js                                     0.22 kB │ gzip:     0.19 kB │ map:      0.84 kB
out/renderer/assets/arrow-left-from-line-eJkgsb4f.js                     0.22 kB │ gzip:     0.19 kB │ map:      1.02 kB
out/renderer/assets/square-check-CmO71YyX.js                             0.22 kB │ gzip:     0.20 kB │ map:      0.97 kB
out/renderer/assets/arrow-right-to-line-BAr405bO.js                      0.22 kB │ gzip:     0.19 kB │ map:      1.02 kB
out/renderer/assets/pause-PZCqA1BD.js                                    0.22 kB │ gzip:     0.17 kB │ map:      1.00 kB
out/renderer/assets/line-squiggle-DSA0vKOi.js                            0.22 kB │ gzip:     0.21 kB │ map:      0.89 kB
out/renderer/assets/at-sign-Bd4na0Pg.js                                  0.23 kB │ gzip:     0.21 kB │ map:      0.92 kB
out/renderer/assets/flame-D0qPF3Y0.js                                    0.23 kB │ gzip:     0.20 kB │ map:      0.85 kB
out/renderer/assets/slice-CJFC9tV7.js                                    0.23 kB │ gzip:     0.20 kB │ map:      0.85 kB
out/renderer/assets/square-dot-tzxPg0gt.js                               0.23 kB │ gzip:     0.20 kB │ map:      0.99 kB
out/renderer/assets/swiss-franc-Cftf8AMI.js                              0.23 kB │ gzip:     0.20 kB │ map:      0.97 kB
out/renderer/assets/text-align-end-Cv8D6r0A.js                           0.23 kB │ gzip:     0.19 kB │ map:      0.98 kB
out/renderer/assets/toggle-left-BUnt_3dJ.js                              0.23 kB │ gzip:     0.21 kB │ map:      0.99 kB
out/renderer/assets/torus-B_Cd4pes.js                                    0.23 kB │ gzip:     0.18 kB │ map:      0.96 kB
out/renderer/assets/x-line-top-Co6GuhCc.js                               0.23 kB │ gzip:     0.19 kB │ map:      0.96 kB
out/renderer/assets/baseline-CUt1lSoj.js                                 0.23 kB │ gzip:     0.19 kB │ map:      0.96 kB
out/renderer/assets/git-commit-vertical-DEFxhd6I.js                      0.23 kB │ gzip:     0.19 kB │ map:      1.05 kB
out/renderer/assets/square-chevron-up-BWm8PpXZ.js                        0.23 kB │ gzip:     0.21 kB │ map:      1.00 kB
out/renderer/assets/venus-K6dVP3Q4.js                                    0.23 kB │ gzip:     0.20 kB │ map:      0.97 kB
out/renderer/assets/zodiac-aries-B-aYv87_.js                             0.23 kB │ gzip:     0.20 kB │ map:      0.92 kB
out/renderer/assets/rotate-cw-BWV54eyk.js                                0.23 kB │ gzip:     0.21 kB │ map:      0.90 kB
out/renderer/assets/signal-medium-D2UtY00T.js                            0.23 kB │ gzip:     0.19 kB │ map:      0.98 kB
out/renderer/assets/square-radical-BRw7Qa9y.js                           0.23 kB │ gzip:     0.21 kB │ map:      0.98 kB
out/renderer/assets/text-align-start-BVpCx3H8.js                         0.23 kB │ gzip:     0.19 kB │ map:      1.00 kB
out/renderer/assets/toggle-right-YvjCCCyl.js                             0.23 kB │ gzip:     0.20 kB │ map:      1.00 kB
out/renderer/assets/moon-K40YUYVg.js                                     0.23 kB │ gzip:     0.21 kB │ map:      0.86 kB
out/renderer/assets/text-align-center-g_nZI45a.js                        0.23 kB │ gzip:     0.19 kB │ map:      1.00 kB
out/renderer/assets/check-line-Bg4sJL7V.js                               0.23 kB │ gzip:     0.19 kB │ map:      0.97 kB
out/renderer/assets/square-chevron-down-CxaEgK-_.js                      0.23 kB │ gzip:     0.21 kB │ map:      1.01 kB
out/renderer/assets/square-chevron-left-Babc17f-.js                      0.23 kB │ gzip:     0.21 kB │ map:      1.01 kB
out/renderer/assets/square-chevron-right-TAQ8F7Hl.js                     0.23 kB │ gzip:     0.21 kB │ map:      1.01 kB
out/renderer/assets/text-align-justify-Bnh92ajZ.js                       0.23 kB │ gzip:     0.18 kB │ map:      1.01 kB
out/renderer/assets/chart-no-axes-gantt-Cgn5zSpZ.js                      0.23 kB │ gzip:     0.20 kB │ map:      1.01 kB
out/renderer/assets/move-diagonal-BRzjzDF0.js                            0.23 kB │ gzip:     0.20 kB │ map:      0.99 kB
out/renderer/assets/chart-no-axes-column-DjLrvRkH.js                     0.23 kB │ gzip:     0.19 kB │ map:      1.02 kB
out/renderer/assets/radical-BFtVPLKI.js                                  0.23 kB │ gzip:     0.21 kB │ map:      0.87 kB
out/renderer/assets/credit-card-BZhJydty.js                              0.23 kB │ gzip:     0.21 kB │ map:      1.01 kB
out/renderer/assets/move-diagonal-2-CtAWST1b.js                          0.23 kB │ gzip:     0.19 kB │ map:      1.00 kB
out/renderer/assets/zodiac-sagittarius-joYXcX_J.js                       0.23 kB │ gzip:     0.20 kB │ map:      1.01 kB
out/renderer/assets/arrow-left-to-line-G1b0PF14.js                       0.23 kB │ gzip:     0.20 kB │ map:      1.01 kB
out/renderer/assets/move-vertical-DYtSnaMa.js                            0.23 kB │ gzip:     0.19 kB │ map:      0.99 kB
out/renderer/assets/square-sigma-DsHA-ncK.js                             0.23 kB │ gzip:     0.22 kB │ map:      0.98 kB
out/renderer/assets/cone-BxAM0RcI.js                                     0.24 kB │ gzip:     0.21 kB │ map:      0.93 kB
out/renderer/assets/mars-CYF-EDOx.js                                     0.24 kB │ gzip:     0.21 kB │ map:      0.98 kB
out/renderer/assets/rectangle-circle-CGGyres1.js                         0.24 kB │ gzip:     0.21 kB │ map:      0.97 kB
out/renderer/assets/spell-check-C0v20Z5c.js                              0.24 kB │ gzip:     0.20 kB │ map:      0.98 kB
out/renderer/assets/square-parking-ukZfQTyl.js                           0.24 kB │ gzip:     0.22 kB │ map:      0.99 kB
out/renderer/assets/arrow-down-from-line-B_fhRKRA.js                     0.24 kB │ gzip:     0.20 kB │ map:      1.03 kB
out/renderer/assets/circle-equal-BRtaK0cC.js                             0.24 kB │ gzip:     0.19 kB │ map:      1.01 kB
out/renderer/assets/e2eStoreBridgeBootstrap-Clha-yRy.js                  0.24 kB │ gzip:     0.18 kB │ map:      1.37 kB
out/renderer/assets/lock-open-CRI3gWXM.js                                0.24 kB │ gzip:     0.21 kB │ map:      0.98 kB
out/renderer/assets/move-horizontal-FPRAj1Pt.js                          0.24 kB │ gzip:     0.20 kB │ map:      1.01 kB
out/renderer/assets/square-activity-ChEA7Tv0.js                          0.24 kB │ gzip:     0.21 kB │ map:      1.00 kB
out/renderer/assets/ellipsis-B47s49FE.js                                 0.24 kB │ gzip:     0.17 kB │ map:      1.07 kB
out/renderer/assets/target-DoM2BG7O.js                                   0.24 kB │ gzip:     0.17 kB │ map:      1.06 kB
out/renderer/assets/arrow-right-from-line-C6MgsGdf.js                    0.24 kB │ gzip:     0.20 kB │ map:      1.03 kB
out/renderer/assets/droplet-CyaHE3gT.js                                  0.24 kB │ gzip:     0.21 kB │ map:      0.87 kB
out/renderer/assets/ratio-Dofk4xNA.js                                    0.24 kB │ gzip:     0.19 kB │ map:      1.00 kB
out/renderer/assets/ungroup-BPwzIhwg.js                                  0.24 kB │ gzip:     0.19 kB │ map:      1.01 kB
out/renderer/assets/asterisk-BH89zm5m.js                                 0.24 kB │ gzip:     0.20 kB │ map:      0.97 kB
out/renderer/assets/folder-DZzcFJcR.js                                   0.24 kB │ gzip:     0.20 kB │ map:      0.88 kB
out/renderer/assets/git-merge-hLTkct5F.js                                0.24 kB │ gzip:     0.19 kB │ map:      1.05 kB
out/renderer/assets/mail-D_Oeq_YX.js                                     0.24 kB │ gzip:     0.22 kB │ map:      0.95 kB
out/renderer/assets/panels-top-left-BJEvH3_T.js                          0.24 kB │ gzip:     0.20 kB │ map:      1.07 kB
out/renderer/assets/pill-D3tdjqlZ.js                                     0.24 kB │ gzip:     0.20 kB │ map:      0.91 kB
out/renderer/assets/tablet-Dt6gIvXv.js                                   0.24 kB │ gzip:     0.21 kB │ map:      1.01 kB
out/renderer/assets/appUsageChartPalette-DOJnwfDi.js                     0.24 kB │ gzip:     0.13 kB │ map:      0.78 kB
out/renderer/assets/git-branch-B4ePLROA.js                               0.24 kB │ gzip:     0.20 kB │ map:      1.05 kB
out/renderer/assets/separator-vertical-D6JufYDg.js                       0.24 kB │ gzip:     0.20 kB │ map:      1.02 kB
out/renderer/assets/share-ux-DHLma.js                                    0.24 kB │ gzip:     0.19 kB │ map:      0.97 kB
out/renderer/assets/captions-DOlUsvDS.js                                 0.24 kB │ gzip:     0.21 kB │ map:      0.98 kB
out/renderer/assets/library-D5itLVWw.js                                  0.24 kB │ gzip:     0.19 kB │ map:      1.04 kB
out/renderer/assets/log-out-BqVXPDKj.js                                  0.24 kB │ gzip:     0.19 kB │ map:      0.98 kB
out/renderer/assets/pilcrow-CR7x7zfK.js                                  0.24 kB │ gzip:     0.20 kB │ map:      0.97 kB
out/renderer/assets/sigma-Lsq3uuS3.js                                    0.24 kB │ gzip:     0.21 kB │ map:      0.87 kB
out/renderer/assets/upload-CA1no6zL.js                                   0.24 kB │ gzip:     0.20 kB │ map:      0.98 kB
out/renderer/assets/flask-round-Cjgbwm-5.js                              0.24 kB │ gzip:     0.21 kB │ map:      0.99 kB
out/renderer/assets/log-in-BVqUX1s2.js                                   0.24 kB │ gzip:     0.19 kB │ map:      0.98 kB
out/renderer/assets/separator-horizontal-Dskau5p1.js                     0.24 kB │ gzip:     0.21 kB │ map:      1.04 kB
out/renderer/assets/square-stop-jvGtUOiu.js                              0.24 kB │ gzip:     0.20 kB │ map:      1.04 kB
out/renderer/assets/table-2-k1Jzcxjm.js                                  0.24 kB │ gzip:     0.20 kB │ map:      0.88 kB
out/renderer/assets/album-CcsdnX8q.js                                    0.24 kB │ gzip:     0.21 kB │ map:      0.97 kB
out/renderer/assets/chart-no-axes-column-decreasing-CosEH4w4.js          0.24 kB │ gzip:     0.20 kB │ map:      1.08 kB
out/renderer/assets/chart-no-axes-column-increasing-_EdkuqBp.js          0.24 kB │ gzip:     0.21 kB │ map:      1.08 kB
out/renderer/assets/chart-spline-DNKISvgb.js                             0.24 kB │ gzip:     0.21 kB │ map:      0.93 kB
out/renderer/assets/disc-2-Wqr52_kc.js                                   0.24 kB │ gzip:     0.19 kB │ map:      1.02 kB
out/renderer/assets/download-MpBzpCFc.js                                 0.24 kB │ gzip:     0.20 kB │ map:      0.99 kB
out/renderer/assets/laptop-minimal-6oVTqHHL.js                           0.24 kB │ gzip:     0.21 kB │ map:      1.05 kB
out/renderer/assets/square-square-rrTLes1X.js                            0.24 kB │ gzip:     0.19 kB │ map:      1.05 kB
out/renderer/assets/turkish-lira-Cau7Pcjl.js                             0.24 kB │ gzip:     0.21 kB │ map:      1.00 kB
out/renderer/assets/arrow-up-from-dot-D4mXrt5a.js                        0.24 kB │ gzip:     0.21 kB │ map:      1.05 kB
out/renderer/assets/dock-BnG7UX3j.js                                     0.24 kB │ gzip:     0.21 kB │ map:      1.01 kB
out/renderer/assets/message-square-DH5kfs_w.js                           0.24 kB │ gzip:     0.21 kB │ map:      0.93 kB
out/renderer/assets/paperclip-C7dw1DGr.js                                0.24 kB │ gzip:     0.21 kB │ map:      0.90 kB
out/renderer/assets/activity-Db4dBnhS.js                                 0.25 kB │ gzip:     0.21 kB │ map:      0.90 kB
out/renderer/assets/arrow-down-to-dot-D-vqreHh.js                        0.25 kB │ gzip:     0.21 kB │ map:      1.05 kB
out/renderer/assets/circle-arrow-down-BuzQ9Dyg.js                        0.25 kB │ gzip:     0.20 kB │ map:      1.05 kB
out/renderer/assets/circle-arrow-up-BRd2AOFi.js                          0.25 kB │ gzip:     0.20 kB │ map:      1.04 kB
out/renderer/assets/dollar-sign-Cm7UrTPT.js                              0.25 kB │ gzip:     0.21 kB │ map:      0.97 kB
out/renderer/assets/music-Ddmfywyi.js                                    0.25 kB │ gzip:     0.20 kB │ map:      1.02 kB
out/renderer/assets/panel-left-open-CKri1QW8.js                          0.25 kB │ gzip:     0.21 kB │ map:      1.08 kB
out/renderer/assets/presentation-D1Ioq_-g.js                             0.25 kB │ gzip:     0.20 kB │ map:      1.02 kB
out/renderer/assets/audio-waveform-BrqmiA4b.js                           0.25 kB │ gzip:     0.19 kB │ map:      0.92 kB
out/renderer/assets/brackets-8noEpXDc.js                                 0.25 kB │ gzip:     0.20 kB │ map:      0.92 kB
out/renderer/assets/briefcase-0gB03uPa.js                                0.25 kB │ gzip:     0.22 kB │ map:      0.98 kB
out/renderer/assets/circle-arrow-left-lmmlvXEF.js                        0.25 kB │ gzip:     0.20 kB │ map:      1.05 kB
out/renderer/assets/cloud-lightning-BOP9wpmX.js                          0.25 kB │ gzip:     0.22 kB │ map:      0.95 kB
out/renderer/assets/rows-3-DBuvFu9_.js                                   0.25 kB │ gzip:     0.21 kB │ map:      1.02 kB
out/renderer/assets/search-check-aZlgb6-S.js                             0.25 kB │ gzip:     0.21 kB │ map:      1.03 kB
out/renderer/assets/search-slash-CZDwAbxR.js                             0.25 kB │ gzip:     0.21 kB │ map:      1.03 kB
out/renderer/assets/type-BwLxyBVv.js                                     0.25 kB │ gzip:     0.20 kB │ map:      0.96 kB
out/renderer/assets/circle-arrow-right-B1ap6rrT.js                       0.25 kB │ gzip:     0.21 kB │ map:      1.06 kB
out/renderer/assets/copy-Icy4Yt41.js                                     0.25 kB │ gzip:     0.21 kB │ map:      0.98 kB
out/renderer/assets/highlighter-DfN7nbtt.js                              0.25 kB │ gzip:     0.21 kB │ map:      0.93 kB
out/renderer/assets/panel-left-close-D-3xg20N.js                         0.25 kB │ gzip:     0.21 kB │ map:      1.09 kB
out/renderer/assets/panel-right-close-XxjpVVVT.js                        0.25 kB │ gzip:     0.21 kB │ map:      1.09 kB
out/renderer/assets/square-code-D7wxhEOk.js                              0.25 kB │ gzip:     0.21 kB │ map:      1.07 kB
out/renderer/assets/utils-UrMNu81G.js                                    0.25 kB │ gzip:     0.18 kB │ map:      0.96 kB
out/renderer/assets/grid-2x2-Ckn53jMb.js                                 0.25 kB │ gzip:     0.21 kB │ map:      1.03 kB
out/renderer/assets/history-CD2Q13Nz.js                                  0.25 kB │ gzip:     0.20 kB │ map:      0.99 kB
out/renderer/assets/japanese-yen-BcONtttk.js                             0.25 kB │ gzip:     0.21 kB │ map:      1.00 kB
out/renderer/assets/panel-right-open-IH-qEGG1.js                         0.25 kB │ gzip:     0.21 kB │ map:      1.09 kB
out/renderer/assets/smartphone-charging-OCiK9UMo.js                      0.25 kB │ gzip:     0.22 kB │ map:      1.04 kB
out/renderer/assets/stretch-vertical-BJlCljB4.js                         0.25 kB │ gzip:     0.19 kB │ map:      1.07 kB
out/renderer/assets/columns-3-DRfdZ4Mv.js                                0.25 kB │ gzip:     0.21 kB │ map:      1.04 kB
out/renderer/assets/maximize-2-Bz-1RDm0.js                               0.25 kB │ gzip:     0.19 kB │ map:      1.06 kB
out/renderer/assets/reply-all-CiAsGo8r.js                                0.25 kB │ gzip:     0.20 kB │ map:      0.99 kB
out/renderer/assets/zodiac-ophiuchus-D6Ccj2V7.js                         0.25 kB │ gzip:     0.21 kB │ map:      0.96 kB
out/renderer/assets/beaker-BqV2zvBq.js                                   0.25 kB │ gzip:     0.20 kB │ map:      0.97 kB
out/renderer/assets/cloud-check-Bj9K3QJq.js                              0.25 kB │ gzip:     0.22 kB │ map:      0.94 kB
out/renderer/assets/globe-check-CXpeFTBD.js                              0.25 kB │ gzip:     0.21 kB │ map:      0.95 kB
out/renderer/assets/rss-B-u9zHTI.js                                      0.25 kB │ gzip:     0.21 kB │ map:      0.99 kB
out/renderer/assets/square-plus-l8-h5SN-.js                              0.25 kB │ gzip:     0.21 kB │ map:      1.05 kB
out/renderer/assets/stretch-horizontal-BQglHdnA.js                       0.25 kB │ gzip:     0.19 kB │ map:      1.08 kB
out/renderer/assets/touchpad-Dmn_6x3p.js                                 0.25 kB │ gzip:     0.21 kB │ map:      1.04 kB
out/renderer/assets/minimize-2-D_zPZ7--.js                               0.25 kB │ gzip:     0.19 kB │ map:      1.07 kB
out/renderer/assets/undo-dot-C6-E7MBW.js                                 0.25 kB │ gzip:     0.22 kB │ map:      1.01 kB
out/renderer/assets/bluetooth-off-1yBooAXB.js                            0.25 kB │ gzip:     0.21 kB │ map:      1.01 kB
out/renderer/assets/circle-arrow-out-up-left-C4j7vMcy.js                 0.25 kB │ gzip:     0.21 kB │ map:      1.06 kB
out/renderer/assets/lens-concave-CQhRQK1p.js                             0.25 kB │ gzip:     0.20 kB │ map:      0.91 kB
out/renderer/assets/merge-CBi6GgoS.js                                    0.25 kB │ gzip:     0.21 kB │ map:      0.97 kB
out/renderer/assets/message-circle-DeoqDsll.js                           0.25 kB │ gzip:     0.22 kB │ map:      0.94 kB
out/renderer/assets/spline-DxyUf2bh.js                                   0.25 kB │ gzip:     0.21 kB │ map:      1.03 kB
out/renderer/assets/airplay-BWxeuVDw.js                                  0.25 kB │ gzip:     0.21 kB │ map:      0.95 kB
out/renderer/assets/battery-low-DeYy361K.js                              0.25 kB │ gzip:     0.21 kB │ map:      1.05 kB
out/renderer/assets/globe-BVAByKr-.js                                    0.25 kB │ gzip:     0.20 kB │ map:      1.01 kB
out/renderer/assets/square-equal-C9VQhK7j.js                             0.25 kB │ gzip:     0.21 kB │ map:      1.06 kB
out/renderer/assets/square-terminal-C6j0a2o7.js                          0.25 kB │ gzip:     0.21 kB │ map:      1.11 kB
out/renderer/assets/zodiac-pisces-Bt5d23ds.js                            0.25 kB │ gzip:     0.20 kB │ map:      1.01 kB
out/renderer/assets/database-JwnGwaq0.js                                 0.25 kB │ gzip:     0.21 kB │ map:      1.05 kB
out/renderer/assets/square-round-corner-C5RQzZM8.js                      0.25 kB │ gzip:     0.21 kB │ map:      0.98 kB
out/renderer/assets/tally-4-zDX8esq1.js                                  0.25 kB │ gzip:     0.18 kB │ map:      1.04 kB
out/renderer/assets/square-check-big-C0uj6JVM.js                         0.26 kB │ gzip:     0.22 kB │ map:      0.98 kB
out/renderer/assets/user-round-minus-CIigVCfu.js                         0.26 kB │ gzip:     0.22 kB │ map:      1.05 kB
out/renderer/assets/bookmark-Cl8IFmYm.js                                 0.26 kB │ gzip:     0.22 kB │ map:      0.90 kB
out/renderer/assets/circle-arrow-out-up-right-56ZRTHRY.js                0.26 kB │ gzip:     0.21 kB │ map:      1.07 kB
out/renderer/assets/circle-power-CF8dNtla.js                             0.26 kB │ gzip:     0.22 kB │ map:      1.04 kB
out/renderer/assets/clock-check-Bk_w2mS4.js                              0.26 kB │ gzip:     0.21 kB │ map:      1.00 kB
out/renderer/assets/dice-2-CVudBIv8.js                                   0.26 kB │ gzip:     0.21 kB │ map:      1.04 kB
out/renderer/assets/gallery-vertical-B8LCqOHN.js                         0.26 kB │ gzip:     0.22 kB │ map:      1.08 kB
out/renderer/assets/omega-Dg6RP1oN.js                                    0.26 kB │ gzip:     0.22 kB │ map:      0.88 kB
out/renderer/assets/section-4UPG9Wz_.js                                  0.26 kB │ gzip:     0.20 kB │ map:      0.92 kB
out/renderer/assets/vote-DfUTl6wj.js                                     0.26 kB │ gzip:     0.22 kB │ map:      0.97 kB
out/renderer/assets/wallet-minimal-BsZ6drJ4.js                           0.26 kB │ gzip:     0.21 kB │ map:      0.99 kB
out/renderer/assets/circle-pause-DnVEI18T.js                             0.26 kB │ gzip:     0.19 kB │ map:      1.13 kB
out/renderer/assets/divide-Bw5zoUXD.js                                   0.26 kB │ gzip:     0.21 kB │ map:      1.08 kB
out/renderer/assets/gallery-horizontal-gtIicIuD.js                       0.26 kB │ gzip:     0.22 kB │ map:      1.09 kB
out/renderer/assets/rainbow-CtgLgOC4.js                                  0.26 kB │ gzip:     0.20 kB │ map:      0.99 kB
out/renderer/assets/square-x-Cn1hHiPC.js                                 0.26 kB │ gzip:     0.22 kB │ map:      1.06 kB
out/renderer/assets/text-quote-DPOoB2cl.js                               0.26 kB │ gzip:     0.20 kB │ map:      1.06 kB
out/renderer/assets/zodiac-leo-CyuIKkvi.js                               0.26 kB │ gzip:     0.23 kB │ map:      0.98 kB
out/renderer/assets/circle-arrow-out-down-left-B2h5Tq3a.js               0.26 kB │ gzip:     0.22 kB │ map:      1.08 kB
out/renderer/assets/club-BFU_vQQJ.js                                     0.26 kB │ gzip:     0.21 kB │ map:      0.94 kB
out/renderer/assets/door-closed-BXzZ3_fd.js                              0.26 kB │ gzip:     0.21 kB │ map:      1.00 kB
out/renderer/assets/hdmi-port-CI6zplhw.js                                0.26 kB │ gzip:     0.21 kB │ map:      0.96 kB
out/renderer/assets/hexagon-dpaMDmYa.js                                  0.26 kB │ gzip:     0.20 kB │ map:      0.89 kB
out/renderer/assets/panels-left-bottom-Awx3qV5l.js                       0.26 kB │ gzip:     0.22 kB │ map:      1.09 kB
out/renderer/assets/philippine-peso-CnyHWW8y.js                          0.26 kB │ gzip:     0.21 kB │ map:      1.03 kB
out/renderer/assets/wifi-high-CnmAmkmL.js                                0.26 kB │ gzip:     0.21 kB │ map:      1.00 kB
out/renderer/assets/arrow-right-left-DrJzBW2J.js                         0.26 kB │ gzip:     0.20 kB │ map:      1.11 kB
out/renderer/assets/circle-question-mark-Cr6fBxWE.js                     0.26 kB │ gzip:     0.22 kB │ map:      1.09 kB
out/renderer/assets/ear-CrBO3OQ0.js                                      0.26 kB │ gzip:     0.21 kB │ map:      0.91 kB
out/renderer/assets/equal-approximately-Bresr8NE.js                      0.26 kB │ gzip:     0.19 kB │ map:      0.99 kB
out/renderer/assets/gallery-vertical-end-BfUzZwwG.js                     0.26 kB │ gzip:     0.22 kB │ map:      1.10 kB
out/renderer/assets/goal-Doj4InyT.js                                     0.26 kB │ gzip:     0.22 kB │ map:      0.99 kB
out/renderer/assets/list-minus-B2UphhAv.js                               0.26 kB │ gzip:     0.20 kB │ map:      1.06 kB
out/renderer/assets/video-CoHVgj0_.js                                    0.26 kB │ gzip:     0.23 kB │ map:      1.02 kB
out/renderer/assets/zoom-out-BznT64ZG.js                                 0.26 kB │ gzip:     0.20 kB │ map:      1.11 kB
out/renderer/assets/heading-1-Od3Z75d1.js                                0.26 kB │ gzip:     0.20 kB │ map:      1.06 kB
out/renderer/assets/mountain-snow-DTwxh92I.js                            0.26 kB │ gzip:     0.23 kB │ map:      0.97 kB
out/renderer/assets/panel-top-close-BJTwMuJ8.js                          0.26 kB │ gzip:     0.22 kB │ map:      1.08 kB
out/renderer/assets/panel-top-open-R1O_dI1l.js                           0.26 kB │ gzip:     0.22 kB │ map:      1.08 kB
out/renderer/assets/panels-right-bottom-BBMWYrr0.js                      0.26 kB │ gzip:     0.22 kB │ map:      1.10 kB
out/renderer/assets/user-round-check-d8tLrdoL.js                         0.26 kB │ gzip:     0.23 kB │ map:      1.06 kB
out/renderer/assets/voicemail-JwTtK_NK.js                                0.26 kB │ gzip:     0.20 kB │ map:      1.09 kB
out/renderer/assets/circle-alert-BbS0aMIC.js                             0.26 kB │ gzip:     0.19 kB │ map:      1.14 kB
out/renderer/assets/ellipsis-vertical-ClYaJxPv.js                        0.26 kB │ gzip:     0.19 kB │ map:      1.12 kB
out/renderer/assets/mic-Df456UQ-.js                                      0.26 kB │ gzip:     0.22 kB │ map:      1.02 kB
out/renderer/assets/mirror-rectangular-hxU1ydWh.js                       0.26 kB │ gzip:     0.22 kB │ map:      1.10 kB
out/renderer/assets/pen-uX30BscI.js                                      0.26 kB │ gzip:     0.22 kB │ map:      0.88 kB
out/renderer/assets/book-minus-C1pMCGan.js                               0.26 kB │ gzip:     0.22 kB │ map:      0.97 kB
out/renderer/assets/chart-column-D7Wy7kWg.js                             0.26 kB │ gzip:     0.20 kB │ map:      1.09 kB
out/renderer/assets/circle-arrow-out-down-right-C5_697-e.js              0.26 kB │ gzip:     0.21 kB │ map:      1.09 kB
out/renderer/assets/cloud-upload-DEsDO5RQ.js                             0.26 kB │ gzip:     0.22 kB │ map:      1.03 kB
out/renderer/assets/external-link-BBLuTIHj.js                            0.26 kB │ gzip:     0.21 kB │ map:      1.03 kB
out/renderer/assets/gallery-horizontal-end-BvXcEFHU.js                   0.26 kB │ gzip:     0.23 kB │ map:      1.12 kB
out/renderer/assets/mouse-pointer-2-Ctkg6Ozf.js                          0.26 kB │ gzip:     0.22 kB │ map:      0.95 kB
out/renderer/assets/pi-CQbUy-gp.js                                       0.26 kB │ gzip:     0.22 kB │ map:      1.01 kB
out/renderer/assets/signal-high-Cp8LrbEi.js                              0.26 kB │ gzip:     0.20 kB │ map:      1.07 kB
out/renderer/assets/square-arrow-down-fPzD_JKQ.js                        0.26 kB │ gzip:     0.22 kB │ map:      1.09 kB
out/renderer/assets/square-arrow-up-Dq9QDTrR.js                          0.26 kB │ gzip:     0.22 kB │ map:      1.08 kB
out/renderer/assets/annoyed-BRYQKGeq.js                                  0.26 kB │ gzip:     0.20 kB │ map:      1.08 kB
out/renderer/assets/circle-gauge-C7qr4S_F.js                             0.26 kB │ gzip:     0.22 kB │ map:      1.04 kB
out/renderer/assets/headphones-Dn-OGehQ.js                               0.26 kB │ gzip:     0.20 kB │ map:      0.91 kB
out/renderer/assets/panel-bottom-open-CFzECvvH.js                        0.26 kB │ gzip:     0.22 kB │ map:      1.10 kB
out/renderer/assets/settings-2-DnGCDSeh.js                               0.26 kB │ gzip:     0.20 kB │ map:      1.13 kB
out/renderer/assets/skip-back-DiFTysTd.js                                0.26 kB │ gzip:     0.23 kB │ map:      0.97 kB
out/renderer/assets/skip-forward-BD0CXHdD.js                             0.26 kB │ gzip:     0.22 kB │ map:      0.98 kB
out/renderer/assets/square-arrow-left-D3awJXlW.js                        0.26 kB │ gzip:     0.22 kB │ map:      1.10 kB
out/renderer/assets/square-arrow-up-right-Cv0Lf_Z6.js                    0.26 kB │ gzip:     0.22 kB │ map:      1.11 kB
out/renderer/assets/zodiac-libra-CtZpgRZ9.js                             0.26 kB │ gzip:     0.23 kB │ map:      0.98 kB
out/renderer/assets/archive-DY-d_XF2.js                                  0.26 kB │ gzip:     0.22 kB │ map:      1.06 kB
out/renderer/assets/disc-album-CWz8VMpM.js                               0.26 kB │ gzip:     0.22 kB │ map:      1.09 kB
out/renderer/assets/list-check-CJv63iSF.js                               0.26 kB │ gzip:     0.21 kB │ map:      1.07 kB
out/renderer/assets/panel-bottom-close-1lhZ02Xg.js                       0.26 kB │ gzip:     0.22 kB │ map:      1.10 kB
out/renderer/assets/shell-CtPXF1jS.js                                    0.26 kB │ gzip:     0.21 kB │ map:      0.89 kB
out/renderer/assets/square-arrow-right-DpNqXoGr.js                       0.26 kB │ gzip:     0.22 kB │ map:      1.10 kB
out/renderer/assets/square-arrow-up-left-DhRWV7Kb.js                     0.26 kB │ gzip:     0.22 kB │ map:      1.11 kB
out/renderer/assets/step-back-B5-Fqg5F.js                                0.26 kB │ gzip:     0.23 kB │ map:      0.97 kB
out/renderer/assets/step-forward-Wkf5xqfl.js                             0.26 kB │ gzip:     0.22 kB │ map:      0.99 kB
out/renderer/assets/timer-DpbYJ4RV.js                                    0.26 kB │ gzip:     0.20 kB │ map:      1.09 kB
out/renderer/assets/ampersand-Cgy_rOVn.js                                0.27 kB │ gzip:     0.22 kB │ map:      0.97 kB
out/renderer/assets/bed-_6Qzia9U.js                                      0.27 kB │ gzip:     0.21 kB │ map:      1.03 kB
out/renderer/assets/git-commit-horizontal-CujJcx8Z.js                    0.27 kB │ gzip:     0.20 kB │ map:      1.19 kB
out/renderer/assets/route-BWLcJkYE.js                                    0.27 kB │ gzip:     0.21 kB │ map:      1.05 kB
out/renderer/assets/square-arrow-down-right-BaUEQyfB.js                  0.27 kB │ gzip:     0.22 kB │ map:      1.12 kB
out/renderer/assets/align-vertical-space-around-Cqrc_Dqi.js              0.27 kB │ gzip:     0.22 kB │ map:      1.14 kB
out/renderer/assets/cloudy-CZug-YVJ.js                                   0.27 kB │ gzip:     0.23 kB │ map:      0.93 kB
out/renderer/assets/laptop-minimal-check-BC8XHDWz.js                     0.27 kB │ gzip:     0.23 kB │ map:      1.11 kB
out/renderer/assets/lock-keyhole-Bdcgj0t4.js                             0.27 kB │ gzip:     0.23 kB │ map:      1.12 kB
out/renderer/assets/redo-dot-fNo6i-2b.js                                 0.27 kB │ gzip:     0.22 kB │ map:      1.02 kB
out/renderer/assets/square-arrow-down-left-ChLVRQAH.js                   0.27 kB │ gzip:     0.23 kB │ map:      1.12 kB
out/renderer/assets/text-wrap-D2t55spL.js                                0.27 kB │ gzip:     0.20 kB │ map:      1.08 kB
out/renderer/assets/circle-play-D-2ZpDa8.js                              0.27 kB │ gzip:     0.22 kB │ map:      1.03 kB
out/renderer/assets/eye-BkCGSRrz.js                                      0.27 kB │ gzip:     0.21 kB │ map:      0.99 kB
out/renderer/assets/popsicle-oA3c2_WN.js                                 0.27 kB │ gzip:     0.23 kB │ map:      0.97 kB
out/renderer/assets/proportions-BHMfmiOG.js                              0.27 kB │ gzip:     0.22 kB │ map:      1.07 kB
out/renderer/assets/table-Cmx-N5SQ.js                                    0.27 kB │ gzip:     0.21 kB │ map:      1.12 kB
out/renderer/assets/align-horizontal-space-around-BfFudDZU.js            0.27 kB │ gzip:     0.23 kB │ map:      1.16 kB
out/renderer/assets/link-2-Bm71zB8I.js                                   0.27 kB │ gzip:     0.22 kB │ map:      1.03 kB
out/renderer/assets/percent-D0BY9xY8.js                                  0.27 kB │ gzip:     0.21 kB │ map:      1.09 kB
out/renderer/assets/app-window-6vB5Sit-.js                               0.27 kB │ gzip:     0.21 kB │ map:      1.14 kB
out/renderer/assets/book-check-BGfwNTnP.js                               0.27 kB │ gzip:     0.22 kB │ map:      0.98 kB
out/renderer/assets/chunk-426QAEUC-DXZrn7HF.js                           0.27 kB │ gzip:     0.22 kB │ map:      1.07 kB
out/renderer/assets/cloud-fog-C2n70Qcm.js                                0.27 kB │ gzip:     0.22 kB │ map:      1.00 kB
out/renderer/assets/move-3d-B4m7-yT1.js                                  0.27 kB │ gzip:     0.21 kB │ map:      1.06 kB
out/renderer/assets/user-check-icUiCL5o.js                               0.27 kB │ gzip:     0.22 kB │ map:      1.04 kB
out/renderer/assets/anchor-BLsX0K8_.js                                   0.27 kB │ gzip:     0.22 kB │ map:      1.10 kB
out/renderer/assets/diamond-DyVw-QSz.js                                  0.27 kB │ gzip:     0.20 kB │ map:      0.91 kB
out/renderer/assets/italic-C4MEa5ik.js                                   0.27 kB │ gzip:     0.20 kB │ map:      1.12 kB
out/renderer/assets/lasso-BMpGdiFy.js                                    0.27 kB │ gzip:     0.23 kB │ map:      1.02 kB
out/renderer/assets/monitor-b5ld2N4z.js                                  0.27 kB │ gzip:     0.21 kB │ map:      1.15 kB
out/renderer/assets/arrow-down-up-B-eOFa1n.js                            0.27 kB │ gzip:     0.21 kB │ map:      1.09 kB
out/renderer/assets/arrow-up-down-C2q5g163.js                            0.27 kB │ gzip:     0.21 kB │ map:      1.09 kB
out/renderer/assets/banknote-D1oO4fAQ.js                                 0.27 kB │ gzip:     0.23 kB │ map:      1.09 kB
out/renderer/assets/bluetooth-searching-BnDFBVxo.js                      0.27 kB │ gzip:     0.23 kB │ map:      1.06 kB
out/renderer/assets/chart-bar-DIyNH4kA.js                                0.27 kB │ gzip:     0.21 kB │ map:      1.07 kB
out/renderer/assets/vibrate-CYYetsvI.js                                  0.27 kB │ gzip:     0.22 kB │ map:      1.06 kB
out/renderer/assets/cloud-download-ej_nYd1q.js                           0.27 kB │ gzip:     0.22 kB │ map:      1.05 kB
out/renderer/assets/equal-not-BrPklEuZ.js                                0.27 kB │ gzip:     0.20 kB │ map:      1.13 kB
out/renderer/assets/square-kanban-l9dLGC9l.js                            0.27 kB │ gzip:     0.22 kB │ map:      1.16 kB
out/renderer/assets/square-power-CtUU27C8.js                             0.27 kB │ gzip:     0.23 kB │ map:      1.08 kB
out/renderer/assets/wind-7blR-dJj.js                                     0.27 kB │ gzip:     0.21 kB │ map:      0.99 kB
out/renderer/assets/book-marked-1nZAJJM5.js                              0.27 kB │ gzip:     0.23 kB │ map:      0.99 kB
out/renderer/assets/clock-alert-BB3AXvob.js                              0.27 kB │ gzip:     0.21 kB │ map:      1.10 kB
out/renderer/assets/import-Cb0HcdE9.js                                   0.27 kB │ gzip:     0.20 kB │ map:      1.04 kB
out/renderer/assets/non-binary-DWP2Mp1n.js                               0.27 kB │ gzip:     0.22 kB │ map:      1.10 kB
out/renderer/assets/picture-in-picture-2-D81xz9tD.js                     0.27 kB │ gzip:     0.23 kB │ map:      1.06 kB
out/renderer/assets/strikethrough--HXPVa_V.js                            0.27 kB │ gzip:     0.23 kB │ map:      1.08 kB
out/renderer/assets/arrow-left-right-DNfHXHFL.js                         0.27 kB │ gzip:     0.22 kB │ map:      1.11 kB
out/renderer/assets/chart-gantt-J_wuflcG.js                              0.27 kB │ gzip:     0.21 kB │ map:      1.08 kB
out/renderer/assets/circle-dollar-sign-B0fHGkfa.js                       0.27 kB │ gzip:     0.22 kB │ map:      1.08 kB
out/renderer/assets/cloud-alert-NsG50_RA.js                              0.27 kB │ gzip:     0.23 kB │ map:      1.02 kB
out/renderer/assets/mouse-left-CykuUn7Y.js                               0.27 kB │ gzip:     0.23 kB │ map:      1.04 kB
out/renderer/assets/circle-off-CNkXCekb.js                               0.28 kB │ gzip:     0.22 kB │ map:      1.02 kB
out/renderer/assets/donut-DqmJOvKH.js                                    0.28 kB │ gzip:     0.23 kB │ map:      0.99 kB
out/renderer/assets/list-indent-decrease-C3eT5U-x.js                     0.28 kB │ gzip:     0.20 kB │ map:      1.13 kB
out/renderer/assets/list-indent-increase-CMs6CwMp.js                     0.28 kB │ gzip:     0.20 kB │ map:      1.13 kB
out/renderer/assets/tent-DNqELrF0.js                                     0.28 kB │ gzip:     0.20 kB │ map:      1.05 kB
out/renderer/assets/test-tube-BOkCBw5Q.js                                0.28 kB │ gzip:     0.22 kB │ map:      1.01 kB
out/renderer/assets/grid-2x2-check-CUZFQUFR.js                           0.28 kB │ gzip:     0.22 kB │ map:      1.01 kB
out/renderer/assets/pentagon-6JRmE6x8.js                                 0.28 kB │ gzip:     0.22 kB │ map:      0.92 kB
out/renderer/assets/trending-up-down-D13-cPzI.js                         0.28 kB │ gzip:     0.21 kB │ map:      1.13 kB
out/renderer/assets/triangle-alert-CRHvZNql.js                           0.28 kB │ gzip:     0.22 kB │ map:      1.09 kB
out/renderer/assets/workflow-Coax7Zh_.js                                 0.28 kB │ gzip:     0.21 kB │ map:      1.14 kB
out/renderer/assets/blocks-DpFYFHY4.js                                   0.28 kB │ gzip:     0.22 kB │ map:      1.04 kB
out/renderer/assets/compass-6dI-8VhN.js                                  0.28 kB │ gzip:     0.23 kB │ map:      1.00 kB
out/renderer/assets/lens-convex-BdYZGWUl.js                              0.28 kB │ gzip:     0.22 kB │ map:      0.93 kB
out/renderer/assets/sword-BHvJ1HpX.js                                    0.28 kB │ gzip:     0.22 kB │ map:      1.06 kB
out/renderer/assets/circle-percent-BsvUqjHs.js                           0.28 kB │ gzip:     0.22 kB │ map:      1.13 kB
out/renderer/assets/lollipop-Vuco3FbR.js                                 0.28 kB │ gzip:     0.23 kB │ map:      1.04 kB
out/renderer/assets/mouse-right-DcX-363x.js                              0.28 kB │ gzip:     0.24 kB │ map:      1.05 kB
out/renderer/assets/trash-1dkpyggY.js                                    0.28 kB │ gzip:     0.21 kB │ map:      1.00 kB
out/renderer/assets/webcam-Ct8KoPzw.js                                   0.28 kB │ gzip:     0.21 kB │ map:      1.12 kB
out/renderer/assets/circle-user-round-BuLclsRI.js                        0.28 kB │ gzip:     0.23 kB │ map:      1.11 kB
out/renderer/assets/mars-stroke-i3XaMyJM.js                              0.28 kB │ gzip:     0.23 kB │ map:      1.11 kB
out/renderer/assets/search-alert-Cf57HxXt.js                             0.28 kB │ gzip:     0.22 kB │ map:      1.12 kB
out/renderer/assets/squares-unite-l5Yq10BN.js                            0.28 kB │ gzip:     0.21 kB │ map:      0.94 kB
out/renderer/assets/ticket-minus-C9C8LebA.js                             0.28 kB │ gzip:     0.22 kB │ map:      1.00 kB
out/renderer/assets/users-round-wXaEtKjg.js                              0.28 kB │ gzip:     0.24 kB │ map:      1.05 kB
out/renderer/assets/flag-C5BceD2p.js                                     0.28 kB │ gzip:     0.23 kB │ map:      0.90 kB
out/renderer/assets/globe-x-D7pHSfBC.js                                  0.28 kB │ gzip:     0.22 kB │ map:      1.02 kB
out/renderer/assets/image-DpmaRG-6.js                                    0.28 kB │ gzip:     0.23 kB │ map:      1.11 kB
out/renderer/assets/pound-sterling-BPYT_Tyq.js                           0.28 kB │ gzip:     0.22 kB │ map:      1.11 kB
out/renderer/assets/circle-ellipsis-CEPiL8GT.js                          0.28 kB │ gzip:     0.21 kB │ map:      1.14 kB
out/renderer/assets/file-BiMmh1sY.js                                     0.28 kB │ gzip:     0.22 kB │ map:      0.98 kB
out/renderer/assets/fishing-rod-Iqbc9Ock.js                              0.28 kB │ gzip:     0.23 kB │ map:      1.05 kB
out/renderer/assets/text-cursor-dt4F0HAk.js                              0.28 kB │ gzip:     0.21 kB │ map:      1.03 kB
out/renderer/assets/chart-bar-decreasing-BUF8Q_QW.js                     0.28 kB │ gzip:     0.22 kB │ map:      1.14 kB
out/renderer/assets/chart-bar-increasing-DzRntQG2.js                     0.28 kB │ gzip:     0.22 kB │ map:      1.14 kB
out/renderer/assets/clipboard-p1ktcvsB.js                                0.28 kB │ gzip:     0.23 kB │ map:      1.06 kB
out/renderer/assets/funnel-0vN7tP2t.js                                   0.28 kB │ gzip:     0.23 kB │ map:      0.91 kB
out/renderer/assets/georgian-lari-DbqW2Gko.js                            0.28 kB │ gzip:     0.22 kB │ map:      1.10 kB
out/renderer/assets/link-C1eEYiSr.js                                     0.28 kB │ gzip:     0.22 kB │ map:      0.93 kB
out/renderer/assets/square-m-LRtZ1tk7.js                                 0.28 kB │ gzip:     0.24 kB │ map:      1.04 kB
out/renderer/assets/square-user-round-RhfrkGXa.js                        0.28 kB │ gzip:     0.24 kB │ map:      1.14 kB
out/renderer/assets/user-minus-j6-UHJ4b.js                               0.28 kB │ gzip:     0.23 kB │ map:      1.09 kB
out/renderer/assets/waves-vertical-C-CV036g.js                           0.28 kB │ gzip:     0.19 kB │ map:      1.05 kB
out/renderer/assets/calendar-BYdU3eNP.js                                 0.28 kB │ gzip:     0.22 kB │ map:      1.13 kB
out/renderer/assets/person-standing-2dVH17TO.js                          0.28 kB │ gzip:     0.23 kB │ map:      1.14 kB
out/renderer/assets/search-x-g0m-igN2.js                                 0.28 kB │ gzip:     0.22 kB │ map:      1.11 kB
out/renderer/assets/bluetooth-connected-C1xrAL4v.js                      0.28 kB │ gzip:     0.23 kB │ map:      1.16 kB
out/renderer/assets/grid-3x2-sFim9vlb.js                                 0.28 kB │ gzip:     0.22 kB │ map:      1.13 kB
out/renderer/assets/heart-C2naZo1b.js                                    0.28 kB │ gzip:     0.24 kB │ map:      0.91 kB
out/renderer/assets/pc-case-C8Iun2h5.js                                  0.28 kB │ gzip:     0.22 kB │ map:      1.13 kB
out/renderer/assets/pyramid-DJgqw-K1.js                                  0.28 kB │ gzip:     0.23 kB │ map:      0.98 kB
out/renderer/assets/rectangle-goggles-B9eo2S4t.js                        0.28 kB │ gzip:     0.23 kB │ map:      0.97 kB
out/renderer/assets/repeat-2-DXS87Jy3.js                                 0.28 kB │ gzip:     0.21 kB │ map:      1.10 kB
out/renderer/assets/waves-horizontal-ChCAdU2e.js                         0.28 kB │ gzip:     0.20 kB │ map:      1.06 kB
out/renderer/assets/zodiac-capricorn-dB-uGIRf.js                         0.28 kB │ gzip:     0.23 kB │ map:      1.09 kB
out/renderer/assets/heading-2-Q8n2c-Wx.js                                0.29 kB │ gzip:     0.22 kB │ map:      1.08 kB
out/renderer/assets/map-pin-gqVhe96T.js                                  0.29 kB │ gzip:     0.24 kB │ map:      1.01 kB
out/renderer/assets/martini-Cvavbz8d.js                                  0.29 kB │ gzip:     0.22 kB │ map:      1.04 kB
out/renderer/assets/music-4-5dpPY4WW.js                                  0.29 kB │ gzip:     0.22 kB │ map:      1.13 kB
out/renderer/assets/refrigerator-CZFIjdf7.js                             0.29 kB │ gzip:     0.22 kB │ map:      1.05 kB
out/renderer/assets/split-BssXzyb6.js                                    0.29 kB │ gzip:     0.22 kB │ map:      1.06 kB
out/renderer/assets/square-arrow-out-up-left-CFkaWUgg.js                 0.29 kB │ gzip:     0.22 kB │ map:      1.09 kB
out/renderer/assets/ticket-check-Bb97pTgA.js                             0.29 kB │ gzip:     0.22 kB │ map:      1.01 kB
out/renderer/assets/ticket-slash-CXxo5TJ2.js                             0.29 kB │ gzip:     0.22 kB │ map:      1.01 kB
out/renderer/assets/align-end-vertical-B7reEJWo.js                       0.29 kB │ gzip:     0.22 kB │ map:      1.18 kB
out/renderer/assets/circle-user-BnJNEjw4.js                              0.29 kB │ gzip:     0.22 kB │ map:      1.09 kB
out/renderer/assets/euro-DoTbegPG.js                                     0.29 kB │ gzip:     0.23 kB │ map:      1.03 kB
out/renderer/assets/map-pin-minus-inside-BUY4Ii0h.js                     0.29 kB │ gzip:     0.24 kB │ map:      1.05 kB
out/renderer/assets/weight-5pODile4.js                                   0.29 kB │ gzip:     0.24 kB │ map:      1.01 kB
out/renderer/assets/align-start-vertical-C478M55y.js                     0.29 kB │ gzip:     0.22 kB │ map:      1.19 kB
out/renderer/assets/bed-single-CVJcVYpw.js                               0.29 kB │ gzip:     0.22 kB │ map:      1.03 kB
out/renderer/assets/handbag-COGEh3vZ.js                                  0.29 kB │ gzip:     0.23 kB │ map:      0.99 kB
out/renderer/assets/pencil-C2fKaBIz.js                                   0.29 kB │ gzip:     0.23 kB │ map:      0.99 kB
out/renderer/assets/rows-4-BFkvRqsI.js                                   0.29 kB │ gzip:     0.22 kB │ map:      1.12 kB
out/renderer/assets/square-arrow-out-up-right-Bxw4nS6s.js                0.29 kB │ gzip:     0.23 kB │ map:      1.10 kB
out/renderer/assets/utensils-Dz4vM4_6.js                                 0.29 kB │ gzip:     0.23 kB │ map:      1.02 kB
out/renderer/assets/align-end-horizontal-BhOts6vN.js                     0.29 kB │ gzip:     0.23 kB │ map:      1.19 kB
out/renderer/assets/chart-column-decreasing-CGO3oAMQ.js                  0.29 kB │ gzip:     0.22 kB │ map:      1.16 kB
out/renderer/assets/chart-column-increasing-DzD9uqON.js                  0.29 kB │ gzip:     0.22 kB │ map:      1.16 kB
out/renderer/assets/ghost-DmhpVVS2.js                                    0.29 kB │ gzip:     0.22 kB │ map:      1.04 kB
out/renderer/assets/lock-keyhole-open-BIOtdXRD.js                        0.29 kB │ gzip:     0.24 kB │ map:      1.15 kB
out/renderer/assets/navigation-off-DHVYKMvr.js                           0.29 kB │ gzip:     0.24 kB │ map:      1.10 kB
out/renderer/assets/square-menu-Bc5rWJ87.js                              0.29 kB │ gzip:     0.22 kB │ map:      1.15 kB
out/renderer/assets/tree-deciduous-LCEnOEiM.js                           0.29 kB │ gzip:     0.24 kB │ map:      1.02 kB
out/renderer/assets/vegan-CK2_I_Yq.js                                    0.29 kB │ gzip:     0.23 kB │ map:      1.01 kB
out/renderer/assets/zap-DGtsmTTP.js                                      0.29 kB │ gzip:     0.23 kB │ map:      0.90 kB
out/renderer/assets/align-start-horizontal-DeCzCnL1.js                   0.29 kB │ gzip:     0.22 kB │ map:      1.20 kB
out/renderer/assets/closed-caption-DNIWEz8b.js                           0.29 kB │ gzip:     0.23 kB │ map:      1.11 kB
out/renderer/assets/navigation-2-off-C0bTqXYh.js                         0.29 kB │ gzip:     0.24 kB │ map:      1.10 kB
out/renderer/assets/square-arrow-out-down-left-B9LdVJbM.js               0.29 kB │ gzip:     0.23 kB │ map:      1.11 kB
out/renderer/assets/square-pause-CmB0hTJ7.js                             0.29 kB │ gzip:     0.22 kB │ map:      1.18 kB
out/renderer/assets/test-tube-diagonal-Bx5TGDt5.js                       0.29 kB │ gzip:     0.23 kB │ map:      1.09 kB
out/renderer/assets/book-open-TrUr8jxQ.js                                0.29 kB │ gzip:     0.21 kB │ map:      1.01 kB
out/renderer/assets/columns-4-UUgjR4AV.js                                0.29 kB │ gzip:     0.22 kB │ map:      1.14 kB
out/renderer/assets/key--uQV6pE3.js                                      0.29 kB │ gzip:     0.24 kB │ map:      1.03 kB
out/renderer/assets/list-checks-02amg4Ut.js                              0.29 kB │ gzip:     0.19 kB │ map:      1.18 kB
out/renderer/assets/tablets-BKqbOLhW.js                                  0.29 kB │ gzip:     0.22 kB │ map:      1.14 kB
out/renderer/assets/barcode-Ct4fwbww.js                                  0.29 kB │ gzip:     0.19 kB │ map:      1.14 kB
out/renderer/assets/case-lower-DH_k46aJ.js                               0.29 kB │ gzip:     0.22 kB │ map:      1.15 kB
out/renderer/assets/leaf-jXX0p9jR.js                                     0.29 kB │ gzip:     0.25 kB │ map:      0.98 kB
out/renderer/assets/user-round-plus-BYHz-4-T.js                          0.29 kB │ gzip:     0.23 kB │ map:      1.15 kB
out/renderer/assets/user-round-x-C0scu7NF.js                             0.29 kB │ gzip:     0.23 kB │ map:      1.13 kB
out/renderer/assets/house-Dmoo5qCL.js                                    0.29 kB │ gzip:     0.22 kB │ map:      1.00 kB
out/renderer/assets/map-pin-check-inside-BZmtLxMc.js                     0.29 kB │ gzip:     0.24 kB │ map:      1.05 kB
out/renderer/assets/radio-receiver-BsDgrZyi.js                           0.29 kB │ gzip:     0.23 kB │ map:      1.17 kB
out/renderer/assets/square-arrow-right-enter-CqnrISiw.js                 0.29 kB │ gzip:     0.22 kB │ map:      1.15 kB
out/renderer/assets/square-dashed-bottom-nPbMoAQB.js                     0.29 kB │ gzip:     0.22 kB │ map:      1.10 kB
out/renderer/assets/tornado-BMX6kUJ2.js                                  0.29 kB │ gzip:     0.21 kB │ map:      1.14 kB
out/renderer/assets/eraser-C-UEiLl9.js                                   0.29 kB │ gzip:     0.23 kB │ map:      1.00 kB
out/renderer/assets/square-arrow-out-down-right-asnHaKot.js              0.29 kB │ gzip:     0.23 kB │ map:      1.12 kB
out/renderer/assets/square-chart-gantt-Dzt_HVVI.js                       0.29 kB │ gzip:     0.23 kB │ map:      1.19 kB
out/renderer/assets/square-library-LQAZOWuI.js                           0.29 kB │ gzip:     0.23 kB │ map:      1.17 kB
out/renderer/assets/table-properties-8ky-XaVQ.js                         0.29 kB │ gzip:     0.23 kB │ map:      1.18 kB
out/renderer/assets/tally-5--79OD4HM.js                                  0.29 kB │ gzip:     0.20 kB │ map:      1.14 kB
out/renderer/assets/app-window-mac-bSED1ksz.js                           0.29 kB │ gzip:     0.22 kB │ map:      1.17 kB
out/renderer/assets/axis-3d-Db-hBvwn.js                                  0.29 kB │ gzip:     0.23 kB │ map:      1.09 kB
out/renderer/assets/badge-DiI5LQD6.js                                    0.29 kB │ gzip:     0.21 kB │ map:      0.92 kB
out/renderer/assets/battery-medium-C2g7YPjn.js                           0.29 kB │ gzip:     0.22 kB │ map:      1.17 kB
out/renderer/assets/between-vertical-end-CNztEORl.js                     0.29 kB │ gzip:     0.22 kB │ map:      1.20 kB
out/renderer/assets/list-plus-BDDQSj0L.js                                0.29 kB │ gzip:     0.21 kB │ map:      1.15 kB
out/renderer/assets/signal-DjZoP9f8.js                                   0.29 kB │ gzip:     0.21 kB │ map:      1.14 kB
out/renderer/assets/table-cells-split-B1OuEyhB.js                        0.29 kB │ gzip:     0.23 kB │ map:      1.19 kB
out/renderer/assets/align-vertical-justify-end-Bg8Bvosi.js               0.30 kB │ gzip:     0.23 kB │ map:      1.22 kB
out/renderer/assets/dice-3-s9FFONy_.js                                   0.30 kB │ gzip:     0.23 kB │ map:      1.15 kB
out/renderer/assets/ice-cream-cone-DXnyes1x.js                           0.30 kB │ gzip:     0.23 kB │ map:      1.06 kB
out/renderer/assets/monitor-check-dWR9WjBb.js                            0.30 kB │ gzip:     0.24 kB │ map:      1.17 kB
out/renderer/assets/scroll-DN3eoH57.js                                   0.30 kB │ gzip:     0.23 kB │ map:      0.99 kB
out/renderer/assets/square-percent-CyimcKUh.js                           0.30 kB │ gzip:     0.23 kB │ map:      1.17 kB
out/renderer/assets/square-user-D3qfj8i_.js                              0.30 kB │ gzip:     0.24 kB │ map:      1.12 kB
out/renderer/assets/timer-reset-dm1OBdRt.js                              0.30 kB │ gzip:     0.23 kB │ map:      1.10 kB
out/renderer/assets/align-vertical-justify-start-CL_86tQl.js             0.30 kB │ gzip:     0.23 kB │ map:      1.24 kB
out/renderer/assets/balloon-DQyOPsal.js                                  0.30 kB │ gzip:     0.22 kB │ map:      1.03 kB
out/renderer/assets/between-vertical-start-4ymYYNwy.js                   0.30 kB │ gzip:     0.23 kB │ map:      1.21 kB
out/renderer/assets/book-text-DotgRDTS.js                                0.30 kB │ gzip:     0.23 kB │ map:      1.06 kB
out/renderer/assets/circle-pound-sterling-zZMhc9yZ.js                    0.30 kB │ gzip:     0.23 kB │ map:      1.18 kB
out/renderer/assets/folder-minus-Djvn9lpS.js                             0.30 kB │ gzip:     0.23 kB │ map:      1.02 kB
out/renderer/assets/rotate-cw-square-qNyESBt9.js                         0.30 kB │ gzip:     0.23 kB │ map:      1.07 kB
out/renderer/assets/signpost-big-DRnsnBTT.js                             0.30 kB │ gzip:     0.23 kB │ map:      1.11 kB
out/renderer/assets/align-horizontal-justify-end-BYeNAxhj.js             0.30 kB │ gzip:     0.23 kB │ map:      1.24 kB
out/renderer/assets/between-horizontal-end-B_eYZfhY.js                   0.30 kB │ gzip:     0.23 kB │ map:      1.21 kB
out/renderer/assets/between-horizontal-start-i5gIvxXM.js                 0.30 kB │ gzip:     0.23 kB │ map:      1.22 kB
out/renderer/assets/book-plus-C9b0PL4E.js                                0.30 kB │ gzip:     0.23 kB │ map:      1.06 kB
out/renderer/assets/chart-bar-big-BvEhM04E.js                            0.30 kB │ gzip:     0.23 kB │ map:      1.16 kB
out/renderer/assets/inbox-Cp0zn8YL.js                                    0.30 kB │ gzip:     0.23 kB │ map:      1.00 kB
out/renderer/assets/lightbulb-A3uY4IK2.js                                0.30 kB │ gzip:     0.23 kB │ map:      1.08 kB
out/renderer/assets/plug-C7fdO4aU.js                                     0.30 kB │ gzip:     0.21 kB │ map:      1.10 kB
out/renderer/assets/align-horizontal-justify-start-1AWK-Uhl.js           0.30 kB │ gzip:     0.23 kB │ map:      1.25 kB
out/renderer/assets/align-vertical-justify-center-CA2F_QPK.js            0.30 kB │ gzip:     0.23 kB │ map:      1.24 kB
out/renderer/assets/folder-closed-C8AqH7Tm.js                            0.30 kB │ gzip:     0.23 kB │ map:      1.03 kB
out/renderer/assets/list-filter-plus-BTeTEMLk.js                         0.30 kB │ gzip:     0.22 kB │ map:      1.19 kB
out/renderer/assets/repeat-ChIXKTzA.js                                   0.30 kB │ gzip:     0.22 kB │ map:      1.09 kB
out/renderer/assets/rotate-ccw-square-_XS1skNK.js                        0.30 kB │ gzip:     0.23 kB │ map:      1.08 kB
out/renderer/assets/search-code-BNeBh22n.js                              0.30 kB │ gzip:     0.24 kB │ map:      1.14 kB
out/renderer/assets/shield-DwmI9hfm.js                                   0.30 kB │ gzip:     0.24 kB │ map:      0.93 kB
out/renderer/assets/square-asterisk-wqaZXiIo.js                          0.30 kB │ gzip:     0.23 kB │ map:      1.18 kB
out/renderer/assets/square-play-DxCjrnJ1.js                              0.30 kB │ gzip:     0.24 kB │ map:      1.07 kB
out/renderer/assets/bookmark-minus-NUngK_3Q.js                           0.30 kB │ gzip:     0.24 kB │ map:      1.03 kB
out/renderer/assets/chart-column-big-CGhMCryK.js                         0.30 kB │ gzip:     0.23 kB │ map:      1.18 kB
out/renderer/assets/chart-pie-Bwsrce_O.js                                0.30 kB │ gzip:     0.24 kB │ map:      1.01 kB
out/renderer/assets/clock-plus-DCKSQdJG.js                               0.30 kB │ gzip:     0.23 kB │ map:      1.10 kB
out/renderer/assets/git-branch-minus-m8Xw7diy.js                         0.30 kB │ gzip:     0.23 kB │ map:      1.19 kB
out/renderer/assets/speaker-DrLLriMF.js                                  0.30 kB │ gzip:     0.23 kB │ map:      1.17 kB
out/renderer/assets/align-horizontal-justify-center-DZOZZtz_.js          0.30 kB │ gzip:     0.23 kB │ map:      1.26 kB
out/renderer/assets/award-dMbuAn8d.js                                    0.30 kB │ gzip:     0.24 kB │ map:      1.02 kB
out/renderer/assets/message-circle-check-kRxeDiNE.js                     0.30 kB │ gzip:     0.24 kB │ map:      1.08 kB
out/renderer/assets/path-gdGGp6lL.js                                     0.30 kB │ gzip:     0.22 kB │ map:      1.03 kB
out/renderer/assets/square-function-VlRHWiFi.js                          0.30 kB │ gzip:     0.24 kB │ map:      1.14 kB
out/renderer/assets/square-pi-CXWxi8zR.js                                0.30 kB │ gzip:     0.23 kB │ map:      1.15 kB
out/renderer/assets/umbrella-DOdjXgnc.js                                 0.30 kB │ gzip:     0.23 kB │ map:      1.07 kB
out/renderer/assets/book-alert-DHHBC-Ig.js                               0.30 kB │ gzip:     0.23 kB │ map:      1.07 kB
out/renderer/assets/book-x-BhKNM_h9.js                                   0.30 kB │ gzip:     0.23 kB │ map:      1.05 kB
out/renderer/assets/list-x-DbOMpox3.js                                   0.30 kB │ gzip:     0.21 kB │ map:      1.15 kB
out/renderer/assets/message-square-dot-CRN8v2hi.js                       0.30 kB │ gzip:     0.25 kB │ map:      1.08 kB
out/renderer/assets/rectangle-ellipsis-B3eENHlq.js                       0.30 kB │ gzip:     0.22 kB │ map:      1.20 kB
out/renderer/assets/send-DyfPPg0L.js                                     0.30 kB │ gzip:     0.24 kB │ map:      1.00 kB
out/renderer/assets/book-up-D16Y_i5H.js                                  0.30 kB │ gzip:     0.24 kB │ map:      1.06 kB
out/renderer/assets/folder-check-CpDhQHdf.js                             0.30 kB │ gzip:     0.23 kB │ map:      1.03 kB
out/renderer/assets/bolt-CfrhveQ9.js                                     0.30 kB │ gzip:     0.23 kB │ map:      1.01 kB
out/renderer/assets/clock-arrow-down-CnO2m_K5.js                         0.30 kB │ gzip:     0.23 kB │ map:      1.14 kB
out/renderer/assets/folder-open-BImMBN1d.js                              0.30 kB │ gzip:     0.23 kB │ map:      0.97 kB
out/renderer/assets/pen-line-BubXRNWl.js                                 0.30 kB │ gzip:     0.24 kB │ map:      1.00 kB
out/renderer/assets/a-arrow-up-ChQa_kwH.js                               0.30 kB │ gzip:     0.24 kB │ map:      1.11 kB
out/renderer/assets/astroid-BjCDcwKI.js                                  0.30 kB │ gzip:     0.20 kB │ map:      0.95 kB
out/renderer/assets/bomb-n75oaMho.js                                     0.30 kB │ gzip:     0.24 kB │ map:      1.08 kB
out/renderer/assets/book-a-Bw047PMP.js                                   0.30 kB │ gzip:     0.24 kB │ map:      1.06 kB
out/renderer/assets/book-down-BOhSaVOl.js                                0.30 kB │ gzip:     0.24 kB │ map:      1.07 kB
out/renderer/assets/bookmark-check-p7EOSXhV.js                           0.30 kB │ gzip:     0.24 kB │ map:      1.04 kB
out/renderer/assets/mail-minus-ClaSZzDF.js                               0.30 kB │ gzip:     0.24 kB │ map:      1.05 kB
out/renderer/assets/maximize-CCb6tmJR.js                                 0.30 kB │ gzip:     0.21 kB │ map:      1.12 kB
out/renderer/assets/scale-3d-Cp2qluBp.js                                 0.30 kB │ gzip:     0.23 kB │ map:      1.15 kB
out/renderer/assets/volume-Bz2W_Sng.js                                   0.30 kB │ gzip:     0.24 kB │ map:      0.93 kB
out/renderer/assets/zodiac-gemini-CTl8lYeN.js                            0.30 kB │ gzip:     0.22 kB │ map:      1.13 kB
out/renderer/assets/braces-DVQlzqJZ.js                                   0.31 kB │ gzip:     0.23 kB │ map:      1.01 kB
out/renderer/assets/decimals-arrow-left-NA-ZPuYj.js                      0.31 kB │ gzip:     0.24 kB │ map:      1.21 kB
out/renderer/assets/lamp-floor-rqWIseoQ.js                               0.31 kB │ gzip:     0.24 kB │ map:      1.08 kB
out/renderer/assets/math-PNs78Z0i.js                                     0.31 kB │ gzip:     0.20 kB │ map:      1.01 kB
out/renderer/assets/message-square-check-BS8xbZLT.js                     0.31 kB │ gzip:     0.24 kB │ map:      1.07 kB
out/renderer/assets/power-off-DzGx6xka.js                                0.31 kB │ gzip:     0.24 kB │ map:      1.10 kB
out/renderer/assets/user-search-DJ9Bb3Ob.js                              0.31 kB │ gzip:     0.24 kB │ map:      1.17 kB
out/renderer/assets/a-arrow-down-gDJ_Wk9f.js                             0.31 kB │ gzip:     0.24 kB │ map:      1.12 kB
out/renderer/assets/cloud-rain-BZ93VEZ4.js                               0.31 kB │ gzip:     0.23 kB │ map:      1.11 kB
out/renderer/assets/list-music-BrwCHwVS.js                               0.31 kB │ gzip:     0.23 kB │ map:      1.20 kB
out/renderer/assets/sticky-note-D2-soTKD.js                              0.31 kB │ gzip:     0.23 kB │ map:      1.02 kB
out/renderer/assets/wifi-CTXBURYp.js                                     0.31 kB │ gzip:     0.23 kB │ map:      1.08 kB
out/renderer/assets/clock-arrow-up-GqcfSgyC.js                           0.31 kB │ gzip:     0.24 kB │ map:      1.13 kB
out/renderer/assets/grid-2x2-plus-C-EJqCOl.js                            0.31 kB │ gzip:     0.23 kB │ map:      1.09 kB
out/renderer/assets/grid-2x2-x-DZIDAATL.js                               0.31 kB │ gzip:     0.23 kB │ map:      1.08 kB
out/renderer/assets/hash-D2xBwM_d.js                                     0.31 kB │ gzip:     0.20 kB │ map:      1.26 kB
out/renderer/assets/list-tree-DCUbP2cf.js                                0.31 kB │ gzip:     0.21 kB │ map:      1.18 kB
out/renderer/assets/rewind-BoE3hs7p.js                                   0.31 kB │ gzip:     0.21 kB │ map:      1.00 kB
out/renderer/assets/wind-arrow-down-DBCVoJpG.js                          0.31 kB │ gzip:     0.23 kB │ map:      1.14 kB
out/renderer/assets/drumstick-CDXErM9H.js                                0.31 kB │ gzip:     0.25 kB │ map:      1.03 kB
out/renderer/assets/form-MatToS5l.js                                     0.31 kB │ gzip:     0.22 kB │ map:      1.19 kB
out/renderer/assets/plug-2-DM3VifnM.js                                   0.31 kB │ gzip:     0.23 kB │ map:      1.15 kB
out/renderer/assets/square-split-vertical-DDwdEQ0T.js                    0.31 kB │ gzip:     0.25 kB │ map:      1.15 kB
out/renderer/assets/tablet-smartphone-BMR6x34B.js                        0.31 kB │ gzip:     0.25 kB │ map:      1.14 kB
out/renderer/assets/archive-x-BQt-ptij.js                                0.31 kB │ gzip:     0.23 kB │ map:      1.18 kB
out/renderer/assets/arrow-big-down-D3wLJ0pC.js                           0.31 kB │ gzip:     0.23 kB │ map:      0.98 kB
out/renderer/assets/arrow-big-up-gDoD7xTW.js                             0.31 kB │ gzip:     0.23 kB │ map:      0.97 kB
out/renderer/assets/folder-bookmark-CxHZrRmu.js                          0.31 kB │ gzip:     0.24 kB │ map:      1.05 kB
out/renderer/assets/folder-symlink-C04w9apU.js                           0.31 kB │ gzip:     0.23 kB │ map:      1.06 kB
out/renderer/assets/heading-4-CGYbA869.js                                0.31 kB │ gzip:     0.22 kB │ map:      1.17 kB
out/renderer/assets/wine-B36kR8vR.js                                     0.31 kB │ gzip:     0.23 kB │ map:      1.10 kB
out/renderer/assets/arrow-up-narrow-wide-D1jOJ5j0.js                     0.31 kB │ gzip:     0.22 kB │ map:      1.22 kB
out/renderer/assets/arrow-up-wide-narrow-DWSyeRrS.js                     0.31 kB │ gzip:     0.22 kB │ map:      1.22 kB
out/renderer/assets/folder-dot-CvKs-o4c.js                               0.31 kB │ gzip:     0.25 kB │ map:      1.05 kB
out/renderer/assets/mail-check-C9uOnr3Q.js                               0.31 kB │ gzip:     0.24 kB │ map:      1.05 kB
out/renderer/assets/square-split-horizontal-DtkmBOEW.js                  0.31 kB │ gzip:     0.26 kB │ map:      1.16 kB
out/renderer/assets/arrow-down-narrow-wide-Dk8Uqe0C.js                   0.31 kB │ gzip:     0.22 kB │ map:      1.23 kB
out/renderer/assets/arrow-down-wide-narrow-CQXzo_Dv.js                   0.31 kB │ gzip:     0.22 kB │ map:      1.23 kB
out/renderer/assets/coins-CoLUKc3N.js                                    0.31 kB │ gzip:     0.24 kB │ map:      1.12 kB
out/renderer/assets/copy-check-BPGFhFKH.js                               0.31 kB │ gzip:     0.25 kB │ map:      1.12 kB
out/renderer/assets/diamond-minus-DfhtI1Vi.js                            0.31 kB │ gzip:     0.23 kB │ map:      1.04 kB
out/renderer/assets/fast-forward-CDbUiNJh.js                             0.31 kB │ gzip:     0.21 kB │ map:      1.03 kB
out/renderer/assets/git-compare-C6xOr3nV.js                              0.31 kB │ gzip:     0.23 kB │ map:      1.18 kB
out/renderer/assets/glass-water-R35H6qV0.js                              0.31 kB │ gzip:     0.24 kB │ map:      1.03 kB
out/renderer/assets/ligature-D1UA2vuJ.js                                 0.31 kB │ gzip:     0.22 kB │ map:      1.17 kB
out/renderer/assets/list-collapse-DC0KGGf7.js                            0.31 kB │ gzip:     0.21 kB │ map:      1.19 kB
out/renderer/assets/list-todo-Bpi9AiLP.js                                0.31 kB │ gzip:     0.23 kB │ map:      1.24 kB
out/renderer/assets/remove-formatting-CWrQ9Iag.js                        0.31 kB │ gzip:     0.23 kB │ map:      1.21 kB
out/renderer/assets/satellite-dish-CLAxPLb-.js                           0.31 kB │ gzip:     0.23 kB │ map:      1.14 kB
out/renderer/assets/send-horizontal-DTL3s89D.js                          0.31 kB │ gzip:     0.24 kB │ map:      1.05 kB
out/renderer/assets/layout-template-BYAWwQ0t.js                          0.31 kB │ gzip:     0.21 kB │ map:      1.25 kB
out/renderer/assets/rotate-3d-C477GYuA.js                                0.31 kB │ gzip:     0.24 kB │ map:      1.05 kB
out/renderer/assets/scaling-VYZy2XHy.js                                  0.31 kB │ gzip:     0.23 kB │ map:      1.10 kB
out/renderer/assets/shirt-DRlnxfXl.js                                    0.31 kB │ gzip:     0.25 kB │ map:      0.94 kB
out/renderer/assets/user-round-search-CrvIfimz.js                        0.31 kB │ gzip:     0.24 kB │ map:      1.21 kB
out/renderer/assets/wallet-Db5MY2Ql.js                                   0.31 kB │ gzip:     0.23 kB │ map:      1.01 kB
out/renderer/assets/arrows-up-from-line-cJQ-otRg.js                      0.31 kB │ gzip:     0.22 kB │ map:      1.22 kB
out/renderer/assets/computer-Yb-4buEd.js                                 0.31 kB │ gzip:     0.23 kB │ map:      1.22 kB
out/renderer/assets/fishing-hook-DrlPf2gm.js                             0.31 kB │ gzip:     0.26 kB │ map:      1.13 kB
out/renderer/assets/flask-conical-Cb5YQubt.js                            0.31 kB │ gzip:     0.24 kB │ map:      1.12 kB
out/renderer/assets/layout-panel-left-DhQzbH-m.js                        0.31 kB │ gzip:     0.21 kB │ map:      1.26 kB
out/renderer/assets/layout-panel-top-B4Je6xAR.js                         0.31 kB │ gzip:     0.21 kB │ map:      1.25 kB
out/renderer/assets/list-Bn9h5INT.js                                     0.31 kB │ gzip:     0.19 kB │ map:      1.22 kB
out/renderer/assets/text-search-DKNpIlpm.js                              0.31 kB │ gzip:     0.23 kB │ map:      1.21 kB
out/renderer/assets/thumbs-up-jOL_6sI3.js                                0.31 kB │ gzip:     0.24 kB │ map:      1.03 kB
out/renderer/assets/towel-rack-DwHxYFOH.js                               0.31 kB │ gzip:     0.24 kB │ map:      1.09 kB
out/renderer/assets/toy-brick-DH3XgRRx.js                                0.31 kB │ gzip:     0.24 kB │ map:      1.11 kB
out/renderer/assets/zoom-in-CCqdBsZS.js                                  0.31 kB │ gzip:     0.22 kB │ map:      1.27 kB
out/renderer/assets/bike-BFhSHhe9.js                                     0.31 kB │ gzip:     0.23 kB │ map:      1.17 kB
out/renderer/assets/disc-3-5Uxp_P_d.js                                   0.31 kB │ gzip:     0.23 kB │ map:      1.15 kB
out/renderer/assets/list-chevrons-down-up-YrLbg4J5.js                    0.31 kB │ gzip:     0.22 kB │ map:      1.23 kB
out/renderer/assets/list-chevrons-up-down-CM2hFX9G.js                    0.31 kB │ gzip:     0.22 kB │ map:      1.23 kB
out/renderer/assets/shrub-CedQM_5v.js                                    0.31 kB │ gzip:     0.25 kB │ map:      1.04 kB
out/renderer/assets/tangent-D6tvu6WB.js                                  0.31 kB │ gzip:     0.24 kB │ map:      1.16 kB
out/renderer/assets/thumbs-down-BppRDXe1.js                              0.31 kB │ gzip:     0.24 kB │ map:      1.04 kB
out/renderer/assets/ticket-plus-CtWCi89u.js                              0.31 kB │ gzip:     0.23 kB │ map:      1.09 kB
out/renderer/assets/wrench-SepTy8ea.js                                   0.31 kB │ gzip:     0.24 kB │ map:      0.96 kB
out/renderer/assets/clipboard-check-CKiLUusX.js                          0.32 kB │ gzip:     0.24 kB │ map:      1.20 kB
out/renderer/assets/git-pull-request-DDDh9ptI.js                         0.32 kB │ gzip:     0.24 kB │ map:      1.25 kB
out/renderer/assets/list-end-MOoM6njK.js                                 0.32 kB │ gzip:     0.23 kB │ map:      1.17 kB
out/renderer/assets/mail-open-C-_pyN2W.js                                0.32 kB │ gzip:     0.24 kB │ map:      1.02 kB
out/renderer/assets/pill-bottle-D7J5w8By.js                              0.32 kB │ gzip:     0.25 kB │ map:      1.12 kB
out/renderer/assets/scan-BtRH9-Hv.js                                     0.32 kB │ gzip:     0.22 kB │ map:      1.10 kB
out/renderer/assets/square-pilcrow-CFSD83Ra.js                           0.32 kB │ gzip:     0.24 kB │ map:      1.20 kB
out/renderer/assets/arrow-big-right-C3Imtmjj.js                          0.32 kB │ gzip:     0.24 kB │ map:      0.99 kB
out/renderer/assets/bell-0D5G9r49.js                                     0.32 kB │ gzip:     0.25 kB │ map:      1.00 kB
out/renderer/assets/list-start-DQX-LGq-.js                               0.32 kB │ gzip:     0.23 kB │ map:      1.18 kB
out/renderer/assets/monitor-stop-Nrw8CWpD.js                             0.32 kB │ gzip:     0.24 kB │ map:      1.24 kB
out/renderer/assets/square-arrow-right-exit-bLQlrwQM.js                  0.32 kB │ gzip:     0.24 kB │ map:      1.15 kB
out/renderer/assets/arrow-big-left-BgnJ-bk4.js                           0.32 kB │ gzip:     0.24 kB │ map:      0.99 kB
out/renderer/assets/egg-off-BnzMgLXb.js                                  0.32 kB │ gzip:     0.25 kB │ map:      1.04 kB
out/renderer/assets/folder-plus-DP7M064B.js                              0.32 kB │ gzip:     0.23 kB │ map:      1.11 kB
out/renderer/assets/heading-6-BzgcDXMK.js                                0.32 kB │ gzip:     0.23 kB │ map:      1.20 kB
out/renderer/assets/indian-rupee-U2hf4iXp.js                             0.32 kB │ gzip:     0.23 kB │ map:      1.19 kB
out/renderer/assets/radius-Bk5qD6e0.js                                   0.32 kB │ gzip:     0.24 kB │ map:      1.16 kB
out/renderer/assets/users-BHUsEl_9.js                                    0.32 kB │ gzip:     0.23 kB │ map:      1.14 kB
out/renderer/assets/case-sensitive-CD6ehlQ3.js                           0.32 kB │ gzip:     0.26 kB │ map:      1.17 kB
out/renderer/assets/cloud-rain-wind-DZ0OnUui.js                          0.32 kB │ gzip:     0.24 kB │ map:      1.15 kB
out/renderer/assets/shopping-cart-Ca_Ya3Vu.js                            0.32 kB │ gzip:     0.25 kB │ map:      1.16 kB
out/renderer/assets/variable-D1uViJYt.js                                 0.32 kB │ gzip:     0.23 kB │ map:      1.20 kB
out/renderer/assets/venus-and-mars-B6fuk1UB.js                           0.32 kB │ gzip:     0.24 kB │ map:      1.23 kB
out/renderer/assets/minimize-YTs915bF.js                                 0.32 kB │ gzip:     0.23 kB │ map:      1.12 kB
out/renderer/assets/pilcrow-left-BFRDQfx5.js                             0.32 kB │ gzip:     0.23 kB │ map:      1.20 kB
out/renderer/assets/smile-DYq7AtXh.js                                    0.32 kB │ gzip:     0.23 kB │ map:      1.21 kB
out/renderer/assets/turntable-DbPyoEna.js                                0.32 kB │ gzip:     0.25 kB │ map:      1.20 kB
out/renderer/assets/link-2-off-DQeOrWVG.js                               0.32 kB │ gzip:     0.24 kB │ map:      1.21 kB
out/renderer/assets/meh-st0esE1K.js                                      0.32 kB │ gzip:     0.22 kB │ map:      1.24 kB
out/renderer/assets/mirror-round-Bl4JxWkY.js                             0.32 kB │ gzip:     0.24 kB │ map:      1.23 kB
out/renderer/assets/moon-star-BtfR5NgB.js                                0.32 kB │ gzip:     0.25 kB │ map:      1.09 kB
out/renderer/assets/pilcrow-right-DdFmjKO9.js                            0.32 kB │ gzip:     0.23 kB │ map:      1.20 kB
out/renderer/assets/book-user-CrMIn3UU.js                                0.32 kB │ gzip:     0.25 kB │ map:      1.12 kB
out/renderer/assets/frown-jLPq3O_s.js                                    0.32 kB │ gzip:     0.24 kB │ map:      1.21 kB
out/renderer/assets/grid-3x3-CA8m3erJ.js                                 0.32 kB │ gzip:     0.23 kB │ map:      1.23 kB
out/renderer/assets/map-pin-plus-inside-CztlB4Fn.js                      0.32 kB │ gzip:     0.25 kB │ map:      1.14 kB
out/renderer/assets/frame-D-76zJOl.js                                    0.32 kB │ gzip:     0.21 kB │ map:      1.27 kB
out/renderer/assets/ticket-x-D9PjDrfs.js                                 0.32 kB │ gzip:     0.23 kB │ map:      1.09 kB
out/renderer/assets/bed-double-DRyg8yhC.js                               0.32 kB │ gzip:     0.23 kB │ map:      1.13 kB
out/renderer/assets/egg-fried-CbtS3jL3.js                                0.32 kB │ gzip:     0.26 kB │ map:      1.06 kB
out/renderer/assets/monitor-cloud-CXmx6Tzp.js                            0.32 kB │ gzip:     0.25 kB │ map:      1.20 kB
out/renderer/assets/calendar-1-C1wj1Dkd.js                               0.32 kB │ gzip:     0.23 kB │ map:      1.24 kB
out/renderer/assets/clipboard-minus-B4wgMkgV.js                          0.32 kB │ gzip:     0.25 kB │ map:      1.19 kB
out/renderer/assets/copy-minus-BbOCnOVc.js                               0.32 kB │ gzip:     0.26 kB │ map:      1.18 kB
out/renderer/assets/copy-slash-6hjUdM18.js                               0.32 kB │ gzip:     0.26 kB │ map:      1.18 kB
out/renderer/assets/headset-Jl-5Vv3O.js                                  0.32 kB │ gzip:     0.23 kB │ map:      1.02 kB
out/renderer/assets/rocking-chair-B0LdTgJy.js                            0.32 kB │ gzip:     0.24 kB │ map:      1.15 kB
out/renderer/assets/feather-DzX0LPyO.js                                  0.33 kB │ gzip:     0.25 kB │ map:      1.08 kB
out/renderer/assets/panel-top-dashed-mcHgc6ps.js                         0.33 kB │ gzip:     0.24 kB │ map:      1.27 kB
out/renderer/assets/spade-CY9NOYIp.js                                    0.33 kB │ gzip:     0.26 kB │ map:      1.01 kB
out/renderer/assets/bone-unRIf7QP.js                                     0.33 kB │ gzip:     0.24 kB │ map:      0.95 kB
out/renderer/assets/cloud-off-BhMxwMgO.js                                0.33 kB │ gzip:     0.25 kB │ map:      1.06 kB
out/renderer/assets/flame-kindling-BFcA89Vu.js                           0.33 kB │ gzip:     0.26 kB │ map:      1.12 kB
out/renderer/assets/monitor-dot-DT-dyWPI.js                              0.33 kB │ gzip:     0.25 kB │ map:      1.18 kB
out/renderer/assets/panel-left-dashed-zDCEWYr8.js                        0.33 kB │ gzip:     0.23 kB │ map:      1.28 kB
out/renderer/assets/battery-full-C5YRWm55.js                             0.33 kB │ gzip:     0.23 kB │ map:      1.26 kB
out/renderer/assets/bean-C_btpehQ.js                                     0.33 kB │ gzip:     0.26 kB │ map:      1.01 kB
out/renderer/assets/monitor-pause-DPeRhwAA.js                            0.33 kB │ gzip:     0.24 kB │ map:      1.26 kB
out/renderer/assets/video-off-C-E43nLc.js                                0.33 kB │ gzip:     0.25 kB │ map:      1.08 kB
out/renderer/assets/calendar-minus-2-CtcK8e1V.js                         0.33 kB │ gzip:     0.24 kB │ map:      1.28 kB
out/renderer/assets/chevrons-left-right-ellipsis-C7pOqFi3.js             0.33 kB │ gzip:     0.23 kB │ map:      1.28 kB
out/renderer/assets/circle-divide-C0121P40.js                            0.33 kB │ gzip:     0.22 kB │ map:      1.30 kB
out/renderer/assets/line-style-DNUpdpO5.js                               0.33 kB │ gzip:     0.22 kB │ map:      1.25 kB
out/renderer/assets/message-square-share-Bu8MWtiH.js                     0.33 kB │ gzip:     0.25 kB │ map:      1.15 kB
out/renderer/assets/subscript-C6OCKost.js                                0.33 kB │ gzip:     0.26 kB │ map:      1.10 kB
out/renderer/assets/bookmark-off-D1TVQkf-.js                             0.33 kB │ gzip:     0.26 kB │ map:      1.11 kB
out/renderer/assets/bubbles-A2t3BV35.js                                  0.33 kB │ gzip:     0.24 kB │ map:      1.20 kB
out/renderer/assets/delete-B1apYRh7.js                                   0.33 kB │ gzip:     0.24 kB │ map:      1.08 kB
out/renderer/assets/git-merge-conflict-B2n75R1s.js                       0.33 kB │ gzip:     0.24 kB │ map:      1.26 kB
out/renderer/assets/map-pin-x-inside-f8avf705.js                         0.33 kB │ gzip:     0.25 kB │ map:      1.13 kB
out/renderer/assets/message-circle-plus-TLzvZOh8.js                      0.33 kB │ gzip:     0.25 kB │ map:      1.16 kB
out/renderer/assets/monitor-up-BvgDWa8T.js                               0.33 kB │ gzip:     0.25 kB │ map:      1.25 kB
out/renderer/assets/parasol-Cx_lPN5y.js                                  0.33 kB │ gzip:     0.26 kB │ map:      1.09 kB
out/renderer/assets/coffee-Blr2LUCB.js                                   0.33 kB │ gzip:     0.23 kB │ map:      1.15 kB
out/renderer/assets/lamp-ceiling-g5z8vysi.js                             0.33 kB │ gzip:     0.25 kB │ map:      1.12 kB
out/renderer/assets/laptop-B6LWn-_A.js                                   0.33 kB │ gzip:     0.25 kB │ map:      1.02 kB
out/renderer/assets/mails-BsDh8ViK.js                                    0.33 kB │ gzip:     0.26 kB │ map:      1.11 kB
out/renderer/assets/paint-roller-DvSz5gpH.js                             0.33 kB │ gzip:     0.25 kB │ map:      1.19 kB
out/renderer/assets/shrink-DqPVAQ8B.js                                   0.33 kB │ gzip:     0.24 kB │ map:      1.12 kB
out/renderer/assets/zodiac-cancer-CAkz8PkY.js                            0.33 kB │ gzip:     0.24 kB │ map:      1.21 kB
out/renderer/assets/ampersands-0wBi2DZ_.js                               0.33 kB │ gzip:     0.22 kB │ map:      1.08 kB
out/renderer/assets/arrow-up-a-z-Cs4FHsZE.js                             0.33 kB │ gzip:     0.24 kB │ map:      1.21 kB
out/renderer/assets/audio-lines-DSRJafda.js                              0.33 kB │ gzip:     0.22 kB │ map:      1.26 kB
out/renderer/assets/calendar-check-BYUavPFS.js                           0.33 kB │ gzip:     0.24 kB │ map:      1.27 kB
out/renderer/assets/gallery-thumbnails-CrfT2a3Q.js                       0.33 kB │ gzip:     0.24 kB │ map:      1.29 kB
out/renderer/assets/mouse-off-lpRWYUG8.js                                0.33 kB │ gzip:     0.24 kB │ map:      1.13 kB
out/renderer/assets/panel-right-dashed-BPyVcNya.js                       0.33 kB │ gzip:     0.24 kB │ map:      1.29 kB
out/renderer/assets/shield-check-BI6lQCw8.js                             0.33 kB │ gzip:     0.25 kB │ map:      1.07 kB
out/renderer/assets/table-cells-merge-_nQTuaYf.js                        0.33 kB │ gzip:     0.24 kB │ map:      1.29 kB
out/renderer/assets/arrow-up-z-a-BMKyUkFg.js                             0.33 kB │ gzip:     0.24 kB │ map:      1.21 kB
out/renderer/assets/case-upper-BMF2O9G6.js                               0.33 kB │ gzip:     0.25 kB │ map:      1.11 kB
out/renderer/assets/dice-4-Cez32x9W.js                                   0.33 kB │ gzip:     0.23 kB │ map:      1.24 kB
out/renderer/assets/joystick-Du0Eef7x.js                                 0.33 kB │ gzip:     0.25 kB │ map:      1.19 kB
out/renderer/assets/monitor-down-BtMOahfM.js                             0.33 kB │ gzip:     0.25 kB │ map:      1.26 kB
out/renderer/assets/mouse-pointer-DQV2Pmk4.js                            0.33 kB │ gzip:     0.26 kB │ map:      1.06 kB
out/renderer/assets/panel-bottom-dashed-Cvo08Ad3.js                      0.33 kB │ gzip:     0.24 kB │ map:      1.30 kB
out/renderer/assets/plane-CkcRijTW.js                                    0.33 kB │ gzip:     0.27 kB │ map:      0.96 kB
out/renderer/assets/refresh-ccw-38na9yLy.js                              0.33 kB │ gzip:     0.23 kB │ map:      1.16 kB
out/renderer/assets/refresh-cw-u1NskAw3.js                               0.33 kB │ gzip:     0.23 kB │ map:      1.15 kB
out/renderer/assets/user-x-hPF3PuWS.js                                   0.33 kB │ gzip:     0.25 kB │ map:      1.23 kB
out/renderer/assets/align-vertical-space-between-D3whyCgY.js             0.33 kB │ gzip:     0.24 kB │ map:      1.33 kB
out/renderer/assets/arrow-up-0-1-CfSyw0IY.js                             0.33 kB │ gzip:     0.25 kB │ map:      1.26 kB
out/renderer/assets/arrow-up-1-0-C4HGSJYK.js                             0.33 kB │ gzip:     0.25 kB │ map:      1.26 kB
out/renderer/assets/book-audio-X-7GrxHJ.js                               0.33 kB │ gzip:     0.24 kB │ map:      1.17 kB
out/renderer/assets/git-pull-request-create-C5uj0Ylq.js                  0.33 kB │ gzip:     0.25 kB │ map:      1.29 kB
out/renderer/assets/arrow-down-a-z-ir65BX5u.js                           0.33 kB │ gzip:     0.24 kB │ map:      1.22 kB
out/renderer/assets/bookmark-plus-Clzfwqn0.js                            0.33 kB │ gzip:     0.25 kB │ map:      1.12 kB
out/renderer/assets/chef-hat-Qf01zIT_.js                                 0.33 kB │ gzip:     0.26 kB │ map:      1.03 kB
out/renderer/assets/cross-DGTtqW2R.js                                    0.33 kB │ gzip:     0.22 kB │ map:      0.96 kB
out/renderer/assets/laugh-CJP9OIo4.js                                    0.33 kB │ gzip:     0.25 kB │ map:      1.23 kB
out/renderer/assets/monitor-x-DZSbdhlO.js                                0.33 kB │ gzip:     0.25 kB │ map:      1.25 kB
out/renderer/assets/user-lock-Bo0UiWHd.js                                0.33 kB │ gzip:     0.26 kB │ map:      1.22 kB
out/renderer/assets/align-horizontal-space-between-BhgA3ymj.js           0.34 kB │ gzip:     0.24 kB │ map:      1.35 kB
out/renderer/assets/align-vertical-distribute-end-BSVFDUHB.js            0.34 kB │ gzip:     0.24 kB │ map:      1.34 kB
out/renderer/assets/arrow-down-z-a-Dcjrp6SO.js                           0.34 kB │ gzip:     0.24 kB │ map:      1.22 kB
out/renderer/assets/brush-UGC5eFJN.js                                    0.34 kB │ gzip:     0.26 kB │ map:      1.07 kB
out/renderer/assets/folder-clock-hxGqlOq1.js                             0.34 kB │ gzip:     0.25 kB │ map:      1.15 kB
out/renderer/assets/inspection-panel-BH1pK2Br.js                         0.34 kB │ gzip:     0.23 kB │ map:      1.29 kB
out/renderer/assets/sprout-Bz6nW42V.js                                   0.34 kB │ gzip:     0.24 kB │ map:      1.09 kB
out/renderer/assets/text-initial-ltKh31sa.js                             0.34 kB │ gzip:     0.24 kB │ map:      1.21 kB
out/renderer/assets/tree-pine-B9xjlyMX.js                                0.34 kB │ gzip:     0.24 kB │ map:      1.04 kB
out/renderer/assets/align-vertical-distribute-start-WzaEPJWh.js          0.34 kB │ gzip:     0.24 kB │ map:      1.36 kB
out/renderer/assets/arrow-down-0-1-7yEXpTLi.js                           0.34 kB │ gzip:     0.25 kB │ map:      1.28 kB
out/renderer/assets/arrow-down-1-0-IiVrOmgc.js                           0.34 kB │ gzip:     0.25 kB │ map:      1.27 kB
out/renderer/assets/box-CtHpLP3y.js                                      0.34 kB │ gzip:     0.24 kB │ map:      1.08 kB
out/renderer/assets/briefcase-business-P3Tnce1L.js                       0.34 kB │ gzip:     0.25 kB │ map:      1.25 kB
out/renderer/assets/concierge-bell-C3I4NoWl.js                           0.34 kB │ gzip:     0.24 kB │ map:      1.18 kB
out/renderer/assets/folder-up-DFbp7xcP.js                                0.34 kB │ gzip:     0.25 kB │ map:      1.11 kB
out/renderer/assets/message-square-plus-B_JoqXQF.js                      0.34 kB │ gzip:     0.25 kB │ map:      1.15 kB
out/renderer/assets/regex-BA6K7z4k.js                                    0.34 kB │ gzip:     0.23 kB │ map:      1.13 kB
out/renderer/assets/user-plus-ydi11uWf.js                                0.34 kB │ gzip:     0.25 kB │ map:      1.25 kB
out/renderer/assets/align-horizontal-distribute-end-CxGkrJTz.js          0.34 kB │ gzip:     0.24 kB │ map:      1.36 kB
out/renderer/assets/cloud-backup-R-6YzE5G.js                             0.34 kB │ gzip:     0.26 kB │ map:      1.12 kB
out/renderer/assets/file-exclamation-point-B_5Cor3E.js                   0.34 kB │ gzip:     0.25 kB │ map:      1.17 kB
out/renderer/assets/file-minus-corner-B8eIVqOJ.js                        0.34 kB │ gzip:     0.25 kB │ map:      1.15 kB
out/renderer/assets/message-square-off-CySkOyZQ.js                       0.34 kB │ gzip:     0.26 kB │ map:      1.15 kB
out/renderer/assets/monitor-smartphone-C9-efaYD.js                       0.34 kB │ gzip:     0.25 kB │ map:      1.26 kB
out/renderer/assets/scissors-MbVyvs43.js                                 0.34 kB │ gzip:     0.24 kB │ map:      1.25 kB
out/renderer/assets/tag-B6_aMcgQ.js                                      0.34 kB │ gzip:     0.25 kB │ map:      1.07 kB
out/renderer/assets/align-horizontal-distribute-start-DbmI8snI.js        0.34 kB │ gzip:     0.24 kB │ map:      1.37 kB
out/renderer/assets/book-type-CxOTXCAt.js                                0.34 kB │ gzip:     0.25 kB │ map:      1.17 kB
out/renderer/assets/file-minus-D0L3KkHX.js                               0.34 kB │ gzip:     0.25 kB │ map:      1.11 kB
out/renderer/assets/hard-drive-upload-CSxJkEtx.js                        0.34 kB │ gzip:     0.25 kB │ map:      1.29 kB
out/renderer/assets/save-DFC-RHiz.js                                     0.34 kB │ gzip:     0.23 kB │ map:      1.10 kB
out/renderer/assets/zodiac-scorpio-BZVoPTcp.js                           0.34 kB │ gzip:     0.25 kB │ map:      1.17 kB
out/renderer/assets/bot-BKzXh51S.js                                      0.34 kB │ gzip:     0.24 kB │ map:      1.30 kB
out/renderer/assets/folder-down-D0U9GLoW.js                              0.34 kB │ gzip:     0.25 kB │ map:      1.12 kB
out/renderer/assets/hard-drive-download-Donol_1D.js                      0.34 kB │ gzip:     0.25 kB │ map:      1.31 kB
out/renderer/assets/heart-minus-ChkV2das.js                              0.34 kB │ gzip:     0.27 kB │ map:      1.05 kB
out/renderer/assets/repeat-1-ZA99f9pO.js                                 0.34 kB │ gzip:     0.24 kB │ map:      1.20 kB
out/renderer/assets/road-_FB8jt1r.js                                     0.34 kB │ gzip:     0.24 kB │ map:      1.15 kB
out/renderer/assets/trash-2-D3ZLQI9p.js                                  0.34 kB │ gzip:     0.22 kB │ map:      1.21 kB
out/renderer/assets/antenna-mq7sy-G_.js                                  0.34 kB │ gzip:     0.22 kB │ map:      1.25 kB
out/renderer/assets/apple-BwFOoCA9.js                                    0.34 kB │ gzip:     0.25 kB │ map:      1.03 kB
out/renderer/assets/flag-off-BOUQhtFw.js                                 0.34 kB │ gzip:     0.26 kB │ map:      1.13 kB
out/renderer/assets/folder-input-C4COisne.js                             0.34 kB │ gzip:     0.25 kB │ map:      1.13 kB
out/renderer/assets/ice-cream-bowl-jvQji000.js                           0.34 kB │ gzip:     0.25 kB │ map:      1.14 kB
out/renderer/assets/mail-plus-Ccgxj7Jx.js                                0.34 kB │ gzip:     0.25 kB │ map:      1.14 kB
out/renderer/assets/saudi-riyal-CSCar9hL.js                              0.34 kB │ gzip:     0.25 kB │ map:      1.15 kB
out/renderer/assets/shield-half-Cl1eGDb8.js                              0.34 kB │ gzip:     0.27 kB │ map:      1.06 kB
out/renderer/assets/shield-minus-CTCMZqNQ.js                             0.34 kB │ gzip:     0.27 kB │ map:      1.06 kB
out/renderer/assets/sticky-note-minus-DKPn6SOP.js                        0.34 kB │ gzip:     0.25 kB │ map:      1.15 kB
out/renderer/assets/book-image-BwheCZGk.js                               0.34 kB │ gzip:     0.26 kB │ map:      1.14 kB
out/renderer/assets/bookmark-x-DAXL_yPi.js                               0.34 kB │ gzip:     0.25 kB │ map:      1.12 kB
out/renderer/assets/bring-to-front-CUQMM7Wn.js                           0.34 kB │ gzip:     0.24 kB │ map:      1.16 kB
out/renderer/assets/chart-area-BJ3Z4avS.js                               0.34 kB │ gzip:     0.25 kB │ map:      1.05 kB
out/renderer/assets/file-check-corner-BEc5u8HI.js                        0.34 kB │ gzip:     0.26 kB │ map:      1.15 kB
out/renderer/assets/folder-search-CXJksRcr.js                            0.34 kB │ gzip:     0.26 kB │ map:      1.16 kB
out/renderer/assets/folder-x-BDapNRGB.js                                 0.34 kB │ gzip:     0.25 kB │ map:      1.11 kB
out/renderer/assets/mail-x-DgdQ-Els.js                                   0.34 kB │ gzip:     0.25 kB │ map:      1.13 kB
out/renderer/assets/milestone-DrXTg2oe.js                                0.34 kB │ gzip:     0.25 kB │ map:      1.11 kB
out/renderer/assets/user-round-key-Cq2_5YF-.js                           0.34 kB │ gzip:     0.25 kB │ map:      1.28 kB
out/renderer/assets/badge-check-BZvizI5Z.js                              0.34 kB │ gzip:     0.24 kB │ map:      1.06 kB
out/renderer/assets/folder-output-BLHjATQb.js                            0.34 kB │ gzip:     0.24 kB │ map:      1.13 kB
out/renderer/assets/gavel-CBXEvVNY.js                                    0.34 kB │ gzip:     0.24 kB │ map:      1.19 kB
out/renderer/assets/languages-DMTzAtRb.js                                0.34 kB │ gzip:     0.24 kB │ map:      1.27 kB
out/renderer/assets/message-square-warning-CNvGcjkv.js                   0.34 kB │ gzip:     0.26 kB │ map:      1.18 kB
out/renderer/assets/banana-BSwrWpee.js                                   0.34 kB │ gzip:     0.27 kB │ map:      1.04 kB
out/renderer/assets/file-diff-2tn92Cqs.js                                0.34 kB │ gzip:     0.24 kB │ map:      1.19 kB
out/renderer/assets/git-pull-request-draft-DKdh_oQW.js                   0.34 kB │ gzip:     0.25 kB │ map:      1.36 kB
out/renderer/assets/graduation-cap-BgSIGo4x.js                           0.34 kB │ gzip:     0.25 kB │ map:      1.16 kB
out/renderer/assets/scale-apVVNIQi.js                                    0.34 kB │ gzip:     0.23 kB │ map:      1.20 kB
out/renderer/assets/shapes-CvjbLMvM.js                                   0.34 kB │ gzip:     0.27 kB │ map:      1.18 kB
out/renderer/assets/signature-BTiLc5Bf.js                                0.34 kB │ gzip:     0.27 kB │ map:      1.05 kB
out/renderer/assets/toilet-Ri8za7lw.js                                   0.34 kB │ gzip:     0.25 kB │ map:      1.04 kB
out/renderer/assets/videotape-B0l-aE4t.js                                0.34 kB │ gzip:     0.24 kB │ map:      1.31 kB
out/renderer/assets/cast-D5tkESit.js                                     0.34 kB │ gzip:     0.25 kB │ map:      1.16 kB
out/renderer/assets/file-check-D1gZvaqf.js                               0.34 kB │ gzip:     0.25 kB │ map:      1.12 kB
out/renderer/assets/message-circle-x-Oq1ej5gY.js                         0.34 kB │ gzip:     0.26 kB │ map:      1.15 kB
out/renderer/assets/message-square-x-DyShci3Z.js                         0.34 kB │ gzip:     0.25 kB │ map:      1.15 kB
out/renderer/assets/pencil-line-B_BQewI_.js                              0.34 kB │ gzip:     0.26 kB │ map:      1.12 kB
out/renderer/assets/sticky-note-check-u03-c7Yc.js                        0.34 kB │ gzip:     0.26 kB │ map:      1.16 kB
out/renderer/assets/table-of-contents-BeGIEO5P.js                        0.34 kB │ gzip:     0.22 kB │ map:      1.30 kB
out/renderer/assets/book-search-B53V0rC7.js                              0.35 kB │ gzip:     0.26 kB │ map:      1.18 kB
out/renderer/assets/hard-hat-DKPxHcME.js                                 0.35 kB │ gzip:     0.25 kB │ map:      1.20 kB
out/renderer/assets/list-video-CGS4n6UM.js                               0.35 kB │ gzip:     0.24 kB │ map:      1.18 kB
out/renderer/assets/printer-VfAH0mp8.js                                  0.35 kB │ gzip:     0.25 kB │ map:      1.16 kB
out/renderer/assets/star-half-BRbq6eD4.js                                0.35 kB │ gzip:     0.26 kB │ map:      0.99 kB
out/renderer/assets/chunk-FMBD7UC4-BReKRLYE.js                           0.35 kB │ gzip:     0.26 kB │ map:      0.74 kB
out/renderer/assets/diamond-plus-DVeHFee1.js                             0.35 kB │ gzip:     0.24 kB │ map:      1.13 kB
out/renderer/assets/fuel-DXuuQuzt.js                                     0.35 kB │ gzip:     0.24 kB │ map:      1.14 kB
out/renderer/assets/move-D8Hy2wO0.js                                     0.35 kB │ gzip:     0.23 kB │ map:      1.25 kB
out/renderer/assets/square-pen-DoNBwVFs.js                               0.35 kB │ gzip:     0.26 kB │ map:      1.06 kB
out/renderer/assets/book-copy-g6dNew4_.js                                0.35 kB │ gzip:     0.25 kB │ map:      1.12 kB
out/renderer/assets/cloud-moon-DZXzxPFH.js                               0.35 kB │ gzip:     0.27 kB │ map:      1.06 kB
out/renderer/assets/cup-soda-SqXludCj.js                                 0.35 kB │ gzip:     0.25 kB │ map:      1.14 kB
out/renderer/assets/folders-seAHc6bj.js                                  0.35 kB │ gzip:     0.25 kB │ map:      1.06 kB
out/renderer/assets/git-pull-request-arrow-CpkE_Bto.js                   0.35 kB │ gzip:     0.25 kB │ map:      1.33 kB
out/renderer/assets/heart-x-D50O8ko6.js                                  0.35 kB │ gzip:     0.26 kB │ map:      1.11 kB
out/renderer/assets/send-to-back-BJSSW-bN.js                             0.35 kB │ gzip:     0.24 kB │ map:      1.27 kB
out/renderer/assets/square-stack-9s6MCffP.js                             0.35 kB │ gzip:     0.25 kB │ map:      1.16 kB
out/renderer/assets/stamp-tAuKYB6s.js                                    0.35 kB │ gzip:     0.25 kB │ map:      1.10 kB
out/renderer/assets/superscript-yIBVOh2C.js                              0.35 kB │ gzip:     0.27 kB │ map:      1.13 kB
out/renderer/assets/ticket-B5sSO6V-.js                                   0.35 kB │ gzip:     0.23 kB │ map:      1.16 kB
out/renderer/assets/calendar-minus-DWMRVu1c.js                           0.35 kB │ gzip:     0.24 kB │ map:      1.24 kB
out/renderer/assets/folder-root-BW5vN-Fb.js                              0.35 kB │ gzip:     0.26 kB │ map:      1.15 kB
out/renderer/assets/hand-helping-CtPMKnkG.js                             0.35 kB │ gzip:     0.27 kB │ map:      1.13 kB
out/renderer/assets/microwave-MuyVVcrR.js                                0.35 kB │ gzip:     0.24 kB │ map:      1.32 kB
out/renderer/assets/phone-Bc8GYPYM.js                                    0.35 kB │ gzip:     0.25 kB │ map:      0.97 kB
out/renderer/assets/spell-check-2-_uOyW2jb.js                            0.35 kB │ gzip:     0.23 kB │ map:      1.14 kB
out/renderer/assets/a-large-small-DZEGZnYy.js                            0.35 kB │ gzip:     0.26 kB │ map:      1.17 kB
out/renderer/assets/eye-closed-DUUzrxND.js                               0.35 kB │ gzip:     0.24 kB │ map:      1.22 kB
out/renderer/assets/funnel-plus-DsZbXbrs.js                              0.35 kB │ gzip:     0.26 kB │ map:      1.13 kB
out/renderer/assets/id-card-Bxxu-m_F.js                                  0.35 kB │ gzip:     0.26 kB │ map:      1.28 kB
out/renderer/assets/message-square-code-C1ho_a4w.js                      0.35 kB │ gzip:     0.26 kB │ map:      1.17 kB
out/renderer/assets/rotate-ccw-key-D59apfg2.js                           0.35 kB │ gzip:     0.26 kB │ map:      1.26 kB
out/renderer/assets/screen-share-D0njz3p0.js                             0.35 kB │ gzip:     0.24 kB │ map:      1.22 kB
out/renderer/assets/server-4ioHb0SR.js                                   0.35 kB │ gzip:     0.22 kB │ map:      1.37 kB
out/renderer/assets/whole-word-B00puhbo.js                               0.35 kB │ gzip:     0.25 kB │ map:      1.27 kB
out/renderer/assets/mail-warning-CtWuGFzU.js                             0.35 kB │ gzip:     0.26 kB │ map:      1.17 kB
out/renderer/assets/message-circle-warning-Ci7XytyD.js                   0.35 kB │ gzip:     0.27 kB │ map:      1.18 kB
out/renderer/assets/square-mouse-pointer-xJpgCS6z.js                     0.35 kB │ gzip:     0.26 kB │ map:      1.13 kB
out/renderer/assets/tv-minimal-play-CRhk9kkA.js                          0.35 kB │ gzip:     0.27 kB │ map:      1.20 kB
out/renderer/assets/alarm-clock-D5-fz4Yj.js                              0.35 kB │ gzip:     0.24 kB │ map:      1.33 kB
out/renderer/assets/flip-horizontal-2-DDDCi8UP.js                        0.35 kB │ gzip:     0.23 kB │ map:      1.32 kB
out/renderer/assets/squares-exclude-B2yJY7-7.js                          0.35 kB │ gzip:     0.24 kB │ map:      1.12 kB
out/renderer/assets/user-key-C4HaTRKn.js                                 0.35 kB │ gzip:     0.25 kB │ map:      1.26 kB
out/renderer/assets/contact-round-lowhAXSG.js                            0.35 kB │ gzip:     0.26 kB │ map:      1.32 kB
out/renderer/assets/heading-5-CXxgVWBe.js                                0.35 kB │ gzip:     0.25 kB │ map:      1.23 kB
out/renderer/assets/library-big-BGS7bI9s.js                              0.35 kB │ gzip:     0.28 kB │ map:      1.19 kB
out/renderer/assets/sailboat-QH-L6PSA.js                                 0.35 kB │ gzip:     0.25 kB │ map:      1.13 kB
out/renderer/assets/square-divide-DY5HfznN.js                            0.35 kB │ gzip:     0.24 kB │ map:      1.37 kB
out/renderer/assets/zodiac-virgo-Bl5gLbYW.js                             0.35 kB │ gzip:     0.24 kB │ map:      1.17 kB
out/renderer/assets/battery-charging-rAXgCH0U.js                         0.35 kB │ gzip:     0.25 kB │ map:      1.19 kB
out/renderer/assets/book-heart-CyknSHWB.js                               0.35 kB │ gzip:     0.27 kB │ map:      1.10 kB
out/renderer/assets/fan-DOOaGFjO.js                                      0.35 kB │ gzip:     0.24 kB │ map:      1.03 kB
out/renderer/assets/message-circle-reply-BroqWbDm.js                     0.35 kB │ gzip:     0.26 kB │ map:      1.20 kB
out/renderer/assets/screen-share-off-BmX6abo3.js                         0.35 kB │ gzip:     0.24 kB │ map:      1.25 kB
out/renderer/assets/bell-minus-D9e2aJfs.js                               0.35 kB │ gzip:     0.27 kB │ map:      1.13 kB
out/renderer/assets/calendar-check-2-DgP1bn2M.js                         0.35 kB │ gzip:     0.24 kB │ map:      1.25 kB
out/renderer/assets/nfc-CBoVfp46.js                                      0.35 kB │ gzip:     0.25 kB │ map:      1.13 kB
out/renderer/assets/volume-1-yO_U-IYr.js                                 0.35 kB │ gzip:     0.26 kB │ map:      1.06 kB
out/renderer/assets/wallet-cards-Bygy3x_a.js                             0.35 kB │ gzip:     0.27 kB │ map:      1.20 kB
out/renderer/assets/badge-minus-BmLy3d6Q.js                              0.36 kB │ gzip:     0.25 kB │ map:      1.11 kB
out/renderer/assets/map-pin-minus-BQ5dmBSP.js                            0.36 kB │ gzip:     0.28 kB │ map:      1.17 kB
out/renderer/assets/notebook-BLaNAUuL.js                                 0.36 kB │ gzip:     0.24 kB │ map:      1.33 kB
out/renderer/assets/shield-ban-KZ70pnYs.js                               0.36 kB │ gzip:     0.27 kB │ map:      1.07 kB
out/renderer/assets/tickets-DoQ-vpJY.js                                  0.36 kB │ gzip:     0.26 kB │ map:      1.26 kB
out/renderer/assets/arrow-big-down-dash-BGIPRPcU.js                      0.36 kB │ gzip:     0.26 kB │ map:      1.11 kB
out/renderer/assets/arrow-big-left-dash-BpW5zsKm.js                      0.36 kB │ gzip:     0.26 kB │ map:      1.11 kB
out/renderer/assets/arrow-big-right-dash-BRhm2B15.js                     0.36 kB │ gzip:     0.25 kB │ map:      1.12 kB
out/renderer/assets/flip-vertical-2-BhbF4ql_.js                          0.36 kB │ gzip:     0.23 kB │ map:      1.31 kB
out/renderer/assets/folder-code-BKFXLmZf.js                              0.36 kB │ gzip:     0.25 kB │ map:      1.14 kB
out/renderer/assets/funnel-x-B2Vl1VxE.js                                 0.36 kB │ gzip:     0.26 kB │ map:      1.12 kB
out/renderer/assets/git-fork-3qerH3HF.js                                 0.36 kB │ gzip:     0.25 kB │ map:      1.29 kB
out/renderer/assets/arrow-big-up-dash-X8MLp2g3.js                        0.36 kB │ gzip:     0.26 kB │ map:      1.10 kB
out/renderer/assets/bath-DISlBosu.js                                     0.36 kB │ gzip:     0.24 kB │ map:      1.23 kB
out/renderer/assets/megaphone-CkcMGrDD.js                                0.36 kB │ gzip:     0.25 kB │ map:      1.14 kB
out/renderer/assets/message-circle-code-B-07RHuQ.js                      0.36 kB │ gzip:     0.27 kB │ map:      1.18 kB
out/renderer/assets/message-square-text-Cvdy9vAG.js                      0.36 kB │ gzip:     0.25 kB │ map:      1.25 kB
out/renderer/assets/pin-4heJmw8n.js                                      0.36 kB │ gzip:     0.24 kB │ map:      1.05 kB
out/renderer/assets/scan-line-CP5Of6zO.js                                0.36 kB │ gzip:     0.24 kB │ map:      1.22 kB
out/renderer/assets/creative-commons-CJOGy9XV.js                         0.36 kB │ gzip:     0.23 kB │ map:      1.19 kB
out/renderer/assets/scooter-C_FBkhab.js                                  0.36 kB │ gzip:     0.27 kB │ map:      1.22 kB
out/renderer/assets/file-chart-line-qz_b1EqL.js                          0.36 kB │ gzip:     0.26 kB │ map:      1.16 kB
out/renderer/assets/git-graph-D9ZS8v72.js                                0.36 kB │ gzip:     0.24 kB │ map:      1.38 kB
out/renderer/assets/heart-pulse-BMo7lafm.js                              0.36 kB │ gzip:     0.28 kB │ map:      1.08 kB
out/renderer/assets/layers-2-CPNka8Sr.js                                 0.36 kB │ gzip:     0.25 kB │ map:      1.09 kB
out/renderer/assets/ticket-percent-DARsN82t.js                           0.36 kB │ gzip:     0.25 kB │ map:      1.22 kB
out/renderer/assets/gem-DDCafpBM.js                                      0.36 kB │ gzip:     0.26 kB │ map:      1.10 kB
out/renderer/assets/gift-DOmNxjpA.js                                     0.36 kB │ gzip:     0.26 kB │ map:      1.22 kB
out/renderer/assets/heading-3-Ddr-S2MU.js                                0.36 kB │ gzip:     0.25 kB │ map:      1.22 kB
out/renderer/assets/pin-off-DxHatQWp.js                                  0.36 kB │ gzip:     0.26 kB │ map:      1.18 kB
out/renderer/assets/scroll-text-CB_9HJLe.js                              0.36 kB │ gzip:     0.24 kB │ map:      1.22 kB
out/renderer/assets/user-round-pen-C2JhX9jl.js                           0.36 kB │ gzip:     0.27 kB │ map:      1.20 kB
out/renderer/assets/book-open-check-C1ygGvUh.js                          0.36 kB │ gzip:     0.25 kB │ map:      1.16 kB
out/renderer/assets/clipboard-plus-CnP5Q4la.js                           0.36 kB │ gzip:     0.26 kB │ map:      1.29 kB
out/renderer/assets/clipboard-x-wOUpouTJ.js                              0.36 kB │ gzip:     0.26 kB │ map:      1.27 kB
out/renderer/assets/contact-Cl3aFxkG.js                                  0.36 kB │ gzip:     0.26 kB │ map:      1.30 kB
out/renderer/assets/file-question-mark-CbhJELM-.js                       0.36 kB │ gzip:     0.26 kB │ map:      1.18 kB
out/renderer/assets/message-square-reply-CVohnMjO.js                     0.36 kB │ gzip:     0.26 kB │ map:      1.19 kB
out/renderer/assets/spool-DDq2Gfql.js                                    0.36 kB │ gzip:     0.26 kB │ map:      1.08 kB
out/renderer/assets/wallpaper-D9oRyEbf.js                                0.36 kB │ gzip:     0.27 kB │ map:      1.31 kB
out/renderer/assets/book-lock-DjjHXp5q.js                                0.36 kB │ gzip:     0.28 kB │ map:      1.22 kB
out/renderer/assets/bottle-wine-eH1Iccf0.js                              0.36 kB │ gzip:     0.25 kB │ map:      1.08 kB
out/renderer/assets/camera-BIQ9mken.js                                   0.36 kB │ gzip:     0.27 kB │ map:      1.08 kB
out/renderer/assets/cooking-pot-D-RRI3AA.js                              0.36 kB │ gzip:     0.26 kB │ map:      1.20 kB
out/renderer/assets/folder-search-2-BIE657VB.js                          0.36 kB │ gzip:     0.27 kB │ map:      1.19 kB
out/renderer/assets/calendar-x-ClYuryfW.js                               0.36 kB │ gzip:     0.25 kB │ map:      1.34 kB
out/renderer/assets/image-down-BlZXKm6e.js                               0.36 kB │ gzip:     0.27 kB │ map:      1.23 kB
out/renderer/assets/image-up-CU6gj9T8.js                                 0.36 kB │ gzip:     0.27 kB │ map:      1.22 kB
out/renderer/assets/init-C-cGpQmD.js                                     0.36 kB │ gzip:     0.17 kB │ map:      1.23 kB
out/renderer/assets/list-restart-Bl4TRObS.js                             0.36 kB │ gzip:     0.25 kB │ map:      1.27 kB
out/renderer/assets/webhook-qEY6GQAb.js                                  0.36 kB │ gzip:     0.28 kB │ map:      1.14 kB
out/renderer/assets/calendar-plus-2-Co05_Tj_.js                          0.36 kB │ gzip:     0.25 kB │ map:      1.37 kB
out/renderer/assets/drafting-compass-x6xX7HpM.js                         0.36 kB │ gzip:     0.27 kB │ map:      1.30 kB
out/renderer/assets/flashlight-DYdg5UND.js                               0.36 kB │ gzip:     0.26 kB │ map:      1.14 kB
out/renderer/assets/focus-CT27ZPO5.js                                    0.36 kB │ gzip:     0.25 kB │ map:      1.24 kB
out/renderer/assets/lectern-Cqw8wDEJ.js                                  0.36 kB │ gzip:     0.27 kB │ map:      1.18 kB
out/renderer/assets/package-2-C75YRwpW.js                                0.36 kB │ gzip:     0.26 kB │ map:      1.13 kB
out/renderer/assets/shield-alert-JUNhzVPY.js                             0.36 kB │ gzip:     0.27 kB │ map:      1.16 kB
out/renderer/assets/type-outline-CaF_Yi-F.js                             0.36 kB │ gzip:     0.23 kB │ map:      1.02 kB
out/renderer/assets/bitcoin-BYYFv_w8.js                                  0.37 kB │ gzip:     0.28 kB │ map:      1.00 kB
out/renderer/assets/book-key-Bu7-A4qF.js                                 0.37 kB │ gzip:     0.27 kB │ map:      1.25 kB
out/renderer/assets/database-zap-DzncpkKH.js                             0.37 kB │ gzip:     0.27 kB │ map:      1.29 kB
out/renderer/assets/loader-pinwheel-OqokX_Ln.js                          0.37 kB │ gzip:     0.25 kB │ map:      1.23 kB
out/renderer/assets/angry--MdhbV4s.js                                    0.37 kB │ gzip:     0.25 kB │ map:      1.30 kB
out/renderer/assets/archive-restore-CZXc1i3P.js                          0.37 kB │ gzip:     0.26 kB │ map:      1.32 kB
out/renderer/assets/battery-warning-Ce-zib3C.js                          0.37 kB │ gzip:     0.25 kB │ map:      1.26 kB
out/renderer/assets/file-down-D2uzcHti.js                                0.37 kB │ gzip:     0.25 kB │ map:      1.21 kB
out/renderer/assets/files-BU6XJP9R.js                                    0.37 kB │ gzip:     0.24 kB │ map:      1.13 kB
out/renderer/assets/folder-lock-DDNJ5-YU.js                              0.37 kB │ gzip:     0.27 kB │ map:      1.20 kB
out/renderer/assets/key-round-BJCtZIuu.js                                0.37 kB │ gzip:     0.26 kB │ map:      1.13 kB
out/renderer/assets/picture-in-picture-DmbilmV7.js                       0.37 kB │ gzip:     0.26 kB │ map:      1.33 kB
out/renderer/assets/shopping-bag-OgiTuPY-.js                             0.37 kB │ gzip:     0.26 kB │ map:      1.15 kB
out/renderer/assets/weight-tilde-IxUoylMi.js                             0.37 kB │ gzip:     0.28 kB │ map:      1.18 kB
out/renderer/assets/air-vent-CsUyIH3m.js                                 0.37 kB │ gzip:     0.26 kB │ map:      1.20 kB
out/renderer/assets/ethernet-port-BzFFMuAe.js                            0.37 kB │ gzip:     0.24 kB │ map:      1.28 kB
out/renderer/assets/file-symlink-BdH0MCUK.js                             0.37 kB │ gzip:     0.26 kB │ map:      1.15 kB
out/renderer/assets/image-minus-BL1JzUUY.js                              0.37 kB │ gzip:     0.28 kB │ map:      1.25 kB
out/renderer/assets/timer-off-nRPBQV-d.js                                0.37 kB │ gzip:     0.25 kB │ map:      1.23 kB
out/renderer/assets/user-pen-CGuds0b2.js                                 0.37 kB │ gzip:     0.28 kB │ map:      1.16 kB
out/renderer/assets/alarm-clock-minus-DGFIvm3J.js                        0.37 kB │ gzip:     0.26 kB │ map:      1.36 kB
out/renderer/assets/citrus-DQx7Wej7.js                                   0.37 kB │ gzip:     0.27 kB │ map:      1.19 kB
out/renderer/assets/folder-key-DWCo6-yX.js                               0.37 kB │ gzip:     0.27 kB │ map:      1.23 kB
out/renderer/assets/mouse-pointer-ban-BRnJQjTa.js                        0.37 kB │ gzip:     0.28 kB │ map:      1.21 kB
out/renderer/assets/stethoscope-CXZabpkc.js                              0.37 kB │ gzip:     0.25 kB │ map:      1.27 kB
out/renderer/assets/accessibility-MHACE0E2.js                            0.37 kB │ gzip:     0.27 kB │ map:      1.29 kB
out/renderer/assets/globe-lock-DK61BHR4.js                               0.37 kB │ gzip:     0.27 kB │ map:      1.26 kB
out/renderer/assets/utility-pole-BRLfxb0N.js                             0.37 kB │ gzip:     0.23 kB │ map:      1.37 kB
out/renderer/assets/venetian-mask-SuIa7rXR.js                            0.37 kB │ gzip:     0.25 kB │ map:      1.16 kB
out/renderer/assets/file-clock-ihqlQGl2.js                               0.37 kB │ gzip:     0.27 kB │ map:      1.25 kB
out/renderer/assets/file-x-corner-BRQA6DkE.js                            0.37 kB │ gzip:     0.26 kB │ map:      1.22 kB
out/renderer/assets/git-pull-request-closed-DYcxt_cd.js                  0.37 kB │ gzip:     0.26 kB │ map:      1.41 kB
out/renderer/assets/message-circle-question-mark-JeDBsOw6.js             0.37 kB │ gzip:     0.27 kB │ map:      1.25 kB
out/renderer/assets/newspaper-CfmxRBf8.js                                0.37 kB │ gzip:     0.26 kB │ map:      1.26 kB
out/renderer/assets/bell-dot-DGMYeovH.js                                 0.37 kB │ gzip:     0.29 kB │ map:      1.16 kB
out/renderer/assets/dice-5-BP3S4MHE.js                                   0.37 kB │ gzip:     0.24 kB │ map:      1.35 kB
out/renderer/assets/file-code-corner-BV9wk64W.js                         0.37 kB │ gzip:     0.26 kB │ map:      1.26 kB
out/renderer/assets/heart-plus-BDeF2G17.js                               0.37 kB │ gzip:     0.28 kB │ map:      1.14 kB
out/renderer/assets/hourglass-BtbDPHtJ.js                                0.37 kB │ gzip:     0.24 kB │ map:      1.23 kB
out/renderer/assets/house-heart-DeKZVLT0.js                              0.37 kB │ gzip:     0.27 kB │ map:      1.12 kB
out/renderer/assets/message-square-quote-DyO5PRkd.js                     0.37 kB │ gzip:     0.26 kB │ map:      1.20 kB
out/renderer/assets/octagon-C3PN_AQH.js                                  0.37 kB │ gzip:     0.24 kB │ map:      1.01 kB
out/renderer/assets/pen-off-Bychd9Rr.js                                  0.37 kB │ gzip:     0.27 kB │ map:      1.13 kB
out/renderer/assets/folder-open-dot-DI3YoIjk.js                          0.37 kB │ gzip:     0.28 kB │ map:      1.14 kB
out/renderer/assets/lamp-CG3naPNs.js                                     0.37 kB │ gzip:     0.26 kB │ map:      1.13 kB
out/renderer/assets/layout-grid-C4uYfxOe.js                              0.37 kB │ gzip:     0.21 kB │ map:      1.40 kB
out/renderer/assets/map-pin-check-sfyPx3Gp.js                            0.37 kB │ gzip:     0.29 kB │ map:      1.19 kB
out/renderer/assets/message-square-lock-Dki6GYQp.js                      0.37 kB │ gzip:     0.29 kB │ map:      1.25 kB
out/renderer/assets/smartphone-nfc-Cm62vDFH.js                           0.37 kB │ gzip:     0.27 kB │ map:      1.26 kB
out/renderer/assets/stone-COeqYW4R.js                                    0.37 kB │ gzip:     0.27 kB │ map:      1.13 kB
out/renderer/assets/crown-CQJOenJc.js                                    0.37 kB │ gzip:     0.26 kB │ map:      1.08 kB
out/renderer/assets/currency-BVcvOcB2.js                                 0.37 kB │ gzip:     0.23 kB │ map:      1.42 kB
out/renderer/assets/decimals-arrow-right-ByvxQuul.js                     0.37 kB │ gzip:     0.25 kB │ map:      1.40 kB
out/renderer/assets/droplet-off-Bn9b84_P.js                              0.37 kB │ gzip:     0.28 kB │ map:      1.17 kB
out/renderer/assets/gpu-CZvnQ7mT.js                                      0.37 kB │ gzip:     0.25 kB │ map:      1.26 kB
out/renderer/assets/message-square-diff-DKlAeQF-.js                      0.37 kB │ gzip:     0.26 kB │ map:      1.25 kB
out/renderer/assets/paw-print-eHqcxWBf.js                                0.37 kB │ gzip:     0.27 kB │ map:      1.29 kB
out/renderer/assets/skull--9tweA_3.js                                    0.37 kB │ gzip:     0.26 kB │ map:      1.24 kB
out/renderer/assets/sticky-note-x-CJgnVHiF.js                            0.37 kB │ gzip:     0.26 kB │ map:      1.22 kB
out/renderer/assets/alarm-clock-check-CNFxKuVN.js                        0.37 kB │ gzip:     0.26 kB │ map:      1.37 kB
out/renderer/assets/blinds-DbUOZ-vo.js                                   0.37 kB │ gzip:     0.25 kB │ map:      1.37 kB
out/renderer/assets/chart-bar-stacked-COErELid.js                        0.37 kB │ gzip:     0.26 kB │ map:      1.39 kB
out/renderer/assets/cuboid-DRV96HXJ.js                                   0.37 kB │ gzip:     0.26 kB │ map:      1.13 kB
out/renderer/assets/image-plus-B5hnuUYF.js                               0.37 kB │ gzip:     0.26 kB │ map:      1.28 kB
out/renderer/assets/land-plot-CUeeLoiw.js                                0.37 kB │ gzip:     0.26 kB │ map:      1.21 kB
out/renderer/assets/monitor-speaker-RSwJLr_b.js                          0.37 kB │ gzip:     0.28 kB │ map:      1.35 kB
out/renderer/assets/washing-machine-COtnk1uQ.js                          0.37 kB │ gzip:     0.28 kB │ map:      1.35 kB
out/renderer/assets/file-plus-DLGoCXmt.js                                0.38 kB │ gzip:     0.26 kB │ map:      1.21 kB
out/renderer/assets/file-plus-corner-8QxQo9b0.js                         0.38 kB │ gzip:     0.27 kB │ map:      1.24 kB
out/renderer/assets/folder-kanban-DOCslzUS.js                            0.38 kB │ gzip:     0.26 kB │ map:      1.23 kB
out/renderer/assets/locate-ANGE88kK.js                                   0.38 kB │ gzip:     0.24 kB │ map:      1.42 kB
out/renderer/assets/podcast-CmaVcvDZ.js                                  0.38 kB │ gzip:     0.27 kB │ map:      1.24 kB
out/renderer/assets/shield-plus-DhQvxUMk.js                              0.38 kB │ gzip:     0.28 kB │ map:      1.15 kB
out/renderer/assets/chess-pawn-BvjsACA5.js                               0.38 kB │ gzip:     0.26 kB │ map:      1.29 kB
out/renderer/assets/copy-x-D7_XjI3Y.js                                   0.38 kB │ gzip:     0.27 kB │ map:      1.31 kB
out/renderer/assets/messages-square-TGFB9hvM.js                          0.38 kB │ gzip:     0.26 kB │ map:      1.16 kB
out/renderer/assets/battery-plus-BPDp2KC2.js                             0.38 kB │ gzip:     0.26 kB │ map:      1.25 kB
out/renderer/assets/chart-column-stacked-Dtfpj0mo.js                     0.38 kB │ gzip:     0.26 kB │ map:      1.40 kB
out/renderer/assets/layout-dashboard-BEafVoIu.js                         0.38 kB │ gzip:     0.23 kB │ map:      1.43 kB
out/renderer/assets/monitor-off-CRT5yNz3.js                              0.38 kB │ gzip:     0.26 kB │ map:      1.25 kB
out/renderer/assets/book-up-2-D3iCXl8b.js                                0.38 kB │ gzip:     0.26 kB │ map:      1.24 kB
out/renderer/assets/book-headphones-BXOw9MwW.js                          0.38 kB │ gzip:     0.27 kB │ map:      1.30 kB
out/renderer/assets/circuit-board-DLid_yWZ.js                            0.38 kB │ gzip:     0.26 kB │ map:      1.37 kB
out/renderer/assets/copy-plus-Cyw2PDUL.js                                0.38 kB │ gzip:     0.28 kB │ map:      1.33 kB
out/renderer/assets/crosshair-CoLx3agc.js                                0.38 kB │ gzip:     0.24 kB │ map:      1.43 kB
out/renderer/assets/file-up-BMnLKZBV.js                                  0.38 kB │ gzip:     0.26 kB │ map:      1.20 kB
out/renderer/assets/folder-git-fcRujseZ.js                               0.38 kB │ gzip:     0.27 kB │ map:      1.24 kB
out/renderer/assets/metronome-SFe3duAb.js                                0.38 kB │ gzip:     0.29 kB │ map:      1.24 kB
out/renderer/assets/notepad-text-pmrjok6v.js                             0.38 kB │ gzip:     0.24 kB │ map:      1.45 kB
out/renderer/assets/plug-zap-D_D8-Oaw.js                                 0.38 kB │ gzip:     0.26 kB │ map:      1.25 kB
out/renderer/assets/train-track-CYGwJ2Tz.js                              0.38 kB │ gzip:     0.23 kB │ map:      1.37 kB
out/renderer/assets/diameter-jar4G8HX.js                                 0.38 kB │ gzip:     0.25 kB │ map:      1.30 kB
out/renderer/assets/file-axis-3d-Dtm9mvx9.js                             0.38 kB │ gzip:     0.27 kB │ map:      1.23 kB
out/renderer/assets/message-square-more-DTiEAymj.js                      0.38 kB │ gzip:     0.26 kB │ map:      1.26 kB
out/renderer/assets/git-pull-request-create-arrow-CKMZatai.js            0.38 kB │ gzip:     0.27 kB │ map:      1.43 kB
out/renderer/assets/house-plus-D0uoopJY.js                               0.38 kB │ gzip:     0.27 kB │ map:      1.22 kB
out/renderer/assets/orbit-BtdHdTAS.js                                    0.38 kB │ gzip:     0.26 kB │ map:      1.31 kB
out/renderer/assets/sport-shoe-sdYI58fJ.js                               0.38 kB │ gzip:     0.28 kB │ map:      1.16 kB
out/renderer/assets/sticky-note-plus-KN4mwi9m.js                         0.38 kB │ gzip:     0.27 kB │ map:      1.25 kB
out/renderer/assets/LineChart-BuliQrUE.js                                0.38 kB │ gzip:     0.27 kB │ map:      1.05 kB
out/renderer/assets/cigarette-D_jGaq9r.js                                0.38 kB │ gzip:     0.24 kB │ map:      1.25 kB
out/renderer/assets/grip-vertical-kh39AklQ.js                            0.38 kB │ gzip:     0.20 kB │ map:      1.51 kB
out/renderer/assets/dessert-CqJPFHX3.js                                  0.38 kB │ gzip:     0.27 kB │ map:      1.17 kB
out/renderer/assets/door-closed-locked-DzT4JUxX.js                       0.38 kB │ gzip:     0.27 kB │ map:      1.35 kB
out/renderer/assets/file-output-Dj6hI8GS.js                              0.38 kB │ gzip:     0.26 kB │ map:      1.24 kB
out/renderer/assets/file-x-RxuwWmah.js                                   0.38 kB │ gzip:     0.26 kB │ map:      1.20 kB
out/renderer/assets/folder-heart-B2ohXhtN.js                             0.38 kB │ gzip:     0.28 kB │ map:      1.14 kB
out/renderer/assets/glasses-BxDIyyMM.js                                  0.38 kB │ gzip:     0.26 kB │ map:      1.29 kB
out/renderer/assets/lightbulb-off-Dh_xKTjm.js                            0.38 kB │ gzip:     0.27 kB │ map:      1.27 kB
out/renderer/assets/list-ordered-QgFLntzb.js                             0.38 kB │ gzip:     0.25 kB │ map:      1.32 kB
out/renderer/assets/monitor-play-eU4qLP7b.js                             0.38 kB │ gzip:     0.28 kB │ map:      1.28 kB
out/renderer/assets/package-DAVWnY6H.js                                  0.38 kB │ gzip:     0.26 kB │ map:      1.22 kB
out/renderer/assets/share-2-CTUHzdFY.js                                  0.38 kB │ gzip:     0.25 kB │ map:      1.40 kB
out/renderer/assets/shield-x-zc9KxCWx.js                                 0.38 kB │ gzip:     0.28 kB │ map:      1.15 kB
out/renderer/assets/turtle-xrGGELMV.js                                   0.38 kB │ gzip:     0.26 kB │ map:      1.21 kB
out/renderer/assets/file-terminal-B6lfi7CP.js                            0.38 kB │ gzip:     0.26 kB │ map:      1.24 kB
out/renderer/assets/grip-horizontal-G59qfh6p.js                          0.38 kB │ gzip:     0.20 kB │ map:      1.52 kB
out/renderer/assets/bell-plus-DV-KRuMm.js                                0.39 kB │ gzip:     0.28 kB │ map:      1.22 kB
out/renderer/assets/calendar-x-2-NC_B5cuo.js                             0.39 kB │ gzip:     0.25 kB │ map:      1.32 kB
out/renderer/assets/cookie-PrPbIPDc.js                                   0.39 kB │ gzip:     0.24 kB │ map:      1.30 kB
out/renderer/assets/file-input-CgB9hwTR.js                               0.39 kB │ gzip:     0.27 kB │ map:      1.22 kB
out/renderer/assets/speech-C477a14t.js                                   0.39 kB │ gzip:     0.28 kB │ map:      1.14 kB
out/renderer/assets/switch-camera-VIBiRu3k.js                            0.39 kB │ gzip:     0.26 kB │ map:      1.30 kB
out/renderer/assets/binary-C30xd0C9.js                                   0.39 kB │ gzip:     0.25 kB │ map:      1.40 kB
out/renderer/assets/card-sim-BZLPyAJw.js                                 0.39 kB │ gzip:     0.27 kB │ map:      1.27 kB
out/renderer/assets/clapperboard-BI9heYlR.js                             0.39 kB │ gzip:     0.28 kB │ map:      1.22 kB
out/renderer/assets/fullscreen-BN4yfJUq.js                               0.39 kB │ gzip:     0.27 kB │ map:      1.31 kB
out/renderer/assets/lamp-wall-down-CDo38Z0S.js                           0.39 kB │ gzip:     0.26 kB │ map:      1.20 kB
out/renderer/assets/lamp-wall-up-CDSkhGLb.js                             0.39 kB │ gzip:     0.26 kB │ map:      1.19 kB
out/renderer/assets/mic-vocal-BHBNi2bj.js                                0.39 kB │ gzip:     0.30 kB │ map:      1.22 kB
out/renderer/assets/badge-cent-Bdf45Os_.js                               0.39 kB │ gzip:     0.25 kB │ map:      1.16 kB
out/renderer/assets/badge-euro-B_pCwZeJ.js                               0.39 kB │ gzip:     0.25 kB │ map:      1.16 kB
out/renderer/assets/file-search-DwTXxiRc.js                              0.39 kB │ gzip:     0.27 kB │ map:      1.27 kB
out/renderer/assets/layout-list-B_YNRuWX.js                              0.39 kB │ gzip:     0.24 kB │ map:      1.43 kB
out/renderer/assets/syringe-C72paWOd.js                                  0.39 kB │ gzip:     0.26 kB │ map:      1.30 kB
out/renderer/assets/calendar-plus-CSNUCAeJ.js                            0.39 kB │ gzip:     0.25 kB │ map:      1.33 kB
out/renderer/assets/mailbox-B-Oyic-X.js                                  0.39 kB │ gzip:     0.28 kB │ map:      1.26 kB
out/renderer/assets/message-circle-more-BlEZiid3.js                      0.39 kB │ gzip:     0.27 kB │ map:      1.27 kB
out/renderer/assets/parking-meter-Cb6WQsxc.js                            0.39 kB │ gzip:     0.26 kB │ map:      1.30 kB
out/renderer/assets/snail-DYYImhId.js                                    0.39 kB │ gzip:     0.28 kB │ map:      1.26 kB
out/renderer/assets/utensils-crossed-C1hOwD7c.js                         0.39 kB │ gzip:     0.27 kB │ map:      1.24 kB
out/renderer/assets/calendar-clock-J7jgjTRm.js                           0.39 kB │ gzip:     0.26 kB │ map:      1.38 kB
out/renderer/assets/captions-off-C1MFTSUN.js                             0.39 kB │ gzip:     0.25 kB │ map:      1.33 kB
out/renderer/assets/house-wifi-CIeoUMTf.js                               0.39 kB │ gzip:     0.27 kB │ map:      1.23 kB
out/renderer/assets/armchair-BnOAD8oX.js                                 0.39 kB │ gzip:     0.25 kB │ map:      1.22 kB
out/renderer/assets/watch-CtHNrqdR.js                                    0.39 kB │ gzip:     0.27 kB │ map:      1.22 kB
out/renderer/assets/bell-off-tpsCtb-v.js                                 0.39 kB │ gzip:     0.29 kB │ map:      1.22 kB
out/renderer/assets/file-music-CXDOAcsy.js                               0.39 kB │ gzip:     0.29 kB │ map:      1.26 kB
out/renderer/assets/folder-git-2-BrCgt3_K.js                             0.39 kB │ gzip:     0.27 kB │ map:      1.29 kB
out/renderer/assets/map-pin-plus-CBmCKZdc.js                             0.39 kB │ gzip:     0.29 kB │ map:      1.26 kB
out/renderer/assets/src-AEHDFCS5-C_m95dMV.js                             0.39 kB │ gzip:     0.25 kB
out/renderer/assets/trees-CpYNasQe.js                                    0.39 kB │ gzip:     0.26 kB │ map:      1.20 kB
out/renderer/assets/birdhouse-CvWArXJ6.js                                0.39 kB │ gzip:     0.28 kB │ map:      1.35 kB
out/renderer/assets/cake-slice-CI0fgCAr.js                               0.39 kB │ gzip:     0.29 kB │ map:      1.25 kB
out/renderer/assets/clipboard-paste-Clyx7w5K.js                          0.39 kB │ gzip:     0.27 kB │ map:      1.36 kB
out/renderer/assets/square-dashed-bottom-code-Bk-xch6a.js                0.39 kB │ gzip:     0.26 kB │ map:      1.35 kB
out/renderer/assets/folder-archive-i8ALP0AC.js                           0.39 kB │ gzip:     0.28 kB │ map:      1.28 kB
out/renderer/assets/badge-turkish-lira-Cw-WObUR.js                       0.40 kB │ gzip:     0.26 kB │ map:      1.21 kB
out/renderer/assets/clipboard-clock-T2_WS166.js                          0.40 kB │ gzip:     0.28 kB │ map:      1.38 kB
out/renderer/assets/file-search-corner-D-2FycOJ.js                       0.40 kB │ gzip:     0.29 kB │ map:      1.30 kB
out/renderer/assets/network-Cp1CVwaO.js                                  0.40 kB │ gzip:     0.24 kB │ map:      1.43 kB
out/renderer/assets/sheet-BUskDn6I.js                                    0.40 kB │ gzip:     0.25 kB │ map:      1.47 kB
out/renderer/assets/alarm-clock-off-Cy5eIhmS.js                          0.40 kB │ gzip:     0.26 kB │ map:      1.35 kB
out/renderer/assets/caravan-3k1qpxHN.js                                  0.40 kB │ gzip:     0.27 kB │ map:      1.22 kB
out/renderer/assets/file-text-CXNhKV8a.js                                0.40 kB │ gzip:     0.26 kB │ map:      1.30 kB
out/renderer/assets/images-BvHEmIFV.js                                   0.40 kB │ gzip:     0.29 kB │ map:      1.28 kB
out/renderer/assets/message-circle-off-nSoRN4hB.js                       0.40 kB │ gzip:     0.29 kB │ map:      1.21 kB
out/renderer/assets/calendar-arrow-up-Cq1U5Pg1.js                        0.40 kB │ gzip:     0.26 kB │ map:      1.36 kB
out/renderer/assets/circle-pile-DeeHidbu.js                              0.40 kB │ gzip:     0.21 kB │ map:      1.49 kB
out/renderer/assets/ev-charger-Dy3YCH0D.js                               0.40 kB │ gzip:     0.26 kB │ map:      1.28 kB
out/renderer/assets/map-pin-x-CNWdx_g1.js                                0.40 kB │ gzip:     0.29 kB │ map:      1.26 kB
out/renderer/assets/square-parking-off-jVkeuZra.js                       0.40 kB │ gzip:     0.27 kB │ map:      1.31 kB
out/renderer/assets/touchpad-off--_DlRzeM.js                             0.40 kB │ gzip:     0.26 kB │ map:      1.34 kB
out/renderer/assets/door-open-BQmBrchv.js                                0.40 kB │ gzip:     0.27 kB │ map:      1.29 kB
out/renderer/assets/file-code-D-nGyjQL.js                                0.40 kB │ gzip:     0.27 kB │ map:      1.23 kB
out/renderer/assets/file-user-DjR5McPO.js                                0.40 kB │ gzip:     0.28 kB │ map:      1.26 kB
out/renderer/assets/milk-D5ilkKib.js                                     0.40 kB │ gzip:     0.27 kB │ map:      1.14 kB
out/renderer/assets/tent-tree-CnnpSNRK.js                                0.40 kB │ gzip:     0.26 kB │ map:      1.41 kB
out/renderer/assets/vibrate-off-Cq2a6jii.js                              0.40 kB │ gzip:     0.27 kB │ map:      1.32 kB
out/renderer/assets/badge-russian-ruble-2yhLw_7j.js                      0.40 kB │ gzip:     0.26 kB │ map:      1.22 kB
out/renderer/assets/bird-BGjTN81L.js                                     0.40 kB │ gzip:     0.27 kB │ map:      1.30 kB
out/renderer/assets/droplets-DsnTs_r8.js                                 0.40 kB │ gzip:     0.30 kB │ map:      1.14 kB
out/renderer/assets/file-stack-yky1BrBk.js                               0.40 kB │ gzip:     0.25 kB │ map:      1.18 kB
out/renderer/assets/flask-conical-off-CN0YTYZX.js                        0.40 kB │ gzip:     0.27 kB │ map:      1.36 kB
out/renderer/assets/hard-drive-Ytzlj7dC.js                               0.40 kB │ gzip:     0.26 kB │ map:      1.25 kB
out/renderer/assets/mouse-pointer-2-off-CqFY6H8J.js                      0.40 kB │ gzip:     0.29 kB │ map:      1.22 kB
out/renderer/assets/refresh-ccw-dot-QYqouj9j.js                          0.40 kB │ gzip:     0.27 kB │ map:      1.32 kB
out/renderer/assets/sparkle-CHnPA61-.js                                  0.40 kB │ gzip:     0.25 kB │ map:      1.03 kB
out/renderer/assets/banknote-x-B5UEc8TK.js                               0.40 kB │ gzip:     0.27 kB │ map:      1.35 kB
out/renderer/assets/gamepad-a5HAu97d.js                                  0.40 kB │ gzip:     0.26 kB │ map:      1.47 kB
out/renderer/assets/hd-CToJHXDH.js                                       0.40 kB │ gzip:     0.27 kB │ map:      1.31 kB
out/renderer/assets/pipette-DoaNMyW_.js                                  0.40 kB │ gzip:     0.27 kB │ map:      1.20 kB
out/renderer/assets/quote-DPr-iCF7.js                                    0.40 kB │ gzip:     0.20 kB │ map:      1.14 kB
out/renderer/assets/radio-Cb0fExu9.js                                    0.40 kB │ gzip:     0.27 kB │ map:      1.28 kB
out/renderer/assets/signpost-BkTDl5XM.js                                 0.40 kB │ gzip:     0.26 kB │ map:      1.16 kB
out/renderer/assets/briefcase-medical-DsljERSq.js                        0.40 kB │ gzip:     0.27 kB │ map:      1.42 kB
out/renderer/assets/git-branch-plus-C2bx2DVq.js                          0.40 kB │ gzip:     0.25 kB │ map:      1.36 kB
out/renderer/assets/id-card-lanyard-QLwPOe6-.js                          0.40 kB │ gzip:     0.28 kB │ map:      1.35 kB
out/renderer/assets/printer-check-_Ahyx_R-.js                            0.40 kB │ gzip:     0.26 kB │ map:      1.23 kB
out/renderer/assets/smile-plus-B2HEQh_q.js                               0.40 kB │ gzip:     0.26 kB │ map:      1.41 kB
out/renderer/assets/warehouse-CswSXjGQ.js                                0.40 kB │ gzip:     0.27 kB │ map:      1.23 kB
out/renderer/assets/axe-2cA59SPQ.js                                      0.40 kB │ gzip:     0.28 kB │ map:      1.08 kB
out/renderer/assets/calendar-arrow-down-m1l5COGh.js                      0.40 kB │ gzip:     0.26 kB │ map:      1.39 kB
out/renderer/assets/cassette-tape-DoR3A325.js                            0.40 kB │ gzip:     0.28 kB │ map:      1.40 kB
out/renderer/assets/clipboard-type-DqOHMRvy.js                           0.40 kB │ gzip:     0.27 kB │ map:      1.39 kB
out/renderer/assets/folder-pen-dSdyNIQ9.js                               0.40 kB │ gzip:     0.29 kB │ map:      1.15 kB
out/renderer/assets/git-compare-arrows-harfgHR-.js                       0.40 kB │ gzip:     0.27 kB │ map:      1.43 kB
out/renderer/assets/diamond-percent-DnzrEMQx.js                          0.40 kB │ gzip:     0.26 kB │ map:      1.27 kB
out/renderer/assets/alarm-clock-plus-BS4n7zC5.js                         0.40 kB │ gzip:     0.27 kB │ map:      1.45 kB
out/renderer/assets/badge-x-tctlFSdy.js                                  0.40 kB │ gzip:     0.26 kB │ map:      1.25 kB
out/renderer/assets/beef-DhJo5q05.js                                     0.40 kB │ gzip:     0.31 kB │ map:      1.21 kB
out/renderer/assets/earth-Csy7gYHv.js                                    0.40 kB │ gzip:     0.27 kB │ map:      1.26 kB
out/renderer/assets/map-pin-pen-DwB6NCzH.js                              0.40 kB │ gzip:     0.30 kB │ map:      1.21 kB
out/renderer/assets/sticky-note-off-CZqQ2aQE.js                          0.40 kB │ gzip:     0.27 kB │ map:      1.28 kB
out/renderer/assets/tram-front-DUN-43sN.js                               0.40 kB │ gzip:     0.27 kB │ map:      1.45 kB
out/renderer/assets/waves-ladder-B16cCjC3.js                             0.40 kB │ gzip:     0.26 kB │ map:      1.32 kB
out/renderer/assets/clipboard-copy-hHlyjk88.js                           0.41 kB │ gzip:     0.28 kB │ map:      1.37 kB
out/renderer/assets/router-DHm4AqMb.js                                   0.41 kB │ gzip:     0.27 kB │ map:      1.37 kB
out/renderer/assets/life-buoy-Dr0J3GVE.js                                0.41 kB │ gzip:     0.25 kB │ map:      1.39 kB
out/renderer/assets/luggage-BQMvxhdd.js                                  0.41 kB │ gzip:     0.26 kB │ map:      1.33 kB
out/renderer/assets/drum-BiGdHHyO.js                                     0.41 kB │ gzip:     0.27 kB │ map:      1.41 kB
out/renderer/assets/file-lock-DL9B7Ygi.js                                0.41 kB │ gzip:     0.29 kB │ map:      1.30 kB
out/renderer/assets/hospital-Cd_AwucJ.js                                 0.41 kB │ gzip:     0.25 kB │ map:      1.30 kB
out/renderer/assets/image-play-CtW0c8UX.js                               0.41 kB │ gzip:     0.28 kB │ map:      1.27 kB
out/renderer/assets/popcorn-BVQxnDvG.js                                  0.41 kB │ gzip:     0.27 kB │ map:      1.26 kB
out/renderer/assets/badge-plus-BJPHDJxn.js                               0.41 kB │ gzip:     0.26 kB │ map:      1.27 kB
out/renderer/assets/building-2-Cd9gaBkC.js                               0.41 kB │ gzip:     0.26 kB │ map:      1.31 kB
out/renderer/assets/dice-6-DEiaE06T.js                                   0.41 kB │ gzip:     0.25 kB │ map:      1.45 kB
out/renderer/assets/message-circle-heart-3WVH6kkg.js                     0.41 kB │ gzip:     0.30 kB │ map:      1.20 kB
out/renderer/assets/paintbrush-vertical-CKUTZdtK.js                      0.41 kB │ gzip:     0.26 kB │ map:      1.29 kB
out/renderer/assets/shuffle-1TDEeeF-.js                                  0.41 kB │ gzip:     0.26 kB │ map:      1.27 kB
out/renderer/assets/train-front-sBa7pFaC.js                              0.41 kB │ gzip:     0.27 kB │ map:      1.34 kB
out/renderer/assets/align-vertical-distribute-center-W9GbQBDX.js         0.41 kB │ gzip:     0.27 kB │ map:      1.56 kB
out/renderer/assets/banknote-arrow-up-DOnmz0u0.js                        0.41 kB │ gzip:     0.27 kB │ map:      1.40 kB
out/renderer/assets/cloud-sync-DhUd714M.js                               0.41 kB │ gzip:     0.28 kB │ map:      1.29 kB
out/renderer/assets/map-pin-search-DoiJVVhs.js                           0.41 kB │ gzip:     0.29 kB │ map:      1.32 kB
out/renderer/assets/microscope-D-azm5n9.js                               0.41 kB │ gzip:     0.27 kB │ map:      1.34 kB
out/renderer/assets/banknote-arrow-down-BKFbyDPH.js                      0.41 kB │ gzip:     0.28 kB │ map:      1.41 kB
out/renderer/assets/calendar-search-BjuVgSse.js                          0.41 kB │ gzip:     0.28 kB │ map:      1.40 kB
out/renderer/assets/calendars-Bl0ajKdX.js                                0.41 kB │ gzip:     0.28 kB │ map:      1.39 kB
out/renderer/assets/file-key-lSZGW_u6.js                                 0.41 kB │ gzip:     0.29 kB │ map:      1.33 kB
out/renderer/assets/heart-off-mxVPuZRM.js                                0.41 kB │ gzip:     0.30 kB │ map:      1.21 kB
out/renderer/assets/landmark-YMfKw_WJ.js                                 0.41 kB │ gzip:     0.27 kB │ map:      1.36 kB
out/renderer/assets/view-C7EyZAoD.js                                     0.41 kB │ gzip:     0.27 kB │ map:      1.25 kB
out/renderer/assets/align-horizontal-distribute-center-CkZUQOAi.js       0.41 kB │ gzip:     0.27 kB │ map:      1.58 kB
out/renderer/assets/badge-dollar-sign-3QeDaR8Z.js                        0.41 kB │ gzip:     0.26 kB │ map:      1.22 kB
out/renderer/assets/badge-info-Xea2lCPQ.js                               0.41 kB │ gzip:     0.26 kB │ map:      1.27 kB
out/renderer/assets/baggage-claim-BeGreg6c.js                            0.41 kB │ gzip:     0.28 kB │ map:      1.41 kB
out/renderer/assets/calendar-off-D0lEQqUB.js                             0.41 kB │ gzip:     0.27 kB │ map:      1.35 kB
out/renderer/assets/pencil-off-C9Z9qDWF.js                               0.41 kB │ gzip:     0.29 kB │ map:      1.25 kB
out/renderer/assets/thermometer-sun-ChgZRiVz.js                          0.41 kB │ gzip:     0.27 kB │ map:      1.37 kB
out/renderer/assets/cannabis-0E240AmA.js                                 0.41 kB │ gzip:     0.28 kB │ map:      1.12 kB
out/renderer/assets/expand-DL3hqXRK.js                                   0.41 kB │ gzip:     0.25 kB │ map:      1.44 kB
out/renderer/assets/octagon-minus-DEi3cmVd.js                            0.41 kB │ gzip:     0.26 kB │ map:      1.14 kB
out/renderer/assets/pocket-knife-BnoGiDol.js                             0.41 kB │ gzip:     0.28 kB │ map:      1.29 kB
out/renderer/assets/projector-Cye3haCQ.js                                0.41 kB │ gzip:     0.27 kB │ map:      1.40 kB
out/renderer/assets/scan-search-_c3U254V.js                              0.41 kB │ gzip:     0.27 kB │ map:      1.38 kB
out/renderer/assets/shield-user-Di75sSKM.js                              0.41 kB │ gzip:     0.31 kB │ map:      1.22 kB
out/renderer/assets/badge-alert-BEDDEYS-.js                              0.41 kB │ gzip:     0.27 kB │ map:      1.28 kB
out/renderer/assets/file-heart-CXqeeMlG.js                               0.41 kB │ gzip:     0.29 kB │ map:      1.22 kB
out/renderer/assets/locate-off-BOtzRhLE.js                               0.41 kB │ gzip:     0.26 kB │ map:      1.40 kB
out/renderer/assets/swatch-book-BhS-Epaj.js                              0.41 kB │ gzip:     0.28 kB │ map:      1.26 kB
out/renderer/assets/backpack-AeC8nEc2.js                                 0.42 kB │ gzip:     0.25 kB │ map:      1.29 kB
out/renderer/assets/bandage-DiVNDIF1.js                                  0.42 kB │ gzip:     0.25 kB │ map:      1.45 kB
out/renderer/assets/file-headphone-D0p3HVKl.js                           0.42 kB │ gzip:     0.28 kB │ map:      1.25 kB
out/renderer/assets/motorbike-Oqy_3D98.js                                0.42 kB │ gzip:     0.28 kB │ map:      1.35 kB
out/renderer/assets/shield-question-mark-NOxG6vZ7.js                     0.42 kB │ gzip:     0.30 kB │ map:      1.24 kB
out/renderer/assets/badge-percent-sVw8QJ-l.js                            0.42 kB │ gzip:     0.26 kB │ map:      1.27 kB
out/renderer/assets/volume-2-Ce-fG9Tr.js                                 0.42 kB │ gzip:     0.29 kB │ map:      1.18 kB
out/renderer/assets/volume-x-BpLnAKit.js                                 0.42 kB │ gzip:     0.29 kB │ map:      1.26 kB
out/renderer/assets/calendar-fold-18ijnZoY.js                            0.42 kB │ gzip:     0.27 kB │ map:      1.33 kB
out/renderer/assets/cloud-sun-BuCbIyIh.js                                0.42 kB │ gzip:     0.28 kB │ map:      1.34 kB
out/renderer/assets/hand-DaCERsGj.js                                     0.42 kB │ gzip:     0.26 kB │ map:      1.24 kB
out/renderer/assets/hat-glasses-DEwoWWjv.js                              0.42 kB │ gzip:     0.28 kB │ map:      1.38 kB
out/renderer/assets/mic-off-6YXkrmJO.js                                  0.42 kB │ gzip:     0.27 kB │ map:      1.33 kB
out/renderer/assets/sun-moon-BEaZKkIq.js                                 0.42 kB │ gzip:     0.29 kB │ map:      1.31 kB
out/renderer/assets/badge-swiss-franc-BEEyzCXf.js                        0.42 kB │ gzip:     0.26 kB │ map:      1.29 kB
out/renderer/assets/spline-pointer-9KUFsav1.js                           0.42 kB │ gzip:     0.30 kB │ map:      1.33 kB
out/renderer/assets/worm-iqmvu75j.js                                     0.42 kB │ gzip:     0.30 kB │ map:      1.17 kB
out/renderer/assets/cloud-drizzle-CWw9qgPT.js                            0.42 kB │ gzip:     0.26 kB │ map:      1.42 kB
out/renderer/assets/jsx-runtime-Sl-DjM20.js                              0.42 kB │ gzip:     0.29 kB │ map:      1.93 kB
out/renderer/assets/fold-horizontal-B0AAbw9b.js                          0.42 kB │ gzip:     0.25 kB │ map:      1.50 kB
out/renderer/assets/hand-metal-BCPNAZN_.js                               0.42 kB │ gzip:     0.28 kB │ map:      1.26 kB
out/renderer/assets/square-centerline-dashed-horizontal-BIqM0PcU.js      0.42 kB │ gzip:     0.27 kB │ map:      1.48 kB
out/renderer/assets/candy-cane-q6iab1Ar.js                               0.42 kB │ gzip:     0.29 kB │ map:      1.33 kB
out/renderer/assets/database-search-C89UECIm.js                          0.42 kB │ gzip:     0.29 kB │ map:      1.45 kB
out/renderer/assets/hammer-DO-9gU1J.js                                   0.42 kB │ gzip:     0.30 kB │ map:      1.18 kB
out/renderer/assets/mail-question-mark-BRIlUjz_.js                       0.42 kB │ gzip:     0.30 kB │ map:      1.30 kB
out/renderer/assets/square-centerline-dashed-vertical-C5zkfARJ.js        0.42 kB │ gzip:     0.26 kB │ map:      1.47 kB
out/renderer/assets/unfold-horizontal-CV8Yn-s5.js                        0.42 kB │ gzip:     0.26 kB │ map:      1.51 kB
out/renderer/assets/cloud-hail-COYSJgGl.js                               0.42 kB │ gzip:     0.26 kB │ map:      1.41 kB
out/renderer/assets/file-chart-column-_Fq62YmL.js                        0.42 kB │ gzip:     0.28 kB │ map:      1.36 kB
out/renderer/assets/fold-vertical-DJ8okz-F.js                            0.42 kB │ gzip:     0.25 kB │ map:      1.49 kB
out/renderer/assets/loader-CYRdVCaZ.js                                   0.42 kB │ gzip:     0.25 kB │ map:      1.48 kB
out/renderer/assets/baby-Chft2lD_.js                                     0.42 kB │ gzip:     0.28 kB │ map:      1.23 kB
out/renderer/assets/bell-electric-DQlySw_T.js                            0.42 kB │ gzip:     0.29 kB │ map:      1.48 kB
out/renderer/assets/bell-ring-ZYYi5APj.js                                0.42 kB │ gzip:     0.30 kB │ map:      1.26 kB
out/renderer/assets/scissors-line-dashed-DfoDwLCh.js                     0.42 kB │ gzip:     0.27 kB │ map:      1.52 kB
out/renderer/assets/shield-ellipsis-BqnQ8Pbo.js                          0.42 kB │ gzip:     0.29 kB │ map:      1.29 kB
out/renderer/assets/sofa-NCozYNAW.js                                     0.42 kB │ gzip:     0.26 kB │ map:      1.29 kB
out/renderer/assets/test-tubes-DAR7N7kE.js                               0.42 kB │ gzip:     0.25 kB │ map:      1.35 kB
out/renderer/assets/chess-bishop-DpaN2srS.js                             0.42 kB │ gzip:     0.29 kB │ map:      1.29 kB
out/renderer/assets/circle-parking-off-BXxyBjUJ.js                       0.42 kB │ gzip:     0.29 kB │ map:      1.40 kB
out/renderer/assets/ruler-QwuWUzHp.js                                    0.42 kB │ gzip:     0.26 kB │ map:      1.30 kB
out/renderer/assets/umbrella-off-DvOLaWqg.js                             0.42 kB │ gzip:     0.29 kB │ map:      1.32 kB
out/renderer/assets/unfold-vertical-BhQvGDO7.js                          0.42 kB │ gzip:     0.25 kB │ map:      1.50 kB
out/renderer/assets/chart-no-axes-combined-BeUAS7_p.js                   0.43 kB │ gzip:     0.28 kB │ map:      1.43 kB
out/renderer/assets/map-pinned-nqnYBK9z.js                               0.43 kB │ gzip:     0.31 kB │ map:      1.26 kB
out/renderer/assets/mouse-pointer-click-BN8DfiFm.js                      0.43 kB │ gzip:     0.29 kB │ map:      1.39 kB
out/renderer/assets/text-cursor-input-BDcuUJuC.js                        0.43 kB │ gzip:     0.26 kB │ map:      1.33 kB
out/renderer/assets/car-front-DWYAyRAq.js                                0.43 kB │ gzip:     0.29 kB │ map:      1.42 kB
out/renderer/assets/file-image-DQAmlLMo.js                               0.43 kB │ gzip:     0.29 kB │ map:      1.29 kB
out/renderer/assets/heart-crack-BY8Excfb.js                              0.43 kB │ gzip:     0.31 kB │ map:      1.18 kB
out/renderer/assets/piano-DUDhcomo.js                                    0.43 kB │ gzip:     0.27 kB │ map:      1.36 kB
out/renderer/assets/plane-takeoff-B7MkgFme.js                            0.43 kB │ gzip:     0.30 kB │ map:      1.15 kB
out/renderer/assets/shield-off-Cwx06f58.js                               0.43 kB │ gzip:     0.30 kB │ map:      1.23 kB
out/renderer/assets/waves-arrow-up-jO7DeVpV.js                           0.43 kB │ gzip:     0.25 kB │ map:      1.32 kB
out/renderer/assets/cigarette-off-DaUpsfoN.js                            0.43 kB │ gzip:     0.26 kB │ map:      1.38 kB
out/renderer/assets/cloud-moon-rain-Dcm-SVLr.js                          0.43 kB │ gzip:     0.30 kB │ map:      1.29 kB
out/renderer/assets/magnet-Ckgyf-BK.js                                   0.43 kB │ gzip:     0.26 kB │ map:      1.18 kB
out/renderer/assets/mail-search-BNW7HvHl.js                              0.43 kB │ gzip:     0.30 kB │ map:      1.33 kB
out/renderer/assets/save-all-fuxM_cnW.js                                 0.43 kB │ gzip:     0.27 kB │ map:      1.26 kB
out/renderer/assets/usb-BW4tutAu.js                                      0.43 kB │ gzip:     0.28 kB │ map:      1.45 kB
out/renderer/assets/bell-check-yFGysgz8.js                               0.43 kB │ gzip:     0.30 kB │ map:      1.28 kB
out/renderer/assets/brush-cleaning-Bf47RqCl.js                           0.43 kB │ gzip:     0.28 kB │ map:      1.29 kB
out/renderer/assets/cloud-snow-c_Nhvbuy.js                               0.43 kB │ gzip:     0.26 kB │ map:      1.42 kB
out/renderer/assets/file-digit-CfP_Qokp.js                               0.43 kB │ gzip:     0.29 kB │ map:      1.38 kB
out/renderer/assets/scan-text-DNX4swo_.js                                0.43 kB │ gzip:     0.26 kB │ map:      1.42 kB
out/renderer/assets/locate-fixed-DFO3qhnN.js                             0.43 kB │ gzip:     0.25 kB │ map:      1.59 kB
out/renderer/assets/logs-CrciloDB.js                                     0.43 kB │ gzip:     0.23 kB │ map:      1.51 kB
out/renderer/assets/brick-wall-6MBfktHP.js                               0.43 kB │ gzip:     0.26 kB │ map:      1.53 kB
out/renderer/assets/haze-BW1151FA.js                                     0.43 kB │ gzip:     0.26 kB │ map:      1.46 kB
out/renderer/assets/printer-x-fD-Thr-6.js                                0.43 kB │ gzip:     0.27 kB │ map:      1.30 kB
out/renderer/assets/map-pin-house-Bj2JLyl-.js                            0.43 kB │ gzip:     0.30 kB │ map:      1.34 kB
out/renderer/assets/phone-missed-Bzq3fgYW.js                             0.43 kB │ gzip:     0.28 kB │ map:      1.21 kB
out/renderer/assets/roller-coaster-DpvU-Hb7.js                           0.43 kB │ gzip:     0.27 kB │ map:      1.44 kB
out/renderer/assets/waypoints-DzopX97Q.js                                0.43 kB │ gzip:     0.25 kB │ map:      1.55 kB
out/renderer/assets/aperture-CwCJxWgT.js                                 0.43 kB │ gzip:     0.28 kB │ map:      1.45 kB
out/renderer/assets/badge-question-mark-r-raZ544.js                      0.43 kB │ gzip:     0.28 kB │ map:      1.29 kB
out/renderer/assets/bot-message-square-pbwBlFq2.js                       0.43 kB │ gzip:     0.27 kB │ map:      1.45 kB
out/renderer/assets/dices-NMuQH4XM.js                                    0.43 kB │ gzip:     0.28 kB │ map:      1.42 kB
out/renderer/assets/kayak-D_lBzTpm.js                                    0.43 kB │ gzip:     0.28 kB │ map:      1.25 kB
out/renderer/assets/package-minus-OyX9H5jf.js                            0.43 kB │ gzip:     0.29 kB │ map:      1.35 kB
out/renderer/assets/truck-kVZBnUOG.js                                    0.43 kB │ gzip:     0.29 kB │ map:      1.36 kB
out/renderer/assets/badge-indian-rupee-D_SR_CtT.js                       0.43 kB │ gzip:     0.27 kB │ map:      1.31 kB
out/renderer/assets/car-8bXgPWaD.js                                      0.43 kB │ gzip:     0.31 kB │ map:      1.29 kB
out/renderer/assets/cherry-AopyHzcg.js                                   0.43 kB │ gzip:     0.28 kB │ map:      1.22 kB
out/renderer/assets/factory-CFVcGSGo.js                                  0.43 kB │ gzip:     0.27 kB │ map:      1.25 kB
out/renderer/assets/file-chart-column-increasing-BqrCtUkI.js             0.43 kB │ gzip:     0.28 kB │ map:      1.42 kB
out/renderer/assets/film-DX5jHsNu.js                                     0.43 kB │ gzip:     0.26 kB │ map:      1.51 kB
out/renderer/assets/fire-extinguisher-BJ77D0_5.js                        0.43 kB │ gzip:     0.28 kB │ map:      1.40 kB
out/renderer/assets/phone-incoming-BJsAj32E.js                           0.43 kB │ gzip:     0.29 kB │ map:      1.23 kB
out/renderer/assets/scan-barcode-BaSw9Mgl.js                             0.43 kB │ gzip:     0.26 kB │ map:      1.44 kB
out/renderer/assets/tower-control-BK9wMuno.js                            0.43 kB │ gzip:     0.28 kB │ map:      1.45 kB
out/renderer/assets/anvil-cugiZyfE.js                                    0.43 kB │ gzip:     0.26 kB │ map:      1.31 kB
out/renderer/assets/file-play-DeZcj9QC.js                                0.43 kB │ gzip:     0.29 kB │ map:      1.24 kB
out/renderer/assets/hamburger-DMT0nF_e.js                                0.43 kB │ gzip:     0.28 kB │ map:      1.27 kB
out/renderer/assets/phone-outgoing-DiG5XnDU.js                           0.43 kB │ gzip:     0.29 kB │ map:      1.23 kB
out/renderer/assets/scan-heart-BIpk6IQW.js                               0.43 kB │ gzip:     0.28 kB │ map:      1.34 kB
out/renderer/assets/squirrel-Bnuk6gkJ.js                                 0.43 kB │ gzip:     0.29 kB │ map:      1.26 kB
out/renderer/assets/piggy-bank-BNm9UggE.js                               0.44 kB │ gzip:     0.28 kB │ map:      1.21 kB
out/renderer/assets/plane-landing-4fonZvFL.js                            0.44 kB │ gzip:     0.32 kB │ map:      1.16 kB
out/renderer/assets/sliders-horizontal-BV96K3UL.js                       0.44 kB │ gzip:     0.25 kB │ map:      1.60 kB
out/renderer/assets/align-center-vertical-B1-VCj9L.js                    0.44 kB │ gzip:     0.27 kB │ map:      1.36 kB
out/renderer/assets/map-f_78BaqB.js                                      0.44 kB │ gzip:     0.28 kB │ map:      1.19 kB
out/renderer/assets/phone-forwarded-Bw22nhyk.js                          0.44 kB │ gzip:     0.29 kB │ map:      1.24 kB
out/renderer/assets/shopping-basket-DAzkF2i8.js                          0.44 kB │ gzip:     0.28 kB │ map:      1.45 kB
out/renderer/assets/toolbox-Cglqqy15.js                                  0.44 kB │ gzip:     0.27 kB │ map:      1.32 kB
out/renderer/assets/clipboard-list-BXc5tZHV.js                           0.44 kB │ gzip:     0.28 kB │ map:      1.49 kB
out/renderer/assets/shelving-unit-Bq70NGiY.js                            0.44 kB │ gzip:     0.26 kB │ map:      1.44 kB
out/renderer/assets/sticker-D09W_Xa5.js                                  0.44 kB │ gzip:     0.28 kB │ map:      1.32 kB
out/renderer/assets/wifi-pen-WgSK3wGK.js                                 0.44 kB │ gzip:     0.30 kB │ map:      1.27 kB
out/renderer/assets/zap-off-Mm4YeM1C.js                                  0.44 kB │ gzip:     0.30 kB │ map:      1.26 kB
out/renderer/assets/align-center-horizontal-BnUI1ZVS.js                  0.44 kB │ gzip:     0.27 kB │ map:      1.37 kB
out/renderer/assets/badge-pound-sterling--d67uacl.js                     0.44 kB │ gzip:     0.27 kB │ map:      1.33 kB
out/renderer/assets/notebook-text-Bf5A0kvr.js                            0.44 kB │ gzip:     0.27 kB │ map:      1.56 kB
out/renderer/assets/server-crash-CwHqvriG.js                             0.44 kB │ gzip:     0.26 kB │ map:      1.38 kB
out/renderer/assets/book-open-text-Dn17juoH.js                           0.44 kB │ gzip:     0.26 kB │ map:      1.43 kB
out/renderer/assets/cable-car-DQBt1gQC.js                                0.44 kB │ gzip:     0.28 kB │ map:      1.54 kB
out/renderer/assets/calendar-range-DyKVPt7U.js                           0.44 kB │ gzip:     0.28 kB │ map:      1.57 kB
out/renderer/assets/carrot-mYCNQ09D.js                                   0.44 kB │ gzip:     0.30 kB │ map:      1.20 kB
out/renderer/assets/eye-off-D8dr7JVV.js                                  0.44 kB │ gzip:     0.28 kB │ map:      1.31 kB
out/renderer/assets/hand-coins-D0vGakMx.js                               0.44 kB │ gzip:     0.31 kB │ map:      1.40 kB
out/renderer/assets/package-check-DBxh8lwc.js                            0.44 kB │ gzip:     0.30 kB │ map:      1.36 kB
out/renderer/assets/flashlight-off-C6_1t06F.js                           0.44 kB │ gzip:     0.30 kB │ map:      1.38 kB
out/renderer/assets/spotlight-qMOeKYvQ.js                                0.44 kB │ gzip:     0.30 kB │ map:      1.34 kB
out/renderer/assets/tags-DEJLCY6L.js                                     0.44 kB │ gzip:     0.30 kB │ map:      1.25 kB
out/renderer/assets/transgender-MnqoXpXc.js                              0.44 kB │ gzip:     0.27 kB │ map:      1.53 kB
out/renderer/assets/briefcase-conveyor-belt-CtjqD1rU.js                  0.44 kB │ gzip:     0.28 kB │ map:      1.55 kB
out/renderer/assets/camera-off-2heKYfAw.js                               0.44 kB │ gzip:     0.30 kB │ map:      1.30 kB
out/renderer/assets/headphone-off-BFLG2Z6q.js                            0.44 kB │ gzip:     0.28 kB │ map:      1.36 kB
out/renderer/assets/map-minus-BfPp_xXu.js                                0.44 kB │ gzip:     0.29 kB │ map:      1.27 kB
out/renderer/assets/chart-candlestick-0-XNX8AG.js                        0.44 kB │ gzip:     0.29 kB │ map:      1.58 kB
out/renderer/assets/construction-BVTQXJtO.js                             0.44 kB │ gzip:     0.28 kB │ map:      1.57 kB
out/renderer/assets/biceps-flexed-CkmjcXOQ.js                            0.45 kB │ gzip:     0.32 kB │ map:      1.24 kB
out/renderer/assets/boom-box-bKDOJhB1.js                                 0.45 kB │ gzip:     0.28 kB │ map:      1.54 kB
out/renderer/assets/castle-CXGKc4Gu.js                                   0.45 kB │ gzip:     0.27 kB │ map:      1.48 kB
out/renderer/assets/clover-BW_Uougk.js                                   0.45 kB │ gzip:     0.26 kB │ map:      1.20 kB
out/renderer/assets/file-type-corner-DAnlEO37.js                         0.45 kB │ gzip:     0.29 kB │ map:      1.38 kB
out/renderer/assets/ruler-dimension-line-3857mte1.js                     0.45 kB │ gzip:     0.27 kB │ map:      1.60 kB
out/renderer/assets/sunrise-B4nt72hF.js                                  0.45 kB │ gzip:     0.27 kB │ map:      1.49 kB
out/renderer/assets/sunset-DdDl_axb.js                                   0.45 kB │ gzip:     0.27 kB │ map:      1.48 kB
out/renderer/assets/calendar-heart-UIZwXAvC.js                           0.45 kB │ gzip:     0.29 kB │ map:      1.38 kB
out/renderer/assets/file-signal-B_5Rswvi.js                              0.45 kB │ gzip:     0.29 kB │ map:      1.35 kB
out/renderer/assets/ham-CAhqnM_W.js                                      0.45 kB │ gzip:     0.28 kB │ map:      1.29 kB
out/renderer/assets/house-plug-CgvKKkdl.js                               0.45 kB │ gzip:     0.27 kB │ map:      1.30 kB
out/renderer/assets/layers-BfbcC_-X.js                                   0.45 kB │ gzip:     0.26 kB │ map:      1.27 kB
out/renderer/assets/scan-face-Bp13zwfj.js                                0.45 kB │ gzip:     0.27 kB │ map:      1.44 kB
out/renderer/assets/bot-off-DUYOEuiX.js                                  0.45 kB │ gzip:     0.27 kB │ map:      1.43 kB
out/renderer/assets/chunk-FOC6F5B3-BhAfLtbS.js                           0.45 kB │ gzip:     0.31 kB │ map:      1.94 kB
out/renderer/assets/octagon-x-DQLAMDqg.js                                0.45 kB │ gzip:     0.28 kB │ map:      1.22 kB
out/renderer/assets/sliders-vertical-Db5BZYpk.js                         0.45 kB │ gzip:     0.26 kB │ map:      1.59 kB
out/renderer/assets/phone-call-CHzlZZxZ.js                               0.45 kB │ gzip:     0.29 kB │ map:      1.23 kB
out/renderer/assets/wine-off-BVPxHIur.js                                 0.45 kB │ gzip:     0.32 kB │ map:      1.38 kB
out/renderer/assets/alarm-smoke-Cy9xQNg9.js                              0.45 kB │ gzip:     0.27 kB │ map:      1.34 kB
out/renderer/assets/barrel-DWfma75o.js                                   0.45 kB │ gzip:     0.26 kB │ map:      1.34 kB
out/renderer/assets/clock-fading-DQkqZT6d.js                             0.45 kB │ gzip:     0.28 kB │ map:      1.40 kB
out/renderer/assets/file-sliders-DxjaZdLm.js                             0.45 kB │ gzip:     0.28 kB │ map:      1.42 kB
out/renderer/assets/folder-sync-BeapaEgg.js                              0.45 kB │ gzip:     0.29 kB │ map:      1.36 kB
out/renderer/assets/group-BYKU00lI.js                                    0.45 kB │ gzip:     0.29 kB │ map:      1.47 kB
out/renderer/assets/file-pen-D1Ep4kAE.js                                 0.45 kB │ gzip:     0.31 kB │ map:      1.25 kB
out/renderer/assets/file-type-B1kAFmOH.js                                0.45 kB │ gzip:     0.29 kB │ map:      1.35 kB
out/renderer/assets/octagon-pause-BK3Y6BPj.js                            0.45 kB │ gzip:     0.27 kB │ map:      1.24 kB
out/renderer/assets/unplug-BGjByotD.js                                   0.45 kB │ gzip:     0.27 kB │ map:      1.41 kB
out/renderer/assets/clipboard-pen-oeIFEYp5.js                            0.45 kB │ gzip:     0.31 kB │ map:      1.36 kB
out/renderer/assets/megaphone-off-DkhQWj9t.js                            0.45 kB │ gzip:     0.30 kB │ map:      1.35 kB
out/renderer/assets/chunk-2KRD3SAO-DNeiBjZr.js                           0.45 kB │ gzip:     0.31 kB │ map:      1.93 kB
out/renderer/assets/file-spreadsheet-DF-jivSb.js                         0.45 kB │ gzip:     0.28 kB │ map:      1.45 kB
out/renderer/assets/repeat-off-jHF9FuO9.js                               0.45 kB │ gzip:     0.29 kB │ map:      1.45 kB
out/renderer/assets/bean-off-vmcrU3f_.js                                 0.46 kB │ gzip:     0.32 kB │ map:      1.36 kB
out/renderer/assets/octagon-alert-CFjLJyc-.js                            0.46 kB │ gzip:     0.27 kB │ map:      1.24 kB
out/renderer/assets/van-BzsVxtwi.js                                      0.46 kB │ gzip:     0.30 kB │ map:      1.39 kB
out/renderer/assets/chunk-67CJDMHE-C5v5XnA_.js                           0.46 kB │ gzip:     0.31 kB │ map:      1.98 kB
out/renderer/assets/chunk-KGLVRYIC-B23bYnTT.js                           0.46 kB │ gzip:     0.31 kB │ map:      1.92 kB
out/renderer/assets/badge-japanese-yen-CNF_1FfV.js                       0.46 kB │ gzip:     0.27 kB │ map:      1.39 kB
out/renderer/assets/file-archive-Bm3cuD4c.js                             0.46 kB │ gzip:     0.30 kB │ map:      1.46 kB
out/renderer/assets/wand-B1aMu7_u.js                                     0.46 kB │ gzip:     0.27 kB │ map:      1.55 kB
out/renderer/assets/shredder-CS6lfe8P.js                                 0.46 kB │ gzip:     0.28 kB │ map:      1.47 kB
out/renderer/assets/atom-kRubnAy0.js                                     0.46 kB │ gzip:     0.30 kB │ map:      1.27 kB
out/renderer/assets/database-backup-Cyn8cKMO.js                          0.46 kB │ gzip:     0.31 kB │ map:      1.49 kB
out/renderer/assets/milk-off-BDM3iKKp.js                                 0.46 kB │ gzip:     0.31 kB │ map:      1.33 kB
out/renderer/assets/replace-CSidsrIJ.js                                  0.46 kB │ gzip:     0.29 kB │ map:      1.50 kB
out/renderer/assets/route-off-IQ3CmmsI.js                                0.46 kB │ gzip:     0.30 kB │ map:      1.50 kB
out/renderer/assets/chart-network-B_KNLaK9.js                            0.46 kB │ gzip:     0.29 kB │ map:      1.56 kB
out/renderer/assets/chess-rook-BnJLm2kn.js                               0.46 kB │ gzip:     0.27 kB │ map:      1.47 kB
out/renderer/assets/combine-xyYuhVPs.js                                  0.46 kB │ gzip:     0.27 kB │ map:      1.49 kB
out/renderer/assets/medal-DfcIfJzZ.js                                    0.46 kB │ gzip:     0.30 kB │ map:      1.43 kB
out/renderer/assets/rocket-Dp4ypber.js                                   0.46 kB │ gzip:     0.31 kB │ map:      1.33 kB
out/renderer/assets/church-46XA5BG9.js                                   0.46 kB │ gzip:     0.30 kB │ map:      1.38 kB
out/renderer/assets/keyboard-C1zLwUaU.js                                 0.46 kB │ gzip:     0.26 kB │ map:      1.64 kB
out/renderer/assets/traffic-cone-DpVxyEJ0.js                             0.46 kB │ gzip:     0.31 kB │ map:      1.32 kB
out/renderer/assets/ear-off-Cx7iwP16.js                                  0.47 kB │ gzip:     0.32 kB │ map:      1.36 kB
out/renderer/assets/sandwich-DBMy8CPX.js                                 0.47 kB │ gzip:     0.31 kB │ map:      1.38 kB
out/renderer/assets/car-taxi-front-C4s7-RlF.js                           0.47 kB │ gzip:     0.31 kB │ map:      1.55 kB
out/renderer/assets/leafy-green-kqcEdAqu.js                              0.47 kB │ gzip:     0.32 kB │ map:      1.18 kB
out/renderer/assets/rabbit-n5szTShI.js                                   0.47 kB │ gzip:     0.31 kB │ map:      1.35 kB
out/renderer/assets/radio-off-BV4lzt0Y.js                                0.47 kB │ gzip:     0.30 kB │ map:      1.40 kB
out/renderer/assets/rat-C-4EDl_d.js                                      0.47 kB │ gzip:     0.31 kB │ map:      1.34 kB
out/renderer/assets/fence-CczqfS9f.js                                    0.47 kB │ gzip:     0.25 kB │ map:      1.44 kB
out/renderer/assets/file-video-camera-KSp7Zrg9.js                        0.47 kB │ gzip:     0.33 kB │ map:      1.43 kB
out/renderer/assets/flower-2-_twJVlks.js                                 0.47 kB │ gzip:     0.30 kB │ map:      1.39 kB
out/renderer/assets/pizza-CqGPTve-.js                                    0.47 kB │ gzip:     0.30 kB │ map:      1.35 kB
out/renderer/assets/squares-subtract-BTfHtSop.js                         0.47 kB │ gzip:     0.27 kB │ map:      1.47 kB
out/renderer/assets/chess-king-S5yYkeb8.js                               0.47 kB │ gzip:     0.32 kB │ map:      1.32 kB
out/renderer/assets/notebook-tabs-C1Fj8RxG.js                            0.47 kB │ gzip:     0.28 kB │ map:      1.65 kB
out/renderer/assets/rose-cacK_T7M.js                                     0.47 kB │ gzip:     0.33 kB │ map:      1.39 kB
out/renderer/assets/shrimp-BpMuF40P.js                                   0.47 kB │ gzip:     0.31 kB │ map:      1.36 kB
out/renderer/assets/handshake-DnN4jX5L.js                                0.47 kB │ gzip:     0.30 kB │ map:      1.37 kB
out/renderer/assets/package-plus-jsXnC0Fl.js                             0.47 kB │ gzip:     0.30 kB │ map:      1.45 kB
out/renderer/assets/container-Cr8-UIvH.js                                0.47 kB │ gzip:     0.31 kB │ map:      1.37 kB
out/renderer/assets/server-off-DQ6A8LSR.js                               0.47 kB │ gzip:     0.29 kB │ map:      1.41 kB
out/renderer/assets/hand-grab-BZFAytd0.js                                0.47 kB │ gzip:     0.26 kB │ map:      1.36 kB
out/renderer/assets/phone-off-DMRjasMN.js                                0.47 kB │ gzip:     0.30 kB │ map:      1.28 kB
out/renderer/assets/amphora-DYjKseX0.js                                  0.48 kB │ gzip:     0.29 kB │ map:      1.41 kB
out/renderer/assets/bus-front-atHSIPC-.js                                0.48 kB │ gzip:     0.29 kB │ map:      1.64 kB
out/renderer/assets/footprints-iCzxmZJw.js                               0.48 kB │ gzip:     0.32 kB │ map:      1.35 kB
out/renderer/assets/forklift-B7CgZKXg.js                                 0.48 kB │ gzip:     0.30 kB │ map:      1.55 kB
out/renderer/assets/train-front-tunnel-BkDbj-_c.js                       0.48 kB │ gzip:     0.30 kB │ map:      1.51 kB
out/renderer/assets/file-pen-line-Bd9UIlJ_.js                            0.48 kB │ gzip:     0.31 kB │ map:      1.38 kB
out/renderer/assets/keyboard-music-CXe3Olmu.js                           0.48 kB │ gzip:     0.28 kB │ map:      1.67 kB
out/renderer/assets/shovel-DahQvCNj.js                                   0.48 kB │ gzip:     0.31 kB │ map:      1.27 kB
out/renderer/assets/package-x-DX3_b2sz.js                                0.48 kB │ gzip:     0.31 kB │ map:      1.44 kB
out/renderer/assets/panel-top-bottom-dashed-BJd1TKxz.js                  0.48 kB │ gzip:     0.28 kB │ map:      1.71 kB
out/renderer/assets/sticky-notes-kBfizpTw.js                             0.48 kB │ gzip:     0.27 kB │ map:      1.36 kB
out/renderer/assets/tickets-plane-CgOLIxsl.js                            0.48 kB │ gzip:     0.32 kB │ map:      1.54 kB
out/renderer/assets/volleyball-OxLPzDBX.js                               0.48 kB │ gzip:     0.30 kB │ map:      1.44 kB
out/renderer/assets/bus-FIDUNtPP.js                                      0.48 kB │ gzip:     0.31 kB │ map:      1.52 kB
out/renderer/assets/helicopter-BjK5jqdm.js                               0.48 kB │ gzip:     0.28 kB │ map:      1.55 kB
out/renderer/assets/map-plus-DDRHvPnH.js                                 0.48 kB │ gzip:     0.31 kB │ map:      1.37 kB
out/renderer/assets/radio-tower-CYW6TpNP.js                              0.48 kB │ gzip:     0.31 kB │ map:      1.51 kB
out/renderer/assets/key-square-D0yPY_wE.js                               0.48 kB │ gzip:     0.30 kB │ map:      1.29 kB
out/renderer/assets/school-fjb2k7YV.js                                   0.48 kB │ gzip:     0.31 kB │ map:      1.45 kB
out/renderer/assets/square-scissors-D57fQe03.js                          0.48 kB │ gzip:     0.30 kB │ map:      1.67 kB
out/renderer/assets/image-off-C-H6G91M.js                                0.48 kB │ gzip:     0.30 kB │ map:      1.58 kB
out/renderer/assets/pen-tool-C5oSqNrW.js                                 0.48 kB │ gzip:     0.31 kB │ map:      1.39 kB
out/renderer/assets/file-badge-BaPkRKRT.js                               0.48 kB │ gzip:     0.33 kB │ map:      1.38 kB
out/renderer/assets/panel-left-right-dashed-BHMxoQBO.js                  0.48 kB │ gzip:     0.28 kB │ map:      1.71 kB
out/renderer/assets/sun-BoxMfotM.js                                      0.48 kB │ gzip:     0.27 kB │ map:      1.61 kB
out/renderer/assets/heart-handshake-B3kFs5b2.js                          0.48 kB │ gzip:     0.32 kB │ map:      1.16 kB
out/renderer/assets/cat-M1iayEFr.js                                      0.49 kB │ gzip:     0.33 kB │ map:      1.29 kB
out/renderer/assets/earth-lock-DEPg78rj.js                               0.49 kB │ gzip:     0.31 kB │ map:      1.48 kB
out/renderer/assets/origami-xymc5aBp.js                                  0.49 kB │ gzip:     0.32 kB │ map:      1.28 kB
out/renderer/assets/waves-arrow-down-DL_bcaeN.js                         0.49 kB │ gzip:     0.31 kB │ map:      1.39 kB
out/renderer/assets/pointer-BF3RiBTt.js                                  0.49 kB │ gzip:     0.29 kB │ map:      1.38 kB
out/renderer/assets/wifi-off-BxkSU2vd.js                                 0.49 kB │ gzip:     0.29 kB │ map:      1.47 kB
out/renderer/assets/scan-eye-CmP3wX12.js                                 0.49 kB │ gzip:     0.30 kB │ map:      1.47 kB
out/renderer/assets/chess-knight-D-M9iLq5.js                             0.49 kB │ gzip:     0.32 kB │ map:      1.42 kB
out/renderer/assets/circle-fading-plus-BuzlktXV.js                       0.49 kB │ gzip:     0.29 kB │ map:      1.53 kB
out/renderer/assets/file-braces-corner-C7n5YZR7.js                       0.49 kB │ gzip:     0.29 kB │ map:      1.40 kB
out/renderer/assets/message-square-heart-C2S8LiYR.js                     0.49 kB │ gzip:     0.33 kB │ map:      1.28 kB
out/renderer/assets/tree-palm-YHj31PZw.js                                0.49 kB │ gzip:     0.34 kB │ map:      1.34 kB
out/renderer/assets/file-scan-DdwbuGvV.js                                0.49 kB │ gzip:     0.29 kB │ map:      1.45 kB
out/renderer/assets/beer-DLUaLB3T.js                                     0.49 kB │ gzip:     0.31 kB │ map:      1.37 kB
out/renderer/assets/cloud-sun-rain-D6iX2VAY.js                           0.49 kB │ gzip:     0.30 kB │ map:      1.57 kB
out/renderer/assets/file-chart-pie-D8TYQZAD.js                           0.49 kB │ gzip:     0.33 kB │ map:      1.39 kB
out/renderer/assets/sun-dim-BSJA-Yv3.js                                  0.49 kB │ gzip:     0.27 kB │ map:      1.63 kB
out/renderer/assets/tooltipContext-DMbpq6iZ.js                           0.49 kB │ gzip:     0.27 kB │ map:      2.95 kB
out/renderer/assets/chunk-CIAEETIT-C_1LxkL_.js                           0.50 kB │ gzip:     0.35 kB │ map:      2.06 kB
out/renderer/assets/ferris-wheel-CFJ7xy_a.js                             0.50 kB │ gzip:     0.30 kB │ map:      1.66 kB
out/renderer/assets/file-braces-BZcYrHXA.js                              0.50 kB │ gzip:     0.29 kB │ map:      1.37 kB
out/renderer/assets/hand-platter-S29TN9be.js                             0.50 kB │ gzip:     0.33 kB │ map:      1.47 kB
out/renderer/assets/save-off-B8uNgSuI.js                                 0.50 kB │ gzip:     0.31 kB │ map:      1.50 kB
out/renderer/assets/siren-ip7Fvj7p.js                                    0.50 kB │ gzip:     0.29 kB │ map:      1.55 kB
out/renderer/assets/soap-dispenser-droplet-FSt9hZM9.js                   0.50 kB │ gzip:     0.33 kB │ map:      1.43 kB
out/renderer/assets/package-search-onfihcv8.js                           0.50 kB │ gzip:     0.33 kB │ map:      1.51 kB
out/renderer/assets/settings-Pr862CSM.js                                 0.50 kB │ gzip:     0.27 kB │ map:      1.24 kB
out/renderer/assets/star-Bd0F1WW1.js                                     0.50 kB │ gzip:     0.31 kB │ map:      1.12 kB
out/renderer/assets/wifi-sync-Ib_vvB9h.js                                0.50 kB │ gzip:     0.30 kB │ map:      1.49 kB
out/renderer/assets/circle-fading-arrow-up-BUGR4mOC.js                   0.50 kB │ gzip:     0.30 kB │ map:      1.56 kB
out/renderer/assets/clipboard-pen-line-BR_f8TXf.js                       0.50 kB │ gzip:     0.32 kB │ map:      1.51 kB
out/renderer/assets/thermometer-snowflake-DTbVEpOe.js                    0.50 kB │ gzip:     0.32 kB │ map:      1.62 kB
out/renderer/assets/map-pin-off-D7GlsPbu.js                              0.50 kB │ gzip:     0.33 kB │ map:      1.41 kB
out/renderer/assets/microchip-JYntEJoJ.js                                0.50 kB │ gzip:     0.28 kB │ map:      1.73 kB
out/renderer/assets/notebook-pen-DH5vYXqJ.js                             0.50 kB │ gzip:     0.30 kB │ map:      1.47 kB
out/renderer/assets/salad-BCSJpqGY.js                                    0.50 kB │ gzip:     0.30 kB │ map:      1.38 kB
out/renderer/assets/square-dashed-top-solid-DBmM0qdR.js                  0.50 kB │ gzip:     0.27 kB │ map:      1.68 kB
out/renderer/assets/trophy-BBOZkb7N.js                                   0.50 kB │ gzip:     0.29 kB │ map:      1.42 kB
out/renderer/assets/volume-off-Cxra9qAz.js                               0.50 kB │ gzip:     0.33 kB │ map:      1.40 kB
out/renderer/assets/lamp-desk-CFsJispD.js                                0.50 kB │ gzip:     0.32 kB │ map:      1.35 kB
out/renderer/assets/image-upscale-7zr6T-CD.js                            0.50 kB │ gzip:     0.31 kB │ map:      1.63 kB
out/renderer/assets/cable-X_twg0y_.js                                    0.51 kB │ gzip:     0.28 kB │ map:      1.52 kB
out/renderer/assets/calendar-days-DM_SqD2j.js                            0.51 kB │ gzip:     0.27 kB │ map:      1.77 kB
out/renderer/assets/folder-tree-BtUsOb9s.js                              0.51 kB │ gzip:     0.28 kB │ map:      1.38 kB
out/renderer/assets/ship-DZ_-0QRV.js                                     0.51 kB │ gzip:     0.30 kB │ map:      1.41 kB
out/renderer/assets/sparkles-vQ8t7WCW.js                                 0.51 kB │ gzip:     0.29 kB │ map:      1.37 kB
out/renderer/assets/webhook-off-1jzWmHgo.js                              0.51 kB │ gzip:     0.32 kB │ map:      1.51 kB
out/renderer/assets/circle-star-Cot1qYXi.js                              0.51 kB │ gzip:     0.33 kB │ map:      1.25 kB
out/renderer/assets/solar-panel-CzsqI2Ha.js                              0.51 kB │ gzip:     0.32 kB │ map:      1.54 kB
out/renderer/assets/sun-medium-8_isvQ4X.js                               0.51 kB │ gzip:     0.29 kB │ map:      1.65 kB
out/renderer/assets/layers-plus-CzJT7FUK.js                              0.51 kB │ gzip:     0.30 kB │ map:      1.41 kB
out/renderer/assets/store-DhkqoK_T.js                                    0.51 kB │ gzip:     0.29 kB │ map:      1.28 kB
out/renderer/assets/blender-BDKu-0Rt.js                                  0.51 kB │ gzip:     0.32 kB │ map:      1.46 kB
out/renderer/assets/cake-C5x94w1x.js                                     0.51 kB │ gzip:     0.28 kB │ map:      1.60 kB
out/renderer/assets/drill-CQ4RFnMr.js                                    0.51 kB │ gzip:     0.29 kB │ map:      1.47 kB
out/renderer/assets/pointer-off-CwXGaRek.js                              0.52 kB │ gzip:     0.32 kB │ map:      1.50 kB
out/renderer/assets/scan-qr-code-B1bTgbsB.js                             0.52 kB │ gzip:     0.31 kB │ map:      1.64 kB
out/renderer/assets/calendar-sync-CnK1s359.js                            0.52 kB │ gzip:     0.30 kB │ map:      1.59 kB
out/renderer/assets/cctv-DxmTpHWa.js                                     0.52 kB │ gzip:     0.32 kB │ map:      1.42 kB
out/renderer/assets/palette-fZO8QeRf.js                                  0.52 kB │ gzip:     0.28 kB │ map:      1.59 kB
out/renderer/assets/square-star-Sfe5gEId.js                              0.52 kB │ gzip:     0.34 kB │ map:      1.29 kB
out/renderer/assets/hand-heart-CYinUJnS.js                               0.52 kB │ gzip:     0.35 kB │ map:      1.39 kB
out/renderer/assets/shower-head-nQnohw57.js                              0.52 kB │ gzip:     0.28 kB │ map:      1.70 kB
out/renderer/assets/wand-sparkles-B9ERypF5.js                            0.52 kB │ gzip:     0.30 kB │ map:      1.64 kB
out/renderer/assets/broccoli-Bx_l3gMj.js                                 0.53 kB │ gzip:     0.34 kB │ map:      1.39 kB
out/renderer/assets/zodiac-aquarius-DJCdMXpJ.js                          0.53 kB │ gzip:     0.26 kB │ map:      1.30 kB
out/renderer/assets/chunk-EDXVE4YY-DcanDe1U.js                           0.53 kB │ gzip:     0.37 kB │ map:      2.00 kB
out/renderer/assets/chart-scatter-BgKgAXUV.js                            0.53 kB │ gzip:     0.27 kB │ map:      1.69 kB
out/renderer/assets/radar-dOHxJ_h5.js                                    0.53 kB │ gzip:     0.32 kB │ map:      1.59 kB
out/renderer/assets/refresh-cw-off-DfVHhrl1.js                           0.53 kB │ gzip:     0.33 kB │ map:      1.54 kB
out/renderer/assets/grip-AaVJkIyV.js                                     0.53 kB │ gzip:     0.24 kB │ map:      1.87 kB
out/renderer/assets/hotel-CVkUd7Pf.js                                    0.53 kB │ gzip:     0.30 kB │ map:      1.74 kB
out/renderer/assets/brick-wall-fire-19FRA7IO.js                          0.53 kB │ gzip:     0.33 kB │ map:      1.60 kB
out/renderer/assets/codeowners-BdalGXuS.js                               0.54 kB │ gzip:     0.31 kB │ map:      1.06 kB
out/renderer/assets/codeowners-DEF5i02i.js                               0.54 kB │ gzip:     0.31 kB │ map:      1.04 kB
out/renderer/assets/dam-CReGjJ0t.js                                      0.54 kB │ gzip:     0.30 kB │ map:      1.53 kB
out/renderer/assets/panda-B9bbn_kc.js                                    0.54 kB │ gzip:     0.33 kB │ map:      1.48 kB
out/renderer/assets/unlink-DsitODY8.js                                   0.54 kB │ gzip:     0.30 kB │ map:      1.70 kB
out/renderer/assets/file-volume-BVOE_-YA.js                              0.54 kB │ gzip:     0.33 kB │ map:      1.42 kB
out/renderer/assets/ambulance-BElnrZsP.js                                0.54 kB │ gzip:     0.33 kB │ map:      1.62 kB
out/renderer/assets/ship-wheel-CqiWvORq.js                               0.55 kB │ gzip:     0.31 kB │ map:      1.78 kB
out/renderer/assets/star-off-D5zI5xGZ.js                                 0.55 kB │ gzip:     0.35 kB │ map:      1.34 kB
out/renderer/assets/university-4tT5oChm.js                               0.55 kB │ gzip:     0.33 kB │ map:      1.60 kB
out/renderer/assets/tool-case-Bc-2Uffz.js                                0.55 kB │ gzip:     0.36 kB │ map:      1.45 kB
out/renderer/assets/spray-can-C0phLbuc.js                                0.55 kB │ gzip:     0.31 kB │ map:      1.76 kB
out/renderer/assets/hand-fist-Cy6j-1pA.js                                0.55 kB │ gzip:     0.35 kB │ map:      1.39 kB
out/renderer/assets/keyboard-off-BLykVyQ7.js                             0.55 kB │ gzip:     0.31 kB │ map:      1.75 kB
out/renderer/assets/soup-D9UmRLyh.js                                     0.55 kB │ gzip:     0.30 kB │ map:      1.54 kB
out/renderer/assets/theater-BUhWI86U.js                                  0.55 kB │ gzip:     0.29 kB │ map:      1.67 kB
out/renderer/assets/truck-electric-CVRo5EiZ.js                           0.56 kB │ gzip:     0.33 kB │ map:      1.68 kB
out/renderer/assets/user-star-BC-6U3Gn.js                                0.56 kB │ gzip:     0.35 kB │ map:      1.35 kB
out/renderer/assets/calculator-BHPQgEwS.js                               0.56 kB │ gzip:     0.30 kB │ map:      1.87 kB
out/renderer/assets/guitar-BOUuZveZ.js                                   0.56 kB │ gzip:     0.34 kB │ map:      1.41 kB
out/renderer/assets/radiation-CIntCz5T.js                                0.56 kB │ gzip:     0.33 kB │ map:      1.46 kB
out/renderer/assets/memory-stick-DUAsesQy.js                             0.56 kB │ gzip:     0.29 kB │ map:      1.86 kB
out/renderer/assets/bow-arrow-BEyQN5Zt.js                                0.56 kB │ gzip:     0.34 kB │ map:      1.47 kB
out/renderer/assets/heater-DAYW8oIQ.js                                   0.56 kB │ gzip:     0.29 kB │ map:      1.74 kB
out/renderer/assets/file-box-Dnonlh1R.js                                 0.57 kB │ gzip:     0.34 kB │ map:      1.49 kB
out/renderer/assets/paintbrush-CdfWl_pl.js                               0.57 kB │ gzip:     0.35 kB │ map:      1.38 kB
out/renderer/assets/tractor-DqM0N-Oy.js                                  0.57 kB │ gzip:     0.33 kB │ map:      1.72 kB
out/renderer/assets/flatten-DxyxDkj9.js                                  0.57 kB │ gzip:     0.34 kB │ map:      5.97 kB
out/renderer/assets/lasso-select--CRuqlQG.js                             0.57 kB │ gzip:     0.36 kB │ map:      1.51 kB
out/renderer/assets/message-square-dashed-GS_utAgR.js                    0.57 kB │ gzip:     0.31 kB │ map:      1.80 kB
out/renderer/assets/cctv-off-DHTwSEuY.js                                 0.57 kB │ gzip:     0.35 kB │ map:      1.55 kB
out/renderer/assets/pencil-ruler-RW4Rqk4H.js                             0.57 kB │ gzip:     0.34 kB │ map:      1.60 kB
out/renderer/assets/grape-Kycy9v1i.js                                    0.57 kB │ gzip:     0.30 kB │ map:      1.88 kB
out/renderer/assets/triangle-dashed-a393fD37.js                          0.57 kB │ gzip:     0.32 kB │ map:      1.73 kB
out/renderer/assets/drone-B2y1PNGB.js                                    0.58 kB │ gzip:     0.33 kB │ map:      1.73 kB
out/renderer/assets/swords-Ct0wT-15.js                                   0.58 kB │ gzip:     0.30 kB │ map:      1.86 kB
out/renderer/assets/globe-off-Bfs3F2Db.js                                0.58 kB │ gzip:     0.32 kB │ map:      1.57 kB
out/renderer/assets/paint-bucket-B148Avz4.js                             0.58 kB │ gzip:     0.35 kB │ map:      1.46 kB
out/renderer/assets/layers-minus-x1RAYoE8.js                             0.58 kB │ gzip:     0.32 kB │ map:      1.53 kB
out/renderer/assets/drama-B6F_8vJn.js                                    0.58 kB │ gzip:     0.35 kB │ map:      1.65 kB
out/renderer/assets/vector-square-B9bgkONW.js                            0.58 kB │ gzip:     0.28 kB │ map:      1.88 kB
out/renderer/assets/binoculars-m6Qf6qiN.js                               0.59 kB │ gzip:     0.31 kB │ map:      1.59 kB
out/renderer/assets/circle-dashed-Btvcqe2q.js                            0.59 kB │ gzip:     0.30 kB │ map:      1.68 kB
out/renderer/assets/dumbbell-B4vvmyBk.js                                 0.59 kB │ gzip:     0.32 kB │ map:      1.51 kB
out/renderer/assets/highlighted-body-OFNGDK62-B3TEMIKE.js                0.59 kB │ gzip:     0.38 kB │ map:      1.24 kB
out/renderer/assets/table-columns-split-BerXcWv_.js                      0.59 kB │ gzip:     0.30 kB │ map:      1.87 kB
out/renderer/assets/beef-off-j9Fc6HHf.js                                 0.59 kB │ gzip:     0.37 kB │ map:      1.58 kB
out/renderer/assets/brain-jzuN4qGL.js                                    0.59 kB │ gzip:     0.32 kB │ map:      1.64 kB
out/renderer/assets/building-ExfyWmge.js                                 0.59 kB │ gzip:     0.30 kB │ map:      1.87 kB
out/renderer/assets/table-rows-split-BM3W-NVn.js                         0.59 kB │ gzip:     0.30 kB │ map:      1.86 kB
out/renderer/assets/package-open-08hAe1u_.js                             0.59 kB │ gzip:     0.34 kB │ map:      1.52 kB
out/renderer/assets/replace-all-BBuOmw-V.js                              0.59 kB │ gzip:     0.32 kB │ map:      1.78 kB
out/renderer/assets/chess-queen-B5jAcvEL.js                              0.59 kB │ gzip:     0.35 kB │ map:      1.75 kB
out/renderer/assets/square-dashed-CFMhECYD.js                            0.59 kB │ gzip:     0.29 kB │ map:      1.92 kB
out/renderer/assets/sun-snow-aIZz1eBm.js                                 0.59 kB │ gzip:     0.33 kB │ map:      1.83 kB
out/renderer/assets/candy-CPlKvQde.js                                    0.60 kB │ gzip:     0.32 kB │ map:      1.54 kB
out/renderer/assets/puzzle-DokbwaH4.js                                   0.60 kB │ gzip:     0.29 kB │ map:      1.23 kB
out/renderer/assets/chunk-AA7GKIK3-2Shl_sxh.js                           0.60 kB │ gzip:     0.39 kB │ map:      2.40 kB
out/renderer/assets/book-dashed-D3rHd9w-.js                              0.61 kB │ gzip:     0.31 kB │ map:      1.86 kB
out/renderer/assets/recycle-DbOxsHIw.js                                  0.61 kB │ gzip:     0.36 kB │ map:      1.63 kB
out/renderer/assets/ribbon-DdXg4PRN.js                                   0.61 kB │ gzip:     0.38 kB │ map:      1.51 kB
out/renderer/assets/infoDiagram-42DDH7IO-Ck_0UDjw.js                     0.61 kB │ gzip:     0.40 kB │ map:      1.99 kB
out/renderer/assets/flower-Y5joe0M7.js                                   0.61 kB │ gzip:     0.32 kB │ map:      1.84 kB
out/renderer/assets/pickaxe-B21N8vX0.js                                  0.62 kB │ gzip:     0.36 kB │ map:      1.51 kB
out/renderer/assets/croissant-Cec6JDbG.js                                0.62 kB │ gzip:     0.34 kB │ map:      1.52 kB
out/renderer/assets/nut-DpTN5RGb.js                                      0.62 kB │ gzip:     0.41 kB │ map:      1.39 kB
out/renderer/assets/dna-off-BrBtsWbk.js                                  0.62 kB │ gzip:     0.36 kB │ map:      1.80 kB
out/renderer/assets/message-circle-dashed-LCivLsYP.js                    0.63 kB │ gzip:     0.34 kB │ map:      1.75 kB
out/renderer/assets/satellite-CvEFLLDM.js                                0.63 kB │ gzip:     0.32 kB │ map:      1.60 kB
out/renderer/assets/fingerprint-pattern-6z9petdK.js                      0.64 kB │ gzip:     0.37 kB │ map:      1.81 kB
out/renderer/assets/bug-B2My0xVL.js                                      0.64 kB │ gzip:     0.33 kB │ map:      1.87 kB
out/renderer/assets/fish-NoRO5OXA.js                                     0.64 kB │ gzip:     0.40 kB │ map:      1.64 kB
out/renderer/assets/telescope-CYSvFZbl.js                                0.64 kB │ gzip:     0.39 kB │ map:      1.73 kB
out/renderer/assets/square-dashed-mouse-pointer-DuMTinw5.js              0.64 kB │ gzip:     0.35 kB │ map:      1.94 kB
out/renderer/assets/beer-off-Ui4EDpNU.js                                 0.65 kB │ gzip:     0.39 kB │ map:      1.74 kB
out/renderer/assets/gamepad-2-Cr5bF64K.js                                0.65 kB │ gzip:     0.40 kB │ map:      1.71 kB
out/renderer/assets/squares-intersect-bi8c7zgu.js                        0.65 kB │ gzip:     0.31 kB │ map:      1.95 kB
out/renderer/assets/chunk-ORNJ4GCN-9DYYJkIO.js                           0.65 kB │ gzip:     0.40 kB │ map:      2.62 kB
out/renderer/assets/cpu-Ce1OVpsx.js                                      0.65 kB │ gzip:     0.30 kB │ map:      2.17 kB
out/renderer/assets/dna-DiOII7_1.js                                      0.65 kB │ gzip:     0.35 kB │ map:      1.88 kB
out/renderer/assets/snowflake-Bow6cklm.js                                0.65 kB │ gzip:     0.35 kB │ map:      1.97 kB
out/renderer/assets/squircle-dashed-DJQd4dk-.js                          0.66 kB │ gzip:     0.36 kB │ map:      1.75 kB
out/renderer/assets/notepad-text-dashed-DGUEdCVJ.js                      0.66 kB │ gzip:     0.32 kB │ map:      2.07 kB
out/renderer/assets/qr-code-Cwr25vIL.js                                  0.66 kB │ gzip:     0.32 kB │ map:      2.13 kB
out/renderer/assets/bug-play-Cn61jhN_.js                                 0.66 kB │ gzip:     0.36 kB │ map:      1.81 kB
out/renderer/assets/cannabis-off-D8Q4kaMI.js                             0.66 kB │ gzip:     0.42 kB │ map:      1.70 kB
out/renderer/assets/brick-wall-shield-oqiojQlk.js                        0.67 kB │ gzip:     0.39 kB │ map:      1.79 kB
out/renderer/assets/stateDiagram-v2-QKLJ7IA2-BcbEpulg.js                 0.67 kB │ gzip:     0.40 kB │ map:      1.39 kB
out/renderer/assets/circle-dot-dashed-Cg0MEa3O.js                        0.67 kB │ gzip:     0.34 kB │ map:      1.86 kB
out/renderer/assets/user-cog-D_ieblGo.js                                 0.67 kB │ gzip:     0.35 kB │ map:      1.97 kB
out/renderer/assets/dog-C2x9DN2Z.js                                      0.67 kB │ gzip:     0.43 kB │ map:      1.57 kB
out/renderer/assets/cloud-cog-CCNjE4sN.js                                0.67 kB │ gzip:     0.36 kB │ map:      1.83 kB
out/renderer/assets/receipt-turkish-lira-CGvyRDaI.js                     0.68 kB │ gzip:     0.31 kB │ map:      1.50 kB
out/renderer/assets/columns-3-cog-BAFNAeVk.js                            0.68 kB │ gzip:     0.36 kB │ map:      2.04 kB
out/renderer/assets/candy-off-xjH_bYCT.js                                0.68 kB │ gzip:     0.36 kB │ map:      1.75 kB
out/renderer/assets/receipt-CB6QZpxD.js                                  0.68 kB │ gzip:     0.30 kB │ map:      1.44 kB
out/renderer/assets/receipt-russian-ruble-BJPysg8e.js                    0.68 kB │ gzip:     0.31 kB │ map:      1.51 kB
out/renderer/assets/timeline-BMpAPXO3.js                                 0.68 kB │ gzip:     0.30 kB │ map:      1.82 kB
out/renderer/assets/user-round-cog-BBf0dyM8.js                           0.68 kB │ gzip:     0.36 kB │ map:      2.01 kB
out/renderer/assets/fish-off-BPGKQCia.js                                 0.69 kB │ gzip:     0.44 kB │ map:      1.52 kB
out/renderer/assets/receipt-text-DVVTup8-.js                             0.69 kB │ gzip:     0.30 kB │ map:      1.53 kB
out/renderer/assets/modulepreload-polyfill-CSRv37U6.js                   0.69 kB │ gzip:     0.39 kB
out/renderer/assets/vault-CeF40exn.js                                    0.69 kB │ gzip:     0.33 kB │ map:      2.11 kB
out/renderer/assets/receipt-swiss-franc-BS_dznUR.js                      0.70 kB │ gzip:     0.31 kB │ map:      1.58 kB
out/renderer/assets/cog-CaAYioxu.js                                      0.70 kB │ gzip:     0.35 kB │ map:      2.16 kB
out/renderer/assets/biohazard-BrHSL-pM.js                                0.71 kB │ gzip:     0.41 kB │ map:      1.92 kB
out/renderer/assets/square-dashed-text-C0szxSMO.js                       0.71 kB │ gzip:     0.32 kB │ map:      2.24 kB
out/renderer/assets/shellsession-Bvuf9PyZ.js                             0.71 kB │ gzip:     0.43 kB │ map:      1.28 kB
out/renderer/assets/shellsession-CH-jkR85.js                             0.71 kB │ gzip:     0.42 kB │ map:      1.30 kB
out/renderer/assets/square-dashed-kanban-Bh2rhibH.js                     0.71 kB │ gzip:     0.33 kB │ map:      2.25 kB
out/renderer/assets/folder-cog-Bypvy_jt.js                               0.71 kB │ gzip:     0.38 kB │ map:      1.96 kB
out/renderer/assets/monitor-cog-D1hswuGc.js                              0.71 kB │ gzip:     0.36 kB │ map:      2.07 kB
out/renderer/assets/receipt-indian-rupee-DPsbelSb.js                     0.71 kB │ gzip:     0.32 kB │ map:      1.60 kB
out/renderer/assets/bug-off-fLNxVqUc.js                                  0.71 kB │ gzip:     0.37 kB │ map:      2.01 kB
out/renderer/assets/receipt-euro-qfKRw4b3.js                             0.71 kB │ gzip:     0.32 kB │ map:      1.51 kB
out/renderer/assets/receipt-cent-BDDAlR-y.js                             0.71 kB │ gzip:     0.32 kB │ map:      1.51 kB
out/renderer/assets/receipt-pound-sterling-BAkm2vEH.js                   0.71 kB │ gzip:     0.32 kB │ map:      1.61 kB
out/renderer/assets/component-ClNwXewz.js                                0.72 kB │ gzip:     0.28 kB │ map:      1.65 kB
out/renderer/assets/tsv-B26ACsx6.js                                      0.73 kB │ gzip:     0.33 kB │ map:      1.35 kB
out/renderer/assets/tsv-CMpgsY45.js                                      0.73 kB │ gzip:     0.33 kB │ map:      1.33 kB
out/renderer/assets/nut-off-B6jg2KQU.js                                  0.73 kB │ gzip:     0.46 kB │ map:      1.69 kB
out/renderer/assets/receipt-japanese-yen-4qX6aqnS.js                     0.74 kB │ gzip:     0.32 kB │ map:      1.68 kB
out/renderer/assets/classDiagram-6PBFFD2Q-Z1NUHu3a.js                    0.74 kB │ gzip:     0.43 kB │ map:      1.44 kB
out/renderer/assets/classDiagram-v2-HSJHXN6E-D5T3MgKz.js                 0.74 kB │ gzip:     0.43 kB │ map:      1.45 kB
out/renderer/assets/wifi-cog-DA5n4SNr.js                                 0.75 kB │ gzip:     0.39 kB │ map:      2.08 kB
out/renderer/assets/shield-cog-corner-Ch79MHEC.js                        0.75 kB │ gzip:     0.41 kB │ map:      2.04 kB
out/renderer/assets/gamepad-directional-nc2edeqJ.js                      0.76 kB │ gzip:     0.36 kB │ map:      1.74 kB
out/renderer/assets/party-popper-BfOxrChJ.js                             0.76 kB │ gzip:     0.43 kB │ map:      1.97 kB
out/renderer/assets/shield-cog-BjHsXhLr.js                               0.77 kB │ gzip:     0.42 kB │ map:      2.02 kB
out/renderer/assets/calendar-cog-CqFOAXtY.js                             0.77 kB │ gzip:     0.40 kB │ map:      2.19 kB
out/renderer/assets/file-cog-tp2qxpVw.js                                 0.78 kB │ gzip:     0.41 kB │ map:      2.15 kB
out/renderer/assets/brain-circuit-BJrn9qB4.js                            0.83 kB │ gzip:     0.42 kB │ map:      2.36 kB
out/renderer/assets/linearClosed-ClEsnnYq.js                             0.84 kB │ gzip:     0.31 kB │ map:      2.58 kB
out/renderer/assets/html-derivative-BtsczeNp.js                          0.84 kB │ gzip:     0.45 kB │ map:      1.38 kB
out/renderer/assets/html-derivative-D8crV3aM.js                          0.84 kB │ gzip:     0.45 kB │ map:      1.40 kB
out/renderer/assets/shim-DZ9SVkzt.js                                     0.84 kB │ gzip:     0.45 kB │ map:      3.57 kB
out/renderer/assets/server-cog-B4ezj_aj.js                               0.86 kB │ gzip:     0.40 kB │ map:      2.24 kB
out/renderer/assets/boxes-CM3w1Mja.js                                    0.88 kB │ gzip:     0.42 kB │ map:      2.26 kB
out/renderer/assets/chunk-7N4EOEYR-DCvYmm-O.js                           0.90 kB │ gzip:     0.49 kB │ map:      3.36 kB
out/renderer/assets/square-bottom-dashed-scissors-B_ZEeW-Q.js            0.91 kB │ gzip:     0.43 kB │ map:      2.82 kB
out/renderer/assets/wheat-BZmukk8N.js                                    0.91 kB │ gzip:     0.36 kB │ map:      2.14 kB
out/renderer/assets/line-kQMMrSqL.js                                     0.94 kB │ gzip:     0.46 kB │ map:      3.39 kB
out/renderer/assets/chunk-ZZ45TVLE-DcJEF2L5.js                           0.95 kB │ gzip:     0.58 kB │ map:      3.25 kB
out/renderer/assets/wheat-off-CD1UgF6g.js                                0.96 kB │ gzip:     0.47 kB │ map:      2.34 kB
out/renderer/assets/git-rebase-DOaXvlYi.js                               0.98 kB │ gzip:     0.44 kB │ map:      1.66 kB
out/renderer/assets/git-rebase-SPARYzKJ.js                               0.98 kB │ gzip:     0.44 kB │ map:      1.64 kB
out/renderer/assets/hop-off-COMBr3a7.js                                  0.99 kB │ gzip:     0.54 kB │ map:      2.26 kB
out/renderer/assets/qmldir-Bp4sjZKi.js                                   0.99 kB │ gzip:     0.44 kB │ map:      1.69 kB
out/renderer/assets/qmldir-Do58bhoo.js                                   0.99 kB │ gzip:     0.44 kB │ map:      1.71 kB
out/renderer/assets/keyboardShortcuts-CCI3svm9.js                        1.04 kB │ gzip:     0.51 kB │ map:      5.39 kB
out/renderer/assets/brain-cog-LdGk_-EU.js                                1.04 kB │ gzip:     0.49 kB │ map:      2.64 kB
out/renderer/assets/hop-CSZqwcdI.js                                      1.05 kB │ gzip:     0.56 kB │ map:      2.30 kB
out/renderer/assets/resource-manager-C3NZTHgh.js                         1.10 kB │ gzip:     0.54 kB │ map:      3.43 kB
out/renderer/assets/previewPanePdfContent-CrH5la6_.js                    1.10 kB │ gzip:     0.63 kB │ map:      1.23 kB
out/renderer/assets/csv-B6L8GD55.js                                      1.13 kB │ gzip:     0.36 kB │ map:      1.97 kB
out/renderer/assets/csv-CfwraJsw.js                                      1.13 kB │ gzip:     0.36 kB │ map:      1.95 kB
out/renderer/assets/isEmpty-D-Qbcuji.js                                  1.16 kB │ gzip:     0.63 kB │ map:      7.89 kB
out/renderer/assets/ordinal-pR1PZshH.js                                  1.18 kB │ gzip:     0.57 kB │ map:      4.66 kB
out/renderer/assets/logger-BNOzDm13.js                                   1.18 kB │ gzip:     0.59 kB │ map:      5.71 kB
out/renderer/assets/preload-helper-BHSF1fZ9.js                           1.20 kB │ gzip:     0.68 kB
out/renderer/assets/git-commit-BBKS5Yxh.js                               1.22 kB │ gzip:     0.52 kB │ map:      2.01 kB
out/renderer/assets/git-commit-DFfxv2o1.js                               1.22 kB │ gzip:     0.52 kB │ map:      1.99 kB
out/renderer/assets/pie-DU_MvywE.js                                      1.25 kB │ gzip:     0.57 kB │ map:      4.62 kB
out/renderer/assets/chunk-D-fkvfCP.js                                    1.26 kB │ gzip:     0.69 kB
out/renderer/assets/xsl-Dm-nsA6B.js                                      1.36 kB │ gzip:     0.49 kB │ map:      2.15 kB
out/renderer/assets/xsl-KVMFGDGm.js                                      1.36 kB │ gzip:     0.50 kB │ map:      2.17 kB
out/renderer/assets/dotenv-8McC-Sjd.js                                   1.41 kB │ gzip:     0.52 kB │ map:      2.29 kB
out/renderer/assets/dotenv-ebJAjrcb.js                                   1.41 kB │ gzip:     0.52 kB │ map:      2.31 kB
out/renderer/assets/chunk-LIHQZDEY-Detf-YKy.js                           1.46 kB │ gzip:     0.78 kB │ map:      5.64 kB
out/renderer/assets/sparql-BAJ0iaNm.js                                   1.47 kB │ gzip:     0.81 kB │ map:      2.08 kB
out/renderer/assets/sparql-BkRs1NAc.js                                   1.47 kB │ gzip:     0.81 kB │ map:      2.07 kB
out/renderer/assets/ini-D6-eR1uo.js                                      1.51 kB │ gzip:     0.49 kB │ map:      2.43 kB
out/renderer/assets/ini-DbmfaKXI.js                                      1.51 kB │ gzip:     0.49 kB │ map:      2.45 kB
out/renderer/assets/band-DOeUyNXX.js                                     1.53 kB │ gzip:     0.66 kB │ map:      5.43 kB
out/renderer/assets/previewPanePptxContent-DD9aA2f-.js                   1.63 kB │ gzip:     0.89 kB │ map:      1.94 kB
out/renderer/assets/createLucideIcon-DCyUO5SG.js                         1.66 kB │ gzip:     0.86 kB │ map:      8.91 kB
out/renderer/assets/fortran-fixed-form-CI2wvdbK.js                       1.66 kB │ gzip:     0.68 kB │ map:      2.67 kB
out/renderer/assets/fortran-fixed-form-CZEQIWab.js                       1.66 kB │ gzip:     0.69 kB │ map:      2.69 kB
out/renderer/assets/docker-G7apQsiL.js                                   1.73 kB │ gzip:     0.59 kB │ map:      2.62 kB
out/renderer/assets/docker-ZRovz_RO.js                                   1.73 kB │ gzip:     0.59 kB │ map:      2.60 kB
out/renderer/assets/hxml-BBHwkkDI.js                                     1.74 kB │ gzip:     0.87 kB │ map:      2.45 kB
out/renderer/assets/hxml-CsUSTb0s.js                                     1.74 kB │ gzip:     0.87 kB │ map:      2.43 kB
out/renderer/assets/cua-permission-panel-DBHWnmeh.js                     1.79 kB │ gzip:     0.92 kB │ map:      6.66 kB
out/renderer/assets/desktop-CcmILKd_.js                                  1.82 kB │ gzip:     0.75 kB │ map:      2.74 kB
out/renderer/assets/desktop-fRQ2fZ5P.js                                  1.82 kB │ gzip:     0.75 kB │ map:      2.72 kB
out/renderer/assets/chunk-X2U36JSP-8ajttBd7.js                           1.83 kB │ gzip:     0.89 kB │ map:      6.04 kB
out/renderer/assets/dist-3fuHqbRD.js                                     1.86 kB │ gzip:     0.82 kB │ map:      5.74 kB
out/renderer/assets/chunk-YZCP3GAM-CYXPuWrM.js                           1.92 kB │ gzip:     0.86 kB │ map:      6.41 kB
out/renderer/assets/presentationElementModel-COWr2fAo.js                 1.96 kB │ gzip:     0.85 kB │ map:      9.36 kB
out/renderer/assets/chunk-XBI2PYTU-C2d6hiP5.js                           2.00 kB │ gzip:     0.76 kB │ map:      3.94 kB
out/renderer/assets/path-lTrr5uBV.js                                     2.07 kB │ gzip:     0.91 kB │ map:      8.00 kB
out/renderer/assets/chunk-BSJP7CBP-B7QGTuOM.js                           2.09 kB │ gzip:     0.81 kB │ map:     10.29 kB
out/renderer/assets/officeFilePreview-BnhI04j2.js                        2.12 kB │ gzip:     1.02 kB │ map:      8.89 kB
out/renderer/assets/erb-BcwbrXgI.js                                      2.13 kB │ gzip:     0.62 kB │ map:      3.27 kB
out/renderer/assets/erb-D4PnS0Sg.js                                      2.13 kB │ gzip:     0.62 kB │ map:      3.26 kB
out/renderer/assets/wenyan-8zqiieKt.js                                   2.15 kB │ gzip:     1.08 kB │ map:      3.14 kB
out/renderer/assets/wenyan-_pPhLHng.js                                   2.15 kB │ gzip:     1.08 kB │ map:      3.16 kB
out/renderer/assets/usageStatsUiParts-CqtqIpJD.js                        2.20 kB │ gzip:     0.91 kB │ map:      6.62 kB
out/renderer/assets/jssm-BafhteMm.js                                     2.23 kB │ gzip:     0.61 kB │ map:      3.35 kB
out/renderer/assets/jssm-JuMxx_05.js                                     2.23 kB │ gzip:     0.61 kB │ map:      3.37 kB
out/renderer/assets/edge-BywGXdP5.js                                     2.30 kB │ gzip:     0.67 kB │ map:      3.53 kB
out/renderer/assets/edge-CR1KrdJr.js                                     2.30 kB │ gzip:     0.67 kB │ map:      3.51 kB
out/renderer/assets/reg-Ch-JTfzu.js                                      2.33 kB │ gzip:     0.69 kB │ map:      3.47 kB
out/renderer/assets/reg-CpwUlVG_.js                                      2.33 kB │ gzip:     0.69 kB │ map:      3.49 kB
out/renderer/assets/diff-B0s7YxZE.js                                     2.56 kB │ gzip:     0.68 kB │ map:      3.84 kB
out/renderer/assets/diff-aRLeUWfR.js                                     2.56 kB │ gzip:     0.68 kB │ map:      3.82 kB
out/renderer/assets/gleam-CGvAGn5v.js                                    2.57 kB │ gzip:     0.81 kB │ map:      3.95 kB
out/renderer/assets/gleam-CdvhlM54.js                                    2.57 kB │ gzip:     0.81 kB │ map:      3.97 kB
out/renderer/assets/hy-kD99jNw0.js                                       2.64 kB │ gzip:     1.17 kB │ map:      3.67 kB
out/renderer/assets/hy-n1yeXc1Q.js                                       2.64 kB │ gzip:     1.17 kB │ map:      3.65 kB
out/renderer/assets/catmullRom-BO-GMflU.js                               2.72 kB │ gzip:     0.79 kB │ map:      7.95 kB
out/renderer/assets/diagram-5BDNPKRD-DXD3KmqT.js                         2.78 kB │ gzip:     1.34 kB │ map:      8.98 kB
out/renderer/assets/openscad-AqM0Zush.js                                 2.81 kB │ gzip:     1.00 kB │ map:      4.18 kB
out/renderer/assets/openscad-CaQj2kkc.js                                 2.81 kB │ gzip:     1.00 kB │ map:      4.20 kB
out/renderer/assets/log-9Qqz3Rqj.js                                      2.84 kB │ gzip:     0.89 kB │ map:      4.33 kB
out/renderer/assets/log-SxnOkPJM.js                                      2.84 kB │ gzip:     0.89 kB │ map:      4.31 kB
out/renderer/assets/json-DHc8AOtu.js                                     2.87 kB │ gzip:     0.81 kB │ map:      4.27 kB
out/renderer/assets/json-DrbLv1iv.js                                     2.87 kB │ gzip:     0.81 kB │ map:      4.29 kB
out/renderer/assets/cairo-BUZceIc8.js                                    2.93 kB │ gzip:     0.80 kB │ map:      4.49 kB
out/renderer/assets/cairo-Fv3ImaVy.js                                    2.93 kB │ gzip:     0.80 kB │ map:      4.51 kB
out/renderer/assets/berry-BuD77exP.js                                    2.99 kB │ gzip:     0.80 kB │ map:      4.80 kB
out/renderer/assets/berry-CsyTmjX9.js                                    2.99 kB │ gzip:     0.80 kB │ map:      4.82 kB
out/renderer/assets/jsonl-Bi-FmdoD.js                                    3.00 kB │ gzip:     0.78 kB │ map:      4.49 kB
out/renderer/assets/jsonl-C2tu67wt.js                                    3.00 kB │ gzip:     0.78 kB │ map:      4.47 kB
out/renderer/assets/jsonc-BoyLQu7c.js                                    3.10 kB │ gzip:     0.78 kB │ map:      4.57 kB
out/renderer/assets/jsonc-CQyC4WRp.js                                    3.10 kB │ gzip:     0.78 kB │ map:      4.58 kB
out/renderer/assets/logo--42ZTaN5.js                                     3.12 kB │ gzip:     1.46 kB │ map:      3.79 kB
out/renderer/assets/logo-CuiiT7o6.js                                     3.12 kB │ gzip:     1.46 kB │ map:      3.77 kB
out/renderer/assets/po-TO0bC_fb.js                                       3.23 kB │ gzip:     0.90 kB │ map:      5.06 kB
out/renderer/assets/po-giDhCMYg.js                                       3.23 kB │ gzip:     0.90 kB │ map:      5.04 kB
out/renderer/assets/json5-BMnbSGxj.js                                    3.24 kB │ gzip:     0.82 kB │ map:      4.91 kB
out/renderer/assets/json5-DTdqV_sL.js                                    3.24 kB │ gzip:     0.82 kB │ map:      4.93 kB
out/renderer/assets/mipsasm-C-LeKm3P.js                                  3.25 kB │ gzip:     1.17 kB │ map:      4.64 kB
out/renderer/assets/mipsasm-DbWBBUDY.js                                  3.25 kB │ gzip:     1.17 kB │ map:      4.65 kB
out/renderer/assets/tasl-DWJ_yKkG.js                                     3.28 kB │ gzip:     0.84 kB │ map:      5.11 kB
out/renderer/assets/tasl-y7GqaLdg.js                                     3.28 kB │ gzip:     0.84 kB │ map:      5.09 kB
out/renderer/assets/genie-Bfj7ewLm.js                                    3.34 kB │ gzip:     1.20 kB │ map:      4.85 kB
out/renderer/assets/genie-hbHu8UYp.js                                    3.34 kB │ gzip:     1.20 kB │ map:      4.83 kB
out/renderer/assets/rel-BPni3chT.js                                      3.36 kB │ gzip:     1.10 kB │ map:      4.85 kB
out/renderer/assets/rel-BWzoC0iW.js                                      3.36 kB │ gzip:     1.10 kB │ map:      4.83 kB
out/renderer/assets/vala-BNQJTtLs.js                                     3.36 kB │ gzip:     1.18 kB │ map:      4.87 kB
out/renderer/assets/vala-CT8qD54D.js                                     3.36 kB │ gzip:     1.18 kB │ map:      4.85 kB
out/renderer/assets/previewPaneOfficeContent-BpTZBUK8.js                 3.39 kB │ gzip:     1.57 kB │ map:      5.50 kB
out/renderer/assets/symbol-D1gcs_CA.js                                   3.42 kB │ gzip:     1.29 kB │ map:     14.26 kB
out/renderer/assets/splunk-BcGuqb-j.js                                   3.42 kB │ gzip:     1.51 kB │ map:      4.42 kB
out/renderer/assets/splunk-Bl3CV0qb.js                                   3.42 kB │ gzip:     1.51 kB │ map:      4.40 kB
out/renderer/assets/CodingPlanUsageLineChart-BMLMbEh_.js                 3.44 kB │ gzip:     1.55 kB │ map:     10.76 kB
out/renderer/assets/arc-Due3_VMK.js                                      3.47 kB │ gzip:     1.46 kB │ map:     15.14 kB
out/renderer/assets/chunk-336JU56O-CoC9WvbG.js                           3.50 kB │ gzip:     1.58 kB │ map:      6.11 kB
out/renderer/assets/hurl-Bhh9Y3-s.js                                     3.51 kB │ gzip:     1.09 kB │ map:      5.38 kB
out/renderer/assets/hurl-a0TD5HJa.js                                     3.51 kB │ gzip:     1.10 kB │ map:      5.40 kB
out/renderer/assets/react-dom-DpmwQOdd.js                                3.56 kB │ gzip:     1.35 kB │ map:     12.08 kB
out/renderer/assets/fluent-0D6__2h9.js                                   3.60 kB │ gzip:     0.89 kB │ map:      5.18 kB
out/renderer/assets/fluent-BNt51tIl.js                                   3.60 kB │ gzip:     0.89 kB │ map:      5.16 kB
out/renderer/assets/ssh-config-Cy0S1x64.js                               3.61 kB │ gzip:     1.59 kB │ map:      4.45 kB
out/renderer/assets/ssh-config-xW8XuQoc.js                               3.61 kB │ gzip:     1.59 kB │ map:      4.47 kB
out/renderer/assets/jsonnet-Ro7XjqVb.js                                  3.61 kB │ gzip:     1.03 kB │ map:      5.40 kB
out/renderer/assets/jsonnet-tdvUxXau.js                                  3.61 kB │ gzip:     1.03 kB │ map:      5.38 kB
out/renderer/assets/kdl-CIkWT0HB.js                                      3.62 kB │ gzip:     1.03 kB │ map:      5.49 kB
out/renderer/assets/kdl-DBz-p1Yg.js                                      3.62 kB │ gzip:     1.03 kB │ map:      5.47 kB
out/renderer/assets/narrat-BxD1oIAh.js                                   3.66 kB │ gzip:     1.09 kB │ map:      5.40 kB
out/renderer/assets/narrat-S-2SKiRO.js                                   3.66 kB │ gzip:     1.09 kB │ map:      5.38 kB
out/renderer/assets/glsl-BVj_qGTO.js                                     3.68 kB │ gzip:     1.45 kB │ map:      4.34 kB
out/renderer/assets/glsl-DE1hKvRU.js                                     3.68 kB │ gzip:     1.45 kB │ map:      4.36 kB
out/renderer/assets/turtle-DDDdhsTO.js                                   3.69 kB │ gzip:     0.96 kB │ map:      5.45 kB
out/renderer/assets/turtle-gFXFF7t4.js                                   3.69 kB │ gzip:     0.96 kB │ map:      5.47 kB
out/renderer/assets/zenscript-jCS0rTma.js                                3.90 kB │ gzip:     1.28 kB │ map:      5.73 kB
out/renderer/assets/zenscript-lpX-RVQ6.js                                3.90 kB │ gzip:     1.28 kB │ map:      5.71 kB
out/renderer/assets/ron-CC7z7w80.js                                      3.90 kB │ gzip:     0.97 kB │ map:      6.00 kB
out/renderer/assets/ron-CpbrRVfA.js                                      3.90 kB │ gzip:     0.97 kB │ map:      5.98 kB
out/renderer/assets/gn-C1frRExj.js                                       3.99 kB │ gzip:     1.47 kB │ map:      5.26 kB
out/renderer/assets/gn-tRPKV4yK.js                                       3.99 kB │ gzip:     1.47 kB │ map:      5.24 kB
out/renderer/assets/pieDiagram-DEJITSTG-IjRcHrkv.js                      4.03 kB │ gzip:     1.81 kB │ map:     12.29 kB
out/renderer/assets/pascal-C5hED8_k.js                                   4.14 kB │ gzip:     1.67 kB │ map:      5.49 kB
out/renderer/assets/pascal-mXu5BxP-.js                                   4.14 kB │ gzip:     1.67 kB │ map:      5.51 kB
out/renderer/assets/diagram-TYMM5635-BUcWyrMx.js                         4.24 kB │ gzip:     1.83 kB │ map:     12.07 kB
out/renderer/assets/http-BwPM9Kyb.js                                     4.41 kB │ gzip:     1.06 kB │ map:      6.65 kB
out/renderer/assets/http-DuyGLgUC.js                                     4.41 kB │ gzip:     1.06 kB │ map:      6.67 kB
out/renderer/assets/tcl-C1b4AWGX.js                                      4.42 kB │ gzip:     1.50 kB │ map:      6.44 kB
out/renderer/assets/tcl-DmY60gZA.js                                      4.42 kB │ gzip:     1.50 kB │ map:      6.46 kB
out/renderer/assets/nextflow-BCwNPedw.js                                 4.50 kB │ gzip:     1.16 kB │ map:      6.80 kB
out/renderer/assets/nextflow-BvepbrmX.js                                 4.50 kB │ gzip:     1.16 kB │ map:      6.78 kB
out/renderer/assets/AppUsageDailyModelTrendChart-DrzcrQBE.js             4.50 kB │ gzip:     1.92 kB │ map:     15.34 kB
out/renderer/assets/rosmsg-BiQD65vc.js                                   4.51 kB │ gzip:     1.05 kB │ map:      6.71 kB
out/renderer/assets/rosmsg-DcgIUXbm.js                                   4.51 kB │ gzip:     1.05 kB │ map:      6.73 kB
out/renderer/assets/mermaid-parser.core-CVul6nAi.js                      4.55 kB │ gzip:     1.44 kB │ map:      9.89 kB
out/renderer/assets/defaultLocale-BFQXd0J9.js                            4.64 kB │ gzip:     2.12 kB │ map:     20.68 kB
out/renderer/assets/polar-D8iJsykg.js                                    4.66 kB │ gzip:     1.12 kB │ map:      7.23 kB
out/renderer/assets/polar-DC7usVM1.js                                    4.66 kB │ gzip:     1.12 kB │ map:      7.21 kB
out/renderer/assets/sdbl-q_ryVZNq.js                                     4.69 kB │ gzip:     2.00 kB │ map:      5.87 kB
out/renderer/assets/sdbl-uooW9iEv.js                                     4.69 kB │ gzip:     2.00 kB │ map:      5.85 kB
out/renderer/assets/treemap-B6qX_nK2.js                                  4.74 kB │ gzip:     1.84 kB │ map:     20.83 kB
out/renderer/assets/fennel-DYVuyX9V.js                                   4.76 kB │ gzip:     1.53 kB │ map:      6.38 kB
out/renderer/assets/fennel-ydYFdcQq.js                                   4.76 kB │ gzip:     1.53 kB │ map:      6.40 kB
out/renderer/assets/bibtex-DTSXZLKk.js                                   4.78 kB │ gzip:     0.83 kB │ map:      6.98 kB
out/renderer/assets/bibtex-DwxK8lgw.js                                   4.78 kB │ gzip:     0.83 kB │ map:      7.00 kB
out/renderer/assets/llvm-8VGZRckF.js                                     5.04 kB │ gzip:     2.01 kB │ map:      6.65 kB
out/renderer/assets/llvm-CNn-0meT.js                                     5.04 kB │ gzip:     2.01 kB │ map:      6.63 kB
out/renderer/assets/wgsl-Dy5ZN4Fn.js                                     5.13 kB │ gzip:     1.38 kB │ map:      7.46 kB
out/renderer/assets/wgsl-Dy7EonKn.js                                     5.13 kB │ gzip:     1.38 kB │ map:      7.48 kB
out/renderer/assets/gdresource-XG_oV_2A.js                               5.28 kB │ gzip:     1.33 kB │ map:      7.73 kB
out/renderer/assets/gdresource-fgDUFoQ7.js                               5.28 kB │ gzip:     1.33 kB │ map:      7.71 kB
out/renderer/assets/button-BTDNhsuh.js                                   5.30 kB │ gzip:     1.94 kB │ map:     16.29 kB
out/renderer/assets/presentationPdfPrintExport-BbfZxgjN.js               5.32 kB │ gzip:     2.54 kB │ map:     20.14 kB
out/renderer/assets/zig-BlrsmxMk.js                                      5.33 kB │ gzip:     1.55 kB │ map:      7.83 kB
out/renderer/assets/zig-CevA5zhc.js                                      5.33 kB │ gzip:     1.55 kB │ map:      7.85 kB
out/renderer/assets/qml-CBEN787g.js                                      5.33 kB │ gzip:     1.38 kB │ map:      8.09 kB
out/renderer/assets/qml-CdQNqh7X.js                                      5.33 kB │ gzip:     1.38 kB │ map:      8.11 kB
out/renderer/assets/dax-DdIPdo19.js                                      5.35 kB │ gzip:     2.21 kB │ map:      6.73 kB
out/renderer/assets/dax-lxDg4K3w.js                                      5.35 kB │ gzip:     2.21 kB │ map:      6.75 kB
out/renderer/assets/bicep-BBTDdB_P.js                                    5.37 kB │ gzip:     1.14 kB │ map:      7.87 kB
out/renderer/assets/bicep-BQaj1r5H.js                                    5.37 kB │ gzip:     1.14 kB │ map:      7.89 kB
out/renderer/assets/xml-C69tJXZQ.js                                      5.43 kB │ gzip:     1.24 kB │ map:      7.80 kB
out/renderer/assets/xml-DR55B35M.js                                      5.43 kB │ gzip:     1.24 kB │ map:      7.82 kB
out/renderer/assets/awk-B8fjFHPW.js                                      5.45 kB │ gzip:     1.37 kB │ map:      7.96 kB
out/renderer/assets/awk-BZsQnj1B.js                                      5.45 kB │ gzip:     1.37 kB │ map:      7.97 kB
out/renderer/assets/coq-BhzUqFkP.js                                      5.54 kB │ gzip:     1.91 kB │ map:      7.47 kB
out/renderer/assets/coq-BzS96Y7H.js                                      5.54 kB │ gzip:     1.91 kB │ map:      7.49 kB
out/renderer/assets/parts-aXhLjlfB.js                                    5.56 kB │ gzip:     2.14 kB │ map:     34.02 kB
out/renderer/assets/jinja-Be9Zoy8r.js                                    5.62 kB │ gzip:     1.36 kB │ map:      8.47 kB
out/renderer/assets/jinja-czxGfKg2.js                                    5.62 kB │ gzip:     1.36 kB │ map:      8.43 kB
out/renderer/assets/linear-9P6VwlkO.js                                   5.75 kB │ gzip:     2.37 kB │ map:     25.07 kB
out/renderer/assets/diagram-MMDJMWI5-CvlxRQWu.js                         5.77 kB │ gzip:     2.39 kB │ map:     18.16 kB
out/renderer/assets/lean-CM5QIJHz.js                                     5.77 kB │ gzip:     1.91 kB │ map:      7.85 kB
out/renderer/assets/lean-aCQyT-Jc.js                                     5.77 kB │ gzip:     1.91 kB │ map:      7.83 kB
out/renderer/assets/moonbit-C3hEKF8x.js                                  5.89 kB │ gzip:     1.67 kB │ map:      8.63 kB
out/renderer/assets/moonbit-CIA39HJ9.js                                  5.89 kB │ gzip:     1.67 kB │ map:      8.65 kB
out/renderer/assets/powerquery-ClGJkLKc.js                               5.89 kB │ gzip:     1.51 kB │ map:      8.49 kB
out/renderer/assets/powerquery-D08aTufY.js                               5.89 kB │ gzip:     1.51 kB │ map:      8.47 kB
out/renderer/assets/shaderlab-CRgKK1eZ.js                                5.91 kB │ gzip:     2.08 kB │ map:      7.68 kB
out/renderer/assets/shaderlab-v2p1dBu-.js                                5.91 kB │ gzip:     2.08 kB │ map:      7.66 kB
out/renderer/assets/verilog-CYgt_2Zj.js                                  5.92 kB │ gzip:     1.89 kB │ map:      8.00 kB
out/renderer/assets/verilog-h6mXew9b.js                                  5.92 kB │ gzip:     1.89 kB │ map:      7.98 kB
out/renderer/assets/CodingPlanUsageBarChart-Dup6CabT.js                  5.93 kB │ gzip:     2.26 kB │ map:     20.08 kB
out/renderer/assets/cypher-BmGEZ2P6.js                                   5.94 kB │ gzip:     1.71 kB │ map:      8.40 kB
out/renderer/assets/cypher-Djvxk34t.js                                   5.94 kB │ gzip:     1.71 kB │ map:      8.42 kB
out/renderer/assets/vb-Cu3NP6P6.js                                       6.08 kB │ gzip:     2.33 kB │ map:      8.02 kB
out/renderer/assets/vb-Duy8aAmg.js                                       6.08 kB │ gzip:     2.33 kB │ map:      8.00 kB
out/renderer/assets/red-DmoxV_QQ.js                                      6.25 kB │ gzip:     1.59 kB │ map:      8.86 kB
out/renderer/assets/red-h_paOMWG.js                                      6.25 kB │ gzip:     1.59 kB │ map:      8.85 kB
out/renderer/assets/min-dark-XyW740va.js                                 6.28 kB │ gzip:     1.70 kB │ map:      8.58 kB
out/renderer/assets/min-dark-hKHbxeSF.js                                 6.28 kB │ gzip:     1.70 kB │ map:      8.60 kB
out/renderer/assets/gdshader-CTpL11Rg.js                                 6.31 kB │ gzip:     1.72 kB │ map:      9.15 kB
out/renderer/assets/gdshader-dZybz5Qx.js                                 6.31 kB │ gzip:     1.72 kB │ map:      9.17 kB
out/renderer/assets/prisma-CyUG30Pn.js                                   6.32 kB │ gzip:     1.38 kB │ map:      9.23 kB
out/renderer/assets/prisma-DsxTxNuR.js                                   6.32 kB │ gzip:     1.38 kB │ map:      9.25 kB
out/renderer/assets/ara-C7sbvOpy.js                                      6.35 kB │ gzip:     1.80 kB │ map:      9.21 kB
out/renderer/assets/ara-FI4-lcAK.js                                      6.35 kB │ gzip:     1.80 kB │ map:      9.23 kB
out/renderer/assets/clojure-DmILfd7s.js                                  6.40 kB │ gzip:     1.41 kB │ map:      9.25 kB
out/renderer/assets/clojure-cFL0_sHd.js                                  6.40 kB │ gzip:     1.41 kB │ map:      9.26 kB
out/renderer/assets/postcss-C0aedaEq.js                                  6.41 kB │ gzip:     1.90 kB │ map:      9.09 kB
out/renderer/assets/postcss-DTdu2VuZ.js                                  6.41 kB │ gzip:     1.90 kB │ map:      9.07 kB
out/renderer/assets/toml-BX-XpV7S.js                                     6.41 kB │ gzip:     1.28 kB │ map:      9.43 kB
out/renderer/assets/toml-DNIxDcot.js                                     6.41 kB │ gzip:     1.28 kB │ map:      9.45 kB
out/renderer/assets/solarized-light-BgOMVL1Z.js                          6.47 kB │ gzip:     1.71 kB │ map:      9.20 kB
out/renderer/assets/solarized-light-CAW9aqyM.js                          6.47 kB │ gzip:     1.71 kB │ map:      9.21 kB
out/renderer/assets/proto-D7a_4dIf.js                                    6.54 kB │ gzip:     1.41 kB │ map:      9.88 kB
out/renderer/assets/proto-DrIPGChf.js                                    6.54 kB │ gzip:     1.41 kB │ map:      9.86 kB
out/renderer/assets/smalltalk-B63-b3Qb.js                                6.58 kB │ gzip:     1.61 kB │ map:      9.21 kB
out/renderer/assets/smalltalk-D36zKg7I.js                                6.58 kB │ gzip:     1.61 kB │ map:      9.23 kB
out/renderer/assets/r-B6AD_KOo.js                                        6.59 kB │ gzip:     1.82 kB │ map:     10.11 kB
out/renderer/assets/r-D7b31kBD.js                                        6.59 kB │ gzip:     1.82 kB │ map:     10.09 kB
out/renderer/assets/talonscript-Qa5TC8G9.js                              6.75 kB │ gzip:     1.48 kB │ map:     10.05 kB
out/renderer/assets/talonscript-ec9YiFzH.js                              6.75 kB │ gzip:     1.48 kB │ map:     10.03 kB
out/renderer/assets/solarized-dark-Ctin8kS3.js                           6.84 kB │ gzip:     1.78 kB │ map:      9.67 kB
out/renderer/assets/solarized-dark-DwG6bwy6.js                           6.84 kB │ gzip:     1.78 kB │ map:      9.65 kB
out/renderer/assets/riscv-BvjLaKeB.js                                    6.90 kB │ gzip:     1.97 kB │ map:      9.58 kB
out/renderer/assets/riscv-sdbJCyaX.js                                    6.90 kB │ gzip:     1.97 kB │ map:      9.56 kB
out/renderer/assets/soy-BFO4eG4w.js                                      6.92 kB │ gzip:     1.62 kB │ map:     10.69 kB
out/renderer/assets/soy-BWHDMiF9.js                                      6.92 kB │ gzip:     1.62 kB │ map:     10.67 kB
out/renderer/assets/min-light-BX7l-76T.js                                6.96 kB │ gzip:     1.88 kB │ map:      9.52 kB
out/renderer/assets/min-light-HoTI1PPv.js                                6.96 kB │ gzip:     1.88 kB │ map:      9.50 kB
out/renderer/assets/step-Cnfm_7Lh.js                                     6.99 kB │ gzip:     1.63 kB │ map:     21.94 kB
out/renderer/assets/scheme-BLHcLz4A.js                                   7.16 kB │ gzip:     2.04 kB │ map:      9.75 kB
out/renderer/assets/scheme-CmlRVlc8.js                                   7.16 kB │ gzip:     2.04 kB │ map:      9.77 kB
out/renderer/assets/hlsl-BaGGFRhI.js                                     7.25 kB │ gzip:     2.18 kB │ map:      9.22 kB
out/renderer/assets/hlsl-DHXyTcaE.js                                     7.25 kB │ gzip:     2.18 kB │ map:      9.20 kB
out/renderer/assets/qss-CVpBPVWD.js                                      7.46 kB │ gzip:     2.57 kB │ map:      9.38 kB
out/renderer/assets/qss-CtfnLOK4.js                                      7.46 kB │ gzip:     2.57 kB │ map:      9.36 kB
out/renderer/assets/identity-fKP17TyO.js                                 7.51 kB │ gzip:     2.82 kB │ map:     55.72 kB
out/renderer/assets/react-DgwTd-Uv.js                                    7.52 kB │ gzip:     2.87 kB │ map:     26.77 kB
out/renderer/assets/dart-BJotsstM.js                                     7.80 kB │ gzip:     1.91 kB │ map:     11.50 kB
out/renderer/assets/systemd-RG47xBjb.js                                  7.86 kB │ gzip:     2.54 kB │ map:     10.60 kB
out/renderer/assets/systemd-SRQx7lta.js                                  7.86 kB │ gzip:     2.54 kB │ map:     10.62 kB
out/renderer/assets/monokai-ByaF0LIF.js                                  7.88 kB │ gzip:     1.90 kB │ map:     11.09 kB
out/renderer/assets/monokai-DOTuZ4Me.js                                  7.88 kB │ gzip:     1.90 kB │ map:     11.07 kB
out/renderer/assets/regexp-BIDY9BJJ.js                                   8.04 kB │ gzip:     1.46 kB │ map:     11.16 kB
out/renderer/assets/regexp-DZGPjkKz.js                                   8.04 kB │ gzip:     1.46 kB │ map:     11.15 kB
out/renderer/assets/haml-DP0XA_vJ.js                                     8.32 kB │ gzip:     1.84 kB │ map:     12.33 kB
out/renderer/assets/haml-ua9i0szz.js                                     8.32 kB │ gzip:     1.84 kB │ map:     12.35 kB
out/renderer/assets/typst-Cf1fcWkO.js                                    8.38 kB │ gzip:     1.66 kB │ map:     12.26 kB
out/renderer/assets/typst-D74gt-3j.js                                    8.38 kB │ gzip:     1.66 kB │ map:     12.28 kB
out/renderer/assets/string-DCY2fEoW.js                                   8.40 kB │ gzip:     3.60 kB │ map:     27.76 kB
out/renderer/assets/vue-html-BTQywffe.js                                 8.47 kB │ gzip:     1.68 kB │ map:     11.96 kB
out/renderer/assets/vue-html-CAzXwkE7.js                                 8.47 kB │ gzip:     1.68 kB │ map:     11.94 kB
out/renderer/assets/plsql-Bt7kzHQC.js                                    8.50 kB │ gzip:     2.99 kB │ map:     10.85 kB
out/renderer/assets/plsql-WL_1O4uZ.js                                    8.50 kB │ gzip:     2.99 kB │ map:     10.87 kB
out/renderer/assets/reduce-CQYRZ9lK.js                                   8.59 kB │ gzip:     3.57 kB │ map:     75.41 kB
out/renderer/assets/dart-DXsFRJop.js                                     8.61 kB │ gzip:     1.99 kB │ map:     12.61 kB
out/renderer/assets/horizon-C3-e49qK.js                                  8.77 kB │ gzip:     1.94 kB │ map:     12.06 kB
out/renderer/assets/horizon-D_AjKR-C.js                                  8.77 kB │ gzip:     1.94 kB │ map:     12.04 kB
out/renderer/assets/kotlin-Dh2EdZoh.js                                   8.77 kB │ gzip:     2.12 kB │ map:     12.76 kB
out/renderer/assets/kotlin-W2Uq-0mD.js                                   8.77 kB │ gzip:     2.12 kB │ map:     12.74 kB
out/renderer/assets/horizon-bright-BopY_7DH.js                           8.78 kB │ gzip:     1.96 kB │ map:     12.11 kB
out/renderer/assets/horizon-bright-CtozHGmx.js                           8.78 kB │ gzip:     1.96 kB │ map:     12.09 kB
out/renderer/assets/ts-tags-CHMzyPkB.js                                  8.92 kB │ gzip:     1.21 kB │ map:     14.47 kB
out/renderer/assets/make-B5Fk3I1E.js                                     8.95 kB │ gzip:     1.76 kB │ map:     12.84 kB
out/renderer/assets/make-DohpOuut.js                                     8.95 kB │ gzip:     1.76 kB │ map:     12.82 kB
out/renderer/assets/andromeeda-MiVqdPDP.js                               9.01 kB │ gzip:     2.35 kB │ map:     11.92 kB
out/renderer/assets/andromeeda-qoZ2k88z.js                               9.01 kB │ gzip:     2.35 kB │ map:     11.94 kB
out/renderer/assets/sas-BfCB-3SQ.js                                      9.06 kB │ gzip:     3.82 kB │ map:     11.09 kB
out/renderer/assets/sas-CoaZFbTj.js                                      9.06 kB │ gzip:     3.82 kB │ map:     11.07 kB
out/renderer/assets/dark-plus-Bmid7tPL.js                                9.09 kB │ gzip:     2.10 kB │ map:     12.41 kB
out/renderer/assets/dark-plus-D5pYpvjP.js                                9.09 kB │ gzip:     2.10 kB │ map:     12.39 kB
out/renderer/assets/slack-dark-Cb7UUv3U.js                               9.11 kB │ gzip:     1.96 kB │ map:     12.50 kB
out/renderer/assets/slack-dark-CzRaGgyp.js                               9.11 kB │ gzip:     1.96 kB │ map:     12.48 kB
out/renderer/assets/chunk-YE7GQOST-JlddWh3_.js                           9.27 kB │ gzip:     2.58 kB │ map:     28.56 kB
out/renderer/assets/sass-Cl_o4YCV.js                                     9.28 kB │ gzip:     2.48 kB │ map:     13.38 kB
out/renderer/assets/sass-D1dzYY10.js                                     9.28 kB │ gzip:     2.48 kB │ map:     13.40 kB
out/renderer/assets/plastic-CNijxx4s.js                                  9.29 kB │ gzip:     1.96 kB │ map:     12.47 kB
out/renderer/assets/plastic-DNgb17C7.js                                  9.29 kB │ gzip:     1.96 kB │ map:     12.45 kB
out/renderer/assets/chunk-WKBPLHUA-BLwjWWyh.js                           9.36 kB │ gzip:     3.55 kB │ map:     31.21 kB
out/renderer/assets/graphlib-Vo0mRnej.js                                 9.36 kB │ gzip:     3.18 kB │ map:     66.84 kB
out/renderer/assets/slack-ochin-8rYo8DN8.js                              9.42 kB │ gzip:     2.08 kB │ map:     13.08 kB
out/renderer/assets/slack-ochin-DMjovyRB.js                              9.42 kB │ gzip:     2.08 kB │ map:     13.10 kB
out/renderer/assets/tex-BQzq69nq.js                                      9.67 kB │ gzip:     3.06 kB │ map:     12.38 kB
out/renderer/assets/tex-DqahW50l.js                                      9.67 kB │ gzip:     3.06 kB │ map:     12.40 kB
out/renderer/assets/jison-BA7oCs1y.js                                    9.69 kB │ gzip:     1.86 kB │ map:     14.08 kB
out/renderer/assets/jison-CoBqNKIp.js                                    9.69 kB │ gzip:     1.86 kB │ map:     14.06 kB
out/renderer/assets/cmake-ChChUve4.js                                    9.84 kB │ gzip:     3.37 kB │ map:     11.25 kB
out/renderer/assets/cmake-zNvaHSQj.js                                    9.84 kB │ gzip:     3.37 kB │ map:     11.23 kB
out/renderer/assets/light-plus-CgOIaEd4.js                               9.93 kB │ gzip:     2.27 kB │ map:     13.39 kB
out/renderer/assets/light-plus-OcyZe1V4.js                               9.93 kB │ gzip:     2.27 kB │ map:     13.40 kB
out/renderer/assets/hcl-19B1_Kgp.js                                     10.04 kB │ gzip:     1.93 kB │ map:     14.75 kB
out/renderer/assets/hcl-CPLSFjx7.js                                     10.04 kB │ gzip:     1.93 kB │ map:     14.77 kB
out/renderer/assets/rst-CaJ0_Xgj.js                                     10.31 kB │ gzip:     2.24 kB │ map:     15.53 kB
out/renderer/assets/rst-DGCVDvvb.js                                     10.31 kB │ gzip:     2.24 kB │ map:     15.55 kB
out/renderer/assets/pkl-5ZOyMHQB.js                                     10.36 kB │ gzip:     1.37 kB │ map:     15.44 kB
out/renderer/assets/pkl-D1UGGC-M.js                                     10.36 kB │ gzip:     1.37 kB │ map:     15.46 kB
out/renderer/assets/beancount-6Z4eviyR.js                               10.36 kB │ gzip:     1.43 kB │ map:     15.02 kB
out/renderer/assets/beancount-B8_P50i0.js                               10.36 kB │ gzip:     1.43 kB │ map:     15.00 kB
out/renderer/assets/nextflow-groovy-BPq6k41I.js                         10.39 kB │ gzip:     2.12 kB │ map:     15.18 kB
out/renderer/assets/nextflow-groovy-DQ72Dzjx.js                         10.43 kB │ gzip:     2.13 kB │ map:     15.21 kB
out/renderer/assets/dream-maker-BW8hAuo8.js                             10.46 kB │ gzip:     2.25 kB │ map:     15.09 kB
out/renderer/assets/dream-maker-CPa6vqQc.js                             10.46 kB │ gzip:     2.25 kB │ map:     15.07 kB
out/renderer/assets/raku-C00yQgYc.js                                    10.46 kB │ gzip:     2.94 kB │ map:     12.87 kB
out/renderer/assets/raku-WL8g-Rrt.js                                    10.46 kB │ gzip:     2.94 kB │ map:     12.89 kB
out/renderer/assets/stateDiagram-FHFEXIEX-DXE6qS5-.js                   10.55 kB │ gzip:     3.70 kB │ map:     33.16 kB
out/renderer/assets/yaml-BkXDoqWQ.js                                    10.56 kB │ gzip:     2.31 kB │ map:     14.85 kB
out/renderer/assets/yaml-CalDhCOK.js                                    10.56 kB │ gzip:     2.31 kB │ map:     14.87 kB
out/renderer/assets/just-DDAK54aJ.js                                    10.76 kB │ gzip:     2.60 kB │ map:     15.23 kB
out/renderer/assets/just-TQek9pnj.js                                    10.76 kB │ gzip:     2.60 kB │ map:     15.21 kB
out/renderer/assets/diagram-G4DWMVQ6-BofN11D5.js                        10.83 kB │ gzip:     3.73 kB │ map:     34.70 kB
out/renderer/assets/elm-C6AkQW4d.js                                     10.94 kB │ gzip:     2.09 kB │ map:     16.02 kB
out/renderer/assets/elm-DVD3cZep.js                                     10.94 kB │ gzip:     2.09 kB │ map:     16.00 kB
out/renderer/assets/dagre-KV5264BT-CbquF_Ni.js                          11.07 kB │ gzip:     4.14 kB │ map:     41.90 kB
out/renderer/assets/github-light-B1WlsVcA.js                            11.18 kB │ gzip:     2.49 kB │ map:     15.40 kB
out/renderer/assets/github-light-DQwexDuk.js                            11.18 kB │ gzip:     2.49 kB │ map:     15.38 kB
out/renderer/assets/prolog-DO60IfKu.js                                  11.34 kB │ gzip:     3.84 kB │ map:     13.26 kB
out/renderer/assets/prolog-DUrmildn.js                                  11.34 kB │ gzip:     3.84 kB │ map:     13.28 kB
out/renderer/assets/terraform-BX1rQ_Ev.js                               11.38 kB │ gzip:     2.51 kB │ map:     16.20 kB
out/renderer/assets/terraform-Be7tVPnY.js                               11.38 kB │ gzip:     2.51 kB │ map:     16.18 kB
out/renderer/assets/github-dark-C6xL4u7S.js                             11.40 kB │ gzip:     2.53 kB │ map:     15.67 kB
out/renderer/assets/github-dark-DyCYXnsu.js                             11.40 kB │ gzip:     2.53 kB │ map:     15.65 kB
out/renderer/assets/puppet-8satmWbA.js                                  11.43 kB │ gzip:     2.10 kB │ map:     16.30 kB
out/renderer/assets/puppet-C3FrzgoK.js                                  11.43 kB │ gzip:     2.10 kB │ map:     16.28 kB
out/renderer/assets/laserwave-Dn1DIQoo.js                               11.49 kB │ gzip:     2.57 kB │ map:     14.67 kB
out/renderer/assets/laserwave-yK8gJzH-.js                               11.49 kB │ gzip:     2.57 kB │ map:     14.69 kB
out/renderer/assets/gherkin-Babr0OhD.js                                 11.93 kB │ gzip:     5.04 kB │ map:     13.08 kB
out/renderer/assets/gherkin-DwOw6ZdR.js                                 11.93 kB │ gzip:     5.04 kB │ map:     13.10 kB
out/renderer/assets/wasm-BZ4Mqgjr.js                                    12.00 kB │ gzip:     2.17 kB │ map:     16.82 kB
out/renderer/assets/wasm-DK7OfNEo.js                                    12.00 kB │ gzip:     2.17 kB │ map:     16.80 kB
out/renderer/assets/hjson-C0QLD0nx.js                                   12.04 kB │ gzip:     1.64 kB │ map:     17.25 kB
out/renderer/assets/hjson-C9YwKn6j.js                                   12.04 kB │ gzip:     1.64 kB │ map:     17.27 kB
out/renderer/assets/handlebars-CBmlnF1Z.js                              12.16 kB │ gzip:     2.37 kB │ map:     17.36 kB
out/renderer/assets/handlebars-Dfy8-TX2.js                              12.16 kB │ gzip:     2.38 kB │ map:     17.34 kB
out/renderer/assets/apache-C3JJ9j_b.js                                  12.44 kB │ gzip:     3.71 kB │ map:     15.93 kB
out/renderer/assets/apache-C7vIklXW.js                                  12.44 kB │ gzip:     3.71 kB │ map:     15.91 kB
out/renderer/assets/vesper-8_SAuEMs.js                                  12.68 kB │ gzip:     1.98 kB │ map:     16.14 kB
out/renderer/assets/vesper-DXn6n2DN.js                                  12.68 kB │ gzip:     1.98 kB │ map:     16.16 kB
out/renderer/assets/bat-CHK53qS7.js                                     12.88 kB │ gzip:     3.22 kB │ map:     17.38 kB
out/renderer/assets/bat-CMRoTAPb.js                                     12.88 kB │ gzip:     3.22 kB │ map:     17.36 kB
out/renderer/assets/browser-BrdLEZCA.js                                 12.96 kB │ gzip:     6.36 kB │ map:    117.13 kB
out/renderer/assets/fish-DK5jar-z.js                                    13.03 kB │ gzip:     1.73 kB │ map:     16.84 kB
out/renderer/assets/fish-cwfIpg_P.js                                    13.03 kB │ gzip:     1.73 kB │ map:     16.82 kB
out/renderer/assets/v-B59tXPpO.js                                       13.20 kB │ gzip:     2.73 kB │ map:     19.25 kB
out/renderer/assets/v-DMXD081L.js                                       13.20 kB │ gzip:     2.73 kB │ map:     19.23 kB
out/renderer/assets/vitesse-light-B2OjKi3H.js                           13.61 kB │ gzip:     3.03 kB │ map:     18.52 kB
out/renderer/assets/vitesse-light-DRZkfG9r.js                           13.61 kB │ gzip:     3.03 kB │ map:     18.53 kB
out/renderer/assets/aurora-x-BAExiSGj.js                                13.65 kB │ gzip:     2.28 kB │ map:     17.56 kB
out/renderer/assets/aurora-x-COsKSBGo.js                                13.65 kB │ gzip:     2.28 kB │ map:     17.54 kB
out/renderer/assets/vitesse-black-CaFBdOEI.js                           13.67 kB │ gzip:     3.05 kB │ map:     18.60 kB
out/renderer/assets/vitesse-black-Tsha--xC.js                           13.67 kB │ gzip:     3.05 kB │ map:     18.62 kB
out/renderer/assets/vitesse-dark-BYaE-0iR.js                            13.75 kB │ gzip:     3.06 kB │ map:     18.68 kB
out/renderer/assets/vitesse-dark-DZpyFZse.js                            13.75 kB │ gzip:     3.06 kB │ map:     18.70 kB
out/renderer/assets/pug-BkTR8JSx.js                                     13.84 kB │ gzip:     2.58 kB │ map:     20.49 kB
out/renderer/assets/pug-CzAbcnz_.js                                     13.84 kB │ gzip:     2.58 kB │ map:     20.47 kB
out/renderer/assets/luau-CGRp6Fxo.js                                    13.95 kB │ gzip:     3.16 kB │ map:     19.59 kB
out/renderer/assets/luau-DewZMzoE.js                                    13.95 kB │ gzip:     3.16 kB │ map:     19.61 kB
out/renderer/assets/synthwave-84-CRvQy3tu.js                            14.03 kB │ gzip:     2.85 kB │ map:     19.08 kB
out/renderer/assets/synthwave-84-CVKciIjz.js                            14.03 kB │ gzip:     2.85 kB │ map:     19.06 kB
out/renderer/assets/github-light-default-5add0Jtz.js                    14.15 kB │ gzip:     3.02 kB │ map:     19.26 kB
out/renderer/assets/github-light-default-hIYNWL4P.js                    14.15 kB │ gzip:     3.02 kB │ map:     19.24 kB
out/renderer/assets/clarity-DbO9rwVt.js                                 14.26 kB │ gzip:     2.46 kB │ map:     19.92 kB
out/renderer/assets/clarity-wYmBE3fg.js                                 14.26 kB │ gzip:     2.46 kB │ map:     19.90 kB
out/renderer/assets/github-light-high-contrast-BPVU9Obb.js              14.27 kB │ gzip:     3.00 kB │ map:     19.41 kB
out/renderer/assets/github-light-high-contrast-Cf8-PETU.js              14.27 kB │ gzip:     3.00 kB │ map:     19.43 kB
out/renderer/assets/github-dark-dimmed-CBDVLn1w.js                      14.43 kB │ gzip:     3.11 kB │ map:     19.61 kB
out/renderer/assets/github-dark-dimmed-CBHleUai.js                      14.43 kB │ gzip:     3.11 kB │ map:     19.63 kB
out/renderer/assets/github-dark-default-DZNvh7SZ.js                     14.43 kB │ gzip:     3.12 kB │ map:     19.62 kB
out/renderer/assets/github-dark-default-qhalioac.js                     14.43 kB │ gzip:     3.12 kB │ map:     19.64 kB
out/renderer/assets/Line-DHvsk7_D.js                                    14.46 kB │ gzip:     4.66 kB │ map:     58.97 kB
out/renderer/assets/github-dark-high-contrast-OQmtDDYL.js               14.59 kB │ gzip:     3.07 kB │ map:     19.86 kB
out/renderer/assets/github-dark-high-contrast-SC-J7M15.js               14.59 kB │ gzip:     3.07 kB │ map:     19.84 kB
out/renderer/assets/gnuplot-CAQ_jjZb.js                                 14.77 kB │ gzip:     3.27 kB │ map:     20.78 kB
out/renderer/assets/gnuplot-DUF4hFrv.js                                 14.77 kB │ gzip:     3.27 kB │ map:     20.80 kB
out/renderer/assets/time-0m6vPLxI.js                                    14.92 kB │ gzip:     4.81 kB │ map:     62.47 kB
out/renderer/assets/rust-DwHPRs07.js                                    15.06 kB │ gzip:     2.71 kB │ map:     21.44 kB
out/renderer/assets/rust-SHU255GU.js                                    15.06 kB │ gzip:     2.71 kB │ map:     21.42 kB
out/renderer/assets/kusto-CU3V8YSe.js                                   15.16 kB │ gzip:     3.93 kB │ map:     19.60 kB
out/renderer/assets/kusto-DrmnIXUd.js                                   15.16 kB │ gzip:     3.92 kB │ map:     19.58 kB
out/renderer/assets/actionscript-3-BWARyAj0.js                          15.19 kB │ gzip:     2.67 kB │ map:     21.41 kB
out/renderer/assets/actionscript-3-DChWGx9h.js                          15.19 kB │ gzip:     2.67 kB │ map:     21.43 kB
out/renderer/assets/nix-Ck74h-Zr.js                                     15.50 kB │ gzip:     2.47 kB │ map:     22.85 kB
out/renderer/assets/nix-DfkkATfD.js                                     15.50 kB │ gzip:     2.47 kB │ map:     22.81 kB
out/renderer/assets/lua-DABbMjIB.js                                     15.58 kB │ gzip:     3.18 kB │ map:     22.10 kB
out/renderer/assets/lua-DgyUj5LV.js                                     15.58 kB │ gzip:     3.18 kB │ map:     22.08 kB
out/renderer/assets/abap-CEGEQwEZ.js                                    15.84 kB │ gzip:     5.93 kB │ map:     18.80 kB
out/renderer/assets/abap-D5Itp8sm.js                                    15.84 kB │ gzip:     5.93 kB │ map:     18.82 kB
out/renderer/assets/solidity-DJUxPiDK.js                                16.06 kB │ gzip:     3.09 kB │ map:     23.41 kB
out/renderer/assets/solidity-DS9nYo8Y.js                                16.06 kB │ gzip:     3.09 kB │ map:     23.43 kB
out/renderer/assets/matlab-B6HJ2fwu.js                                  16.07 kB │ gzip:     3.06 kB │ map:     23.35 kB
out/renderer/assets/matlab-J8V9qoT_.js                                  16.07 kB │ gzip:     3.06 kB │ map:     23.33 kB
out/renderer/assets/cue-BVYzm4-y.js                                     16.19 kB │ gzip:     2.04 kB │ map:     23.75 kB
out/renderer/assets/cue-CJvfF9lD.js                                     16.19 kB │ gzip:     2.04 kB │ map:     23.77 kB
out/renderer/assets/elixir-s7bAm-UM.js                                  16.26 kB │ gzip:     2.76 kB │ map:     23.10 kB
out/renderer/assets/elixir-uL4YQVPT.js                                  16.26 kB │ gzip:     2.76 kB │ map:     23.12 kB
out/renderer/assets/Bar-Dcrge3uH.js                                     16.39 kB │ gzip:     5.68 kB │ map:     71.33 kB
out/renderer/assets/odin-8FlDPlku.js                                    16.50 kB │ gzip:     2.92 kB │ map:     23.76 kB
out/renderer/assets/odin-BRBJQiOr.js                                    16.50 kB │ gzip:     2.92 kB │ map:     23.78 kB
out/renderer/assets/ts-tags-DxgIVKeN.js                                 16.54 kB │ gzip:     2.06 kB │ map:     24.42 kB
out/renderer/assets/pptx-preview-viewer-BKLRCSx3.js                     16.88 kB │ gzip:     6.17 kB │ map:     59.26 kB
out/renderer/assets/esm-ZKxuvD0K.js                                     16.95 kB │ gzip:     5.13 kB │ map:     53.29 kB
out/renderer/assets/bird2-6Wqk1qUG.js                                   16.96 kB │ gzip:     3.84 kB │ map:     23.21 kB
out/renderer/assets/kanagawa-wave-CkY3hEiN.js                           17.12 kB │ gzip:     2.90 kB │ map:     22.26 kB
out/renderer/assets/kanagawa-wave-WdQIwbR3.js                           17.12 kB │ gzip:     2.90 kB │ map:     22.24 kB
out/renderer/assets/kanagawa-lotus-BBYpWA6P.js                          17.12 kB │ gzip:     2.90 kB │ map:     22.27 kB
out/renderer/assets/kanagawa-lotus-C1AenT7a.js                          17.12 kB │ gzip:     2.90 kB │ map:     22.25 kB
out/renderer/assets/kanagawa-dragon-DqUkU4iz.js                         17.12 kB │ gzip:     2.92 kB │ map:     22.27 kB
out/renderer/assets/kanagawa-dragon-KjrGdFY3.js                         17.12 kB │ gzip:     2.92 kB │ map:     22.25 kB
out/renderer/assets/ishikawaDiagram-UXIWVN3A-t5RvZJ2b.js                17.30 kB │ gzip:     6.51 kB │ map:     57.98 kB
out/renderer/assets/move-B5bX3-Ba.js                                    17.49 kB │ gzip:     3.06 kB │ map:     26.25 kB
out/renderer/assets/move-DVuzb_t4.js                                    17.49 kB │ gzip:     3.06 kB │ map:     26.23 kB
out/renderer/assets/chunk-5PVQY5BW-CV5Pkb_1.js                          17.92 kB │ gzip:     6.60 kB │ map:     78.99 kB
out/renderer/assets/graphql-CFQDJz_B.js                                 18.07 kB │ gzip:     2.53 kB │ map:     25.44 kB
out/renderer/assets/graphql-DhiLlKem.js                                 18.07 kB │ gzip:     2.53 kB │ map:     25.42 kB
out/renderer/assets/liquid-BaEbqNNH.js                                  18.10 kB │ gzip:     3.14 kB │ map:     25.19 kB
out/renderer/assets/liquid-DRXuD-9v.js                                  18.10 kB │ gzip:     3.14 kB │ map:     25.21 kB
out/renderer/assets/svelte-CpL-mmSF.js                                  18.24 kB │ gzip:     3.14 kB │ map:     25.69 kB
out/renderer/assets/svelte-DVErwBRE.js                                  18.24 kB │ gzip:     3.13 kB │ map:     25.71 kB
out/renderer/assets/material-theme-BChcfnH7.js                          18.61 kB │ gzip:     3.10 kB │ map:     24.10 kB
out/renderer/assets/material-theme-uzhq75Vs.js                          18.61 kB │ gzip:     3.10 kB │ map:     24.08 kB
out/renderer/assets/material-theme-darker-BDwZw91t.js                   18.62 kB │ gzip:     3.10 kB │ map:     24.12 kB
out/renderer/assets/material-theme-darker-BEV4W_QX.js                   18.62 kB │ gzip:     3.10 kB │ map:     24.14 kB
out/renderer/assets/material-theme-ocean-3w29fudp.js                    18.62 kB │ gzip:     3.12 kB │ map:     24.13 kB
out/renderer/assets/material-theme-ocean-mRX44M_T.js                    18.62 kB │ gzip:     3.12 kB │ map:     24.12 kB
out/renderer/assets/material-theme-lighter-Bag0M5_5.js                  18.63 kB │ gzip:     3.10 kB │ map:     24.13 kB
out/renderer/assets/material-theme-lighter-VsMSOX9L.js                  18.63 kB │ gzip:     3.10 kB │ map:     24.15 kB
out/renderer/assets/material-theme-palenight-DiYy3jOK.js                18.63 kB │ gzip:     3.11 kB │ map:     24.13 kB
out/renderer/assets/material-theme-palenight-L-YAajDm.js                18.63 kB │ gzip:     3.11 kB │ map:     24.15 kB
out/renderer/assets/gdscript-BxuJvmeg.js                                18.98 kB │ gzip:     3.75 kB │ map:     26.22 kB
out/renderer/assets/gdscript-C271Jkhh.js                                18.98 kB │ gzip:     3.75 kB │ map:     26.23 kB
out/renderer/assets/groovy-Dal6xFV6.js                                  19.17 kB │ gzip:     3.59 kB │ map:     27.50 kB
out/renderer/assets/groovy-Dh6no5gJ.js                                  19.17 kB │ gzip:     3.59 kB │ map:     27.48 kB
out/renderer/assets/mdc-CNgpyKfF.js                                     19.54 kB │ gzip:     6.66 kB │ map:     23.07 kB
out/renderer/assets/mdc-CqkAJNyo.js                                     19.54 kB │ gzip:     6.66 kB │ map:     23.05 kB
out/renderer/assets/sankeyDiagram-XADWPNL6-hiExIzkM.js                  19.89 kB │ gzip:     7.16 kB │ map:     71.15 kB
out/renderer/assets/ArtifactChartView-C9uY7RHQ.js                       19.99 kB │ gzip:     6.73 kB │ map:     79.65 kB
out/renderer/assets/ayu-dark-BW2OJ0WB.js                                20.07 kB │ gzip:     3.93 kB │ map:     27.03 kB
out/renderer/assets/ayu-dark-D88AGEup.js                                20.07 kB │ gzip:     3.93 kB │ map:     27.01 kB
out/renderer/assets/ayu-mirage-B8v28E7d.js                              20.08 kB │ gzip:     3.91 kB │ map:     27.02 kB
out/renderer/assets/ayu-mirage-D_ltE5yZ.js                              20.08 kB │ gzip:     3.91 kB │ map:     27.04 kB
out/renderer/assets/glimmer-js-BiXq7bF-.js                              20.08 kB │ gzip:     2.94 kB │ map:     28.56 kB
out/renderer/assets/glimmer-js-CqG_EKPR.js                              20.08 kB │ gzip:     2.94 kB │ map:     28.58 kB
out/renderer/assets/glimmer-ts-C9KhJjcW.js                              20.08 kB │ gzip:     2.93 kB │ map:     28.56 kB
out/renderer/assets/glimmer-ts-lQxW-__D.js                              20.08 kB │ gzip:     2.93 kB │ map:     28.58 kB
out/renderer/assets/powershell-D6ywWZAk.js                              20.14 kB │ gzip:     4.05 kB │ map:     26.55 kB
out/renderer/assets/powershell-cR7QGNbv.js                              20.14 kB │ gzip:     4.05 kB │ map:     26.57 kB
out/renderer/assets/ayu-light-RVVWqNa2.js                               20.14 kB │ gzip:     3.89 kB │ map:     27.09 kB
out/renderer/assets/ayu-light-tLckx4As.js                               20.14 kB │ gzip:     3.89 kB │ map:     27.11 kB
out/renderer/assets/kanban-definition-6JOO6SKY-B8IU6SK3.js              20.22 kB │ gzip:     7.13 kB │ map:     63.72 kB
out/renderer/assets/viml-BN4jAKdZ.js                                    20.35 kB │ gzip:     6.73 kB │ map:     23.48 kB
out/renderer/assets/viml-DENelf0c.js                                    20.35 kB │ gzip:     6.73 kB │ map:     23.46 kB
out/renderer/assets/nushell-C0A4sPEk.js                                 20.40 kB │ gzip:     5.21 kB │ map:     27.62 kB
out/renderer/assets/nushell-CQTzJ9Yb.js                                 20.40 kB │ gzip:     5.21 kB │ map:     27.64 kB
out/renderer/assets/AppUsageModelUsagePieChart-MPxG3wv4.js              20.70 kB │ gzip:     6.62 kB │ map:     75.70 kB
out/renderer/assets/snazzy-light-BT6fHpA8.js                            20.77 kB │ gzip:     3.80 kB │ map:     27.98 kB
out/renderer/assets/snazzy-light-ChpQvmBs.js                            20.77 kB │ gzip:     3.80 kB │ map:     27.99 kB
out/renderer/assets/twig-B8yKF_BH.js                                    20.90 kB │ gzip:     3.66 kB │ map:     29.18 kB
out/renderer/assets/twig-D0khxWgn.js                                    20.90 kB │ gzip:     3.66 kB │ map:     29.20 kB
out/renderer/assets/dracula-DsrR6wLR.js                                 21.06 kB │ gzip:     3.99 kB │ map:     27.48 kB
out/renderer/assets/dracula-ngTk6_-P.js                                 21.06 kB │ gzip:     3.99 kB │ map:     27.46 kB
out/renderer/assets/dracula-soft-CqLfoRsW.js                            21.07 kB │ gzip:     4.02 kB │ map:     27.49 kB
out/renderer/assets/dracula-soft-DxDMaBeq.js                            21.07 kB │ gzip:     4.02 kB │ map:     27.51 kB
out/renderer/assets/wit-C2_uPzKH.js                                     21.46 kB │ gzip:     2.87 kB │ map:     30.08 kB
out/renderer/assets/wit-DxoClzrY.js                                     21.46 kB │ gzip:     2.87 kB │ map:     30.06 kB
out/renderer/assets/rose-pine-CM5NJIrm.js                               21.74 kB │ gzip:     3.86 kB │ map:     28.75 kB
out/renderer/assets/rose-pine-exYPtSxm.js                               21.74 kB │ gzip:     3.86 kB │ map:     28.73 kB
out/renderer/assets/rose-pine-moon-CEWB3_kC.js                          21.75 kB │ gzip:     3.87 kB │ map:     28.76 kB
out/renderer/assets/rose-pine-moon-DeI9KuG7.js                          21.75 kB │ gzip:     3.87 kB │ map:     28.78 kB
out/renderer/assets/rose-pine-dawn-BaiBCt3w.js                          21.75 kB │ gzip:     3.88 kB │ map:     28.76 kB
out/renderer/assets/rose-pine-dawn-CXnkCc1u.js                          21.75 kB │ gzip:     3.88 kB │ map:     28.78 kB
out/renderer/assets/nim-BWJksl4_.js                                     22.45 kB │ gzip:     3.15 kB │ map:     32.71 kB
out/renderer/assets/nim-DN5RWDuO.js                                     22.45 kB │ gzip:     3.15 kB │ map:     32.73 kB
out/renderer/assets/common-lisp-Ce3L-O51.js                             22.57 kB │ gzip:     6.07 kB │ map:     26.66 kB
out/renderer/assets/common-lisp-CfvFSDvz.js                             22.57 kB │ gzip:     6.07 kB │ map:     26.64 kB
out/renderer/assets/surrealql-BekLzy44.js                               22.58 kB │ gzip:     4.31 kB │ map:     32.44 kB
out/renderer/assets/surrealql-DPPUlAke.js                               22.58 kB │ gzip:     4.31 kB │ map:     32.43 kB
out/renderer/assets/gruvbox-dark-hard-BYxzbBFD.js                       22.63 kB │ gzip:     4.15 kB │ map:     30.53 kB
out/renderer/assets/gruvbox-dark-hard-HymNAuFH.js                       22.63 kB │ gzip:     4.15 kB │ map:     30.55 kB
out/renderer/assets/gruvbox-dark-soft-BNE4ilfv.js                       22.63 kB │ gzip:     4.15 kB │ map:     30.53 kB
out/renderer/assets/gruvbox-dark-soft-BeD7okS0.js                       22.63 kB │ gzip:     4.15 kB │ map:     30.55 kB
out/renderer/assets/gruvbox-light-hard-DeEyZel5.js                      22.63 kB │ gzip:     4.16 kB │ map:     30.53 kB
out/renderer/assets/gruvbox-light-hard-DxDG-v1N.js                      22.63 kB │ gzip:     4.16 kB │ map:     30.55 kB
out/renderer/assets/gruvbox-light-soft-DdjnZV1w.js                      22.63 kB │ gzip:     4.16 kB │ map:     30.53 kB
out/renderer/assets/gruvbox-light-soft-ZKPe1c5l.js                      22.63 kB │ gzip:     4.16 kB │ map:     30.55 kB
out/renderer/assets/gruvbox-dark-medium-BMpMf9Cp.js                     22.63 kB │ gzip:     4.15 kB │ map:     30.54 kB
out/renderer/assets/gruvbox-dark-medium-DpGCmSTt.js                     22.63 kB │ gzip:     4.15 kB │ map:     30.56 kB
out/renderer/assets/gruvbox-light-medium-CYCZxtfl.js                    22.63 kB │ gzip:     4.16 kB │ map:     30.54 kB
out/renderer/assets/gruvbox-light-medium-DvrsmC_M.js                    22.63 kB │ gzip:     4.16 kB │ map:     30.56 kB
out/renderer/assets/bird2-Ckm1_Id3.js                                   22.93 kB │ gzip:     4.65 kB │ map:     31.01 kB
out/renderer/assets/journeyDiagram-VCZTEJTY-DwYo36_b.js                 23.16 kB │ gzip:     8.16 kB │ map:     74.00 kB
out/renderer/assets/sql-Blt2bSQs.js                                     23.46 kB │ gzip:     7.48 kB │ map:     27.87 kB
out/renderer/assets/sql-brz71BXN.js                                     23.46 kB │ gzip:     7.48 kB │ map:     27.89 kB
out/renderer/assets/mindmap-definition-QFDTVHPH-CifM2vCq.js             23.65 kB │ gzip:     8.06 kB │ map:     72.81 kB
out/renderer/assets/cadence-D78o-rXF.js                                 23.66 kB │ gzip:     3.65 kB │ map:     33.56 kB
out/renderer/assets/cadence-bGIYFver.js                                 23.66 kB │ gzip:     3.65 kB │ map:     33.54 kB
out/renderer/assets/wardleyDiagram-NUSXRM2D-CAlmNeH_.js                 23.87 kB │ gzip:     6.29 kB │ map:     72.93 kB
out/renderer/assets/index-9Yg9NZLQ.js                                   23.91 kB │ gzip:     6.90 kB │ map:     70.47 kB
out/renderer/assets/typespec-DBw920dw.js                                24.01 kB │ gzip:     2.58 kB │ map:     33.42 kB
out/renderer/assets/astro-BCYyaFCC.js                                   24.02 kB │ gzip:     7.59 kB │ map:     29.12 kB
out/renderer/assets/astro-BEKcMdRf.js                                   24.02 kB │ gzip:     7.59 kB │ map:     29.10 kB
out/renderer/assets/apl--g4AY8nK.js                                     24.02 kB │ gzip:     4.16 kB │ map:     33.29 kB
out/renderer/assets/apl-D3Af4A5z.js                                     24.02 kB │ gzip:     4.16 kB │ map:     33.31 kB
out/renderer/assets/templ-7CwAyGNy.js                                   24.06 kB │ gzip:     5.40 kB │ map:     30.85 kB
out/renderer/assets/templ-BDlKlpSm.js                                   24.06 kB │ gzip:     5.41 kB │ map:     30.87 kB
out/renderer/assets/angular-html-OjtDQKyE.js                            24.23 kB │ gzip:     3.98 kB │ map:     35.55 kB
out/renderer/assets/angular-html-ldpvHB3m.js                            24.23 kB │ gzip:     3.98 kB │ map:     35.46 kB
out/renderer/assets/vhdl-B3Ev5M5T.js                                    24.25 kB │ gzip:     3.86 kB │ map:     33.36 kB
out/renderer/assets/vhdl-BnTw_Nxy.js                                    24.25 kB │ gzip:     3.86 kB │ map:     33.34 kB
out/renderer/assets/vue-CB5Efd3J.js                                     24.48 kB │ gzip:     2.95 kB │ map:     36.62 kB
out/renderer/assets/vue-CpSE4RCm.js                                     24.48 kB │ gzip:     2.95 kB │ map:     36.52 kB
out/renderer/assets/purescript-DXZn2sz0.js                              24.67 kB │ gzip:     3.24 kB │ map:     34.85 kB
out/renderer/assets/purescript-tlFgRgY2.js                              24.67 kB │ gzip:     3.24 kB │ map:     34.86 kB
out/renderer/assets/typespec-sfcU0uk8.js                                25.03 kB │ gzip:     2.62 kB │ map:     34.65 kB
out/renderer/assets/one-light-Bupixnhc.js                               25.29 kB │ gzip:     3.63 kB │ map:     33.78 kB
out/renderer/assets/one-light-DYZ7HW9V.js                               25.29 kB │ gzip:     3.63 kB │ map:     33.76 kB
out/renderer/assets/fsharp-DkWz6T5I.js                                  25.30 kB │ gzip:     4.12 kB │ map:     35.82 kB
out/renderer/assets/fsharp-FAJvcV7-.js                                  25.30 kB │ gzip:     4.12 kB │ map:     35.84 kB
out/renderer/assets/marko--fJ-bT_L.js                                   25.48 kB │ gzip:     3.59 kB │ map:     35.81 kB
out/renderer/assets/marko-CdKHI4gi.js                                   25.48 kB │ gzip:     3.59 kB │ map:     35.79 kB
out/renderer/assets/c3-DB46l4uM.js                                      25.62 kB │ gzip:     3.85 kB │ map:     37.16 kB
out/renderer/assets/c3-Dh1BVerg.js                                      25.62 kB │ gzip:     3.85 kB │ map:     37.14 kB
out/renderer/assets/night-owl-light-DAmrLpQE.js                         25.89 kB │ gzip:     4.23 kB │ map:     35.11 kB
out/renderer/assets/night-owl-light-w-Wx0EBg.js                         25.89 kB │ gzip:     4.23 kB │ map:     35.13 kB
out/renderer/assets/system-verilog-DHKGDFe6.js                          26.19 kB │ gzip:     4.82 kB │ map:     36.24 kB
out/renderer/assets/system-verilog-DQppm7zC.js                          26.19 kB │ gzip:     4.82 kB │ map:     36.22 kB
out/renderer/assets/nord-D1x6BdZ8.js                                    26.72 kB │ gzip:     4.35 kB │ map:     35.33 kB
out/renderer/assets/nord-D_wbfDF1.js                                    26.72 kB │ gzip:     4.35 kB │ map:     35.31 kB
out/renderer/assets/erDiagram-SMLLAGMA-Cw_aN1sQ.js                      26.81 kB │ gzip:     9.33 kB │ map:     85.01 kB
out/renderer/assets/codeql-BGT1RMnK.js                                  26.87 kB │ gzip:     3.79 kB │ map:     35.97 kB
out/renderer/assets/codeql-BaAWmNai.js                                  26.87 kB │ gzip:     3.79 kB │ map:     35.99 kB
out/renderer/assets/rough.esm-C9ErJkJj.js                               27.10 kB │ gzip:     8.85 kB │ map:     71.32 kB
out/renderer/assets/bundle-mjs-8EhYz9nf.js                              27.25 kB │ gzip:     8.67 kB │ map:    139.70 kB
out/renderer/assets/scss-BrkIkP91.js                                    27.25 kB │ gzip:     4.22 kB │ map:     38.31 kB
out/renderer/assets/scss-DO857W4Q.js                                    27.25 kB │ gzip:     4.22 kB │ map:     38.29 kB
out/renderer/assets/java-bgM9kbCw.js                                    27.27 kB │ gzip:     4.30 kB │ map:     38.60 kB
out/renderer/assets/java-wDeJ3ZY9.js                                    27.27 kB │ gzip:     4.30 kB │ map:     38.59 kB
out/renderer/assets/coffee-BDsGCe_O.js                                  27.42 kB │ gzip:     6.35 kB │ map:     36.06 kB
out/renderer/assets/coffee-CWdn777b.js                                  27.42 kB │ gzip:     6.35 kB │ map:     36.04 kB
out/renderer/assets/razor-B2jXIxbY.js                                   27.45 kB │ gzip:     3.54 kB │ map:     38.26 kB
out/renderer/assets/razor-BFenwgjZ.js                                   27.45 kB │ gzip:     3.54 kB │ map:     38.28 kB
out/renderer/assets/scala-GZWsrIYS.js                                   28.87 kB │ gzip:     3.92 kB │ map:     40.09 kB
out/renderer/assets/scala-JPSJ8abF.js                                   28.87 kB │ gzip:     3.92 kB │ map:     40.07 kB
out/renderer/assets/night-owl-BiP8Mfwo.js                               28.91 kB │ gzip:     5.14 kB │ map:     39.03 kB
out/renderer/assets/night-owl-DM5WiIv3.js                               28.91 kB │ gzip:     5.14 kB │ map:     39.01 kB
out/renderer/assets/gitGraphDiagram-UUTBAWPF-BBFGpq8I.js                28.97 kB │ gzip:     8.55 kB │ map:    109.56 kB
out/renderer/assets/duke_sheets_wasm-j09QWXGW.js                        28.98 kB │ gzip:     6.59 kB │ map:    108.85 kB
out/renderer/assets/pierre-dark-BaW81nKt.js                             29.34 kB │ gzip:     4.51 kB │ map:     32.87 kB
out/renderer/assets/pierre-light-CLbRmaBh.js                            29.34 kB │ gzip:     4.48 kB │ map:     32.87 kB
out/renderer/assets/crystal-DfSqVgew.js                                 29.41 kB │ gzip:     4.43 kB │ map:     41.15 kB
out/renderer/assets/crystal-DukDRhhS.js                                 29.41 kB │ gzip:     4.44 kB │ map:     41.13 kB
out/renderer/assets/mermaid-B0FbXbrS.js                                 29.50 kB │ gzip:     3.64 kB │ map:     44.09 kB
out/renderer/assets/mermaid-Gmj3SexD.js                                 29.50 kB │ gzip:     3.64 kB │ map:     44.07 kB
out/renderer/assets/applescript-CuvX6P6k.js                             29.56 kB │ gzip:     5.94 kB │ map:     39.30 kB
out/renderer/assets/applescript-DHajbsLh.js                             29.56 kB │ gzip:     5.94 kB │ map:     39.32 kB
out/renderer/assets/timeline-definition-GMOUNBTQ-CZIi-DrF.js            30.39 kB │ gzip:     9.96 kB │ map:     99.34 kB
out/renderer/assets/dagre-BtZIj1p6.js                                   30.42 kB │ gzip:    10.94 kB │ map:    186.34 kB
out/renderer/assets/CartesianChart-C_QgMVv6.js                          30.43 kB │ gzip:     8.18 kB │ map:    118.91 kB
out/renderer/assets/requirementDiagram-MS252O5E-DErBdfVG.js             30.96 kB │ gzip:     9.75 kB │ map:     94.18 kB
out/renderer/assets/julia-BLGBqEPm.js                                   30.99 kB │ gzip:     4.30 kB │ map:     40.50 kB
out/renderer/assets/julia-Pu4mHhG1.js                                   30.99 kB │ gzip:     4.29 kB │ map:     40.52 kB
out/renderer/assets/stylus-BEbplXGx.js                                  31.06 kB │ gzip:     8.01 kB │ map:     38.83 kB
out/renderer/assets/stylus-BWHpKlA0.js                                  31.06 kB │ gzip:     8.01 kB │ map:     38.85 kB
out/renderer/assets/quadrantDiagram-34T5L4WZ-CLprDSQz.js                33.34 kB │ gzip:     9.70 kB │ map:    104.27 kB
out/renderer/assets/poimandres-C_YYaofX.js                              33.49 kB │ gzip:     5.49 kB │ map:     43.02 kB
out/renderer/assets/poimandres-CgCd6faQ.js                              33.49 kB │ gzip:     5.49 kB │ map:     43.04 kB
out/renderer/assets/chunk-ENJZ2VHE-_lqtashE.js                          33.51 kB │ gzip:     7.10 kB │ map:     94.67 kB
out/renderer/assets/one-dark-pro-C7OrgcKP.js                            33.78 kB │ gzip:     5.50 kB │ map:     44.48 kB
out/renderer/assets/one-dark-pro-DcLixdDK.js                            33.78 kB │ gzip:     5.50 kB │ map:     44.46 kB
out/renderer/assets/bsl-B_I0lWLd.js                                     33.86 kB │ gzip:     8.34 kB │ map:     37.58 kB
out/renderer/assets/bsl-Cf4JI5Ew.js                                     33.86 kB │ gzip:     8.34 kB │ map:     37.56 kB
out/renderer/assets/haxe-CP5mkufG.js                                    35.15 kB │ gzip:     5.90 kB │ map:     49.49 kB
out/renderer/assets/haxe-D9faSGYK.js                                    35.15 kB │ gzip:     5.90 kB │ map:     49.48 kB
out/renderer/assets/nginx-BRrPH2DL.js                                   35.35 kB │ gzip:     4.45 kB │ map:     48.45 kB
out/renderer/assets/nginx-CtjNl5z_.js                                   35.35 kB │ gzip:     4.45 kB │ map:     48.43 kB
out/renderer/assets/houston-l1ZW3a2v.js                                 35.41 kB │ gzip:     5.76 kB │ map:     46.35 kB
out/renderer/assets/houston-xfmkuUNM.js                                 35.41 kB │ gzip:     5.76 kB │ map:     46.37 kB
out/renderer/assets/tokyo-night-CA8xZIA9.js                             35.66 kB │ gzip:     6.22 kB │ map:     45.30 kB
out/renderer/assets/tokyo-night-DNtLLUpw.js                             35.66 kB │ gzip:     6.22 kB │ map:     45.32 kB
out/renderer/assets/chunk-OYMX7WX6-Dvq8vA1V.js                          36.59 kB │ gzip:    11.80 kB │ map:    115.48 kB
out/renderer/assets/src-CHc5vkRH.js                                     37.29 kB │ gzip:    12.43 kB │ map:    155.90 kB
out/renderer/assets/erlang-C8jegsD2.js                                  37.47 kB │ gzip:     4.36 kB │ map:     51.53 kB
out/renderer/assets/erlang-IoABGXpZ.js                                  37.47 kB │ gzip:     4.36 kB │ map:     51.51 kB
out/renderer/assets/skillStore-DSxJQcXh.js                              38.71 kB │ gzip:    10.51 kB │ map:    222.05 kB
out/renderer/assets/xychartDiagram-5P7HB3ND-BDHFv9oJ.js                 38.76 kB │ gzip:    10.72 kB │ map:    121.16 kB
out/renderer/assets/cobol-DUFizFyl.js                                   39.07 kB │ gzip:    10.89 kB │ map:     47.30 kB
out/renderer/assets/cobol-CI3tlwUK.js                                   39.09 kB │ gzip:    10.89 kB │ map:     47.35 kB
out/renderer/assets/vennDiagram-DHZGUBPP-20MRLv3s.js                    40.62 kB │ gzip:    14.89 kB │ map:    171.05 kB
out/renderer/assets/asm-C5VgO3Bo.js                                     40.71 kB │ gzip:     8.16 kB │ map:     52.96 kB
out/renderer/assets/asm-rzIt4hkg.js                                     40.71 kB │ gzip:     8.16 kB │ map:     52.97 kB
out/renderer/assets/haskell-BK2ceuz8.js                                 41.48 kB │ gzip:     6.41 kB │ map:     57.81 kB
out/renderer/assets/haskell-ClGtvFsl.js                                 41.48 kB │ gzip:     6.41 kB │ map:     57.82 kB
out/renderer/assets/shellscript-Cbxb8YCB.js                             41.53 kB │ gzip:     6.12 kB │ map:     56.48 kB
out/renderer/assets/shellscript-dVcfyZJ_.js                             41.53 kB │ gzip:     6.12 kB │ map:     56.49 kB
out/renderer/assets/chunk-XPW4576I-S-I3e9e8.js                          41.85 kB │ gzip:    14.22 kB │ map:    147.73 kB
out/renderer/assets/perl-BuYg5Z2-.js                                    43.14 kB │ gzip:     4.64 kB │ map:     60.70 kB
out/renderer/assets/perl-CtyrPf5L.js                                    43.14 kB │ gzip:     4.64 kB │ map:     60.72 kB
out/renderer/assets/d-BLl9_hcT.js                                       43.78 kB │ gzip:     8.43 kB │ map:     62.67 kB
out/renderer/assets/d-CHIp_vmd.js                                       43.78 kB │ gzip:     8.43 kB │ map:     62.65 kB
out/renderer/assets/ruby-DzV-6_mV.js                                    45.83 kB │ gzip:     5.56 kB │ map:     65.27 kB
out/renderer/assets/ruby-aa0iKbd2.js                                    46.60 kB │ gzip:     5.71 kB │ map:     66.14 kB
out/renderer/assets/go-C0c08z62.js                                      46.80 kB │ gzip:     5.15 kB │ map:     66.57 kB
out/renderer/assets/go-3nrMsiI6.js                                      46.81 kB │ gzip:     5.14 kB │ map:     66.56 kB
out/renderer/assets/chunk-4TB4RGXK-D7hZXShH.js                          46.88 kB │ gzip:    15.12 kB │ map:    138.06 kB
out/renderer/assets/apex-CvtvI4AJ.js                                    46.97 kB │ gzip:     6.72 kB │ map:     65.69 kB
out/renderer/assets/apex-DZfR02cE.js                                    46.97 kB │ gzip:     6.72 kB │ map:     65.67 kB
out/renderer/assets/catppuccin-mocha-BuMrqLHK.js                        47.25 kB │ gzip:     7.98 kB │ map:     61.99 kB
out/renderer/assets/catppuccin-mocha-gVWHXrvI.js                        47.25 kB │ gzip:     7.98 kB │ map:     61.98 kB
out/renderer/assets/catppuccin-latte-CHrZX23h.js                        47.25 kB │ gzip:     7.98 kB │ map:     62.00 kB
out/renderer/assets/catppuccin-latte-WslWcXjm.js                        47.25 kB │ gzip:     7.98 kB │ map:     61.98 kB
out/renderer/assets/catppuccin-frappe-BrlOPz_N.js                       47.25 kB │ gzip:     7.99 kB │ map:     61.98 kB
out/renderer/assets/catppuccin-frappe-rdTBEJr0.js                       47.25 kB │ gzip:     7.99 kB │ map:     62.00 kB
out/renderer/assets/catppuccin-macchiato-CRvUwvcw.js                    47.26 kB │ gzip:     7.99 kB │ map:     62.00 kB
out/renderer/assets/catppuccin-macchiato-TzJJ3Adx.js                    47.26 kB │ gzip:     7.99 kB │ map:     62.01 kB
out/renderer/assets/ada-BFrvZSvJ.js                                     48.07 kB │ gzip:     5.96 kB │ map:     70.92 kB
out/renderer/assets/ada-CG5TDbXi.js                                     48.07 kB │ gzip:     5.96 kB │ map:     70.94 kB
out/renderer/assets/css-DjjAGVt8.js                                     49.07 kB │ gzip:    11.94 kB │ map:     60.60 kB
out/renderer/assets/css-BzpqIYkd.js                                     49.09 kB │ gzip:    11.95 kB │ map:     60.60 kB
out/renderer/assets/imba-BVXFUxSV.js                                    49.92 kB │ gzip:     9.47 kB │ map:     68.04 kB
out/renderer/assets/imba-Bm4SThli.js                                    49.92 kB │ gzip:     9.47 kB │ map:     68.06 kB
out/renderer/assets/chunk-U2HBQHQK-DP8p8JYP.js                          52.52 kB │ gzip:    17.15 kB │ map:    132.10 kB
out/renderer/assets/everforest-dark-C1PeaEzA.js                         53.74 kB │ gzip:     8.37 kB │ map:     68.24 kB
out/renderer/assets/everforest-dark-DFsbdLSE.js                         53.74 kB │ gzip:     8.37 kB │ map:     68.22 kB
out/renderer/assets/everforest-light-BRXA8Slv.js                        53.74 kB │ gzip:     8.36 kB │ map:     68.23 kB
out/renderer/assets/everforest-light-Di59aqkO.js                        53.74 kB │ gzip:     8.36 kB │ map:     68.25 kB
out/renderer/assets/ganttDiagram-T4ZO3ILL-D1W-2zlC.js                   54.44 kB │ gzip:    18.21 kB │ map:    163.46 kB
out/renderer/assets/wikitext-B6QBcuq4.js                                55.87 kB │ gzip:     4.81 kB │ map:     77.59 kB
out/renderer/assets/wikitext-D_hsE7d1.js                                55.87 kB │ gzip:     4.81 kB │ map:     77.61 kB
out/renderer/assets/stata-5b3VqgzO.js                                   56.99 kB │ gzip:    12.39 kB │ map:     74.15 kB
out/renderer/assets/stata-B-Tvit0x.js                                   56.99 kB │ gzip:    12.39 kB │ map:     74.13 kB
out/renderer/assets/html-L1xaJh_l.js                                    57.31 kB │ gzip:    11.78 kB │ map:     72.95 kB
out/renderer/assets/html-bu5lIHPa.js                                    57.31 kB │ gzip:    11.78 kB │ map:     72.97 kB
out/renderer/assets/ballerina-DpFsPVq4.js                               58.68 kB │ gzip:     8.10 kB │ map:     81.49 kB
out/renderer/assets/ballerina-hJbfp1x4.js                               58.68 kB │ gzip:     8.10 kB │ map:     81.51 kB
out/renderer/assets/markdown-DZBuQsbL.js                                59.32 kB │ gzip:     5.66 kB │ map:     82.28 kB
out/renderer/assets/markdown-YMt_yT28.js                                59.32 kB │ gzip:     5.66 kB │ map:     82.30 kB
out/renderer/assets/flowDiagram-DWJPFMVM-C5gPMz96.js                    60.22 kB │ gzip:    19.51 kB │ map:    180.37 kB
out/renderer/assets/ocaml-CmDGAfzM.js                                   62.44 kB │ gzip:     5.04 kB │ map:     81.08 kB
out/renderer/assets/ocaml-ciIEdNiw.js                                   62.44 kB │ gzip:     5.04 kB │ map:     81.06 kB
out/renderer/assets/c4Diagram-AHTNJAMY-vVLhbWUy.js                      69.17 kB │ gzip:    19.33 kB │ map:    191.40 kB
out/renderer/assets/mojo-BRQM3y3Z.js                                    69.79 kB │ gzip:     9.21 kB │ map:     94.91 kB
out/renderer/assets/mojo-gwJv-3uW.js                                    69.79 kB │ gzip:     9.21 kB │ map:     94.89 kB
out/renderer/assets/blockDiagram-DXYQGD6D-D5J7Hp0i.js                   69.90 kB │ gzip:    19.67 kB │ map:    228.24 kB
out/renderer/assets/python-Bbodp6H_.js                                  69.94 kB │ gzip:     9.09 kB │ map:     95.19 kB
out/renderer/assets/python-lpdFUu4o.js                                  69.94 kB │ gzip:     9.09 kB │ map:     95.21 kB
out/renderer/assets/c-C9oDNrps.js                                       72.16 kB │ gzip:    10.55 kB │ map:     95.36 kB
out/renderer/assets/c-D825nhK9.js                                       72.16 kB │ gzip:    10.55 kB │ map:     95.34 kB
out/renderer/assets/latex-C2nLHz9x.js                                   72.61 kB │ gzip:     6.68 kB │ map:    100.53 kB
out/renderer/assets/latex-Crxb1fca.js                                   72.61 kB │ gzip:     6.68 kB │ map:    100.55 kB
out/renderer/assets/vyper-1DUzaAVz.js                                   74.64 kB │ gzip:    10.69 kB │ map:    100.66 kB
out/renderer/assets/vyper-CR_6y6vj.js                                   74.64 kB │ gzip:    10.69 kB │ map:    100.68 kB
out/renderer/assets/hack-DVSL6fno.js                                    80.18 kB │ gzip:    26.27 kB │ map:     97.26 kB
out/renderer/assets/hack-kvem29ZU.js                                    80.18 kB │ gzip:    26.27 kB │ map:     97.28 kB
out/renderer/assets/cose-bilkent-S5V4N54A-yPm8cO0r.js                   81.39 kB │ gzip:    21.56 kB │ map:    285.22 kB
out/renderer/assets/swift-BqjsijCw.js                                   86.68 kB │ gzip:    14.69 kB │ map:    114.49 kB
out/renderer/assets/swift-DhtXU-gI.js                                   86.68 kB │ gzip:    14.69 kB │ map:    114.47 kB
out/renderer/assets/fortran-free-form-B60b9BnP.js                       88.96 kB │ gzip:    11.18 kB │ map:    124.01 kB
out/renderer/assets/fortran-free-form-Bs32AYCD.js                       88.96 kB │ gzip:    11.18 kB │ map:    124.03 kB
out/renderer/assets/csharp-CV9-gs50.js                                  89.68 kB │ gzip:    10.64 kB │ map:    125.63 kB
out/renderer/assets/csharp-CrR8NSC6.js                                  89.68 kB │ gzip:    10.64 kB │ map:    125.65 kB
out/renderer/assets/racket-8v8sXEmR.js                                  92.38 kB │ gzip:    15.07 kB │ map:    106.16 kB
out/renderer/assets/racket-CAFHbBYi.js                                  92.38 kB │ gzip:    15.07 kB │ map:    106.14 kB
out/renderer/assets/less-Cb5OiZNR.js                                    97.62 kB │ gzip:    14.84 kB │ map:    131.83 kB
out/renderer/assets/less-CbL6qntH.js                                    97.62 kB │ gzip:    14.84 kB │ map:    131.81 kB
out/renderer/assets/chunk-5FUZZQ4R-B1Qn1XL2.js                          97.91 kB │ gzip:    23.96 kB │ map:    356.35 kB
out/renderer/assets/blade-DZ_9A1RI.js                                  104.97 kB │ gzip:    28.30 kB │ map:    130.91 kB
out/renderer/assets/blade-FjKGSKA3.js                                  104.97 kB │ gzip:    28.30 kB │ map:    130.93 kB
out/renderer/assets/objective-c-BdUCvG9z.js                            105.40 kB │ gzip:    23.63 kB │ map:    129.60 kB
out/renderer/assets/objective-c-Sn4f-Kwp.js                            105.40 kB │ gzip:    23.63 kB │ map:    129.62 kB
out/renderer/assets/php-D5Z-ie08.js                                    111.05 kB │ gzip:    28.65 kB │ map:    139.35 kB
out/renderer/assets/php-BK0lvP2c.js                                    111.31 kB │ gzip:    28.65 kB │ map:    139.69 kB
out/renderer/assets/sequenceDiagram-FGHM5R23-4VQztYGU.js               115.51 kB │ gzip:    30.45 kB │ map:    328.59 kB
out/renderer/assets/asciidoc-ByMi1dti.js                               131.52 kB │ gzip:     9.31 kB │ map:    189.06 kB
out/renderer/assets/asciidoc-WhFo2cmY.js                               131.52 kB │ gzip:     9.31 kB │ map:    189.08 kB
out/renderer/assets/mdx-D3h3Z53b.js                                    136.10 kB │ gzip:    23.54 kB │ map:    176.68 kB
out/renderer/assets/mdx-DFB6V2Ux.js                                    136.10 kB │ gzip:    23.54 kB │ map:    176.70 kB
out/renderer/assets/architectureDiagram-Q4EWVU46-Dd1f17q9.js           146.77 kB │ gzip:    40.23 kB │ map:    547.73 kB
out/renderer/assets/objective-cpp-BXF1EIJu.js                          171.96 kB │ gzip:    30.98 kB │ map:    218.49 kB
out/renderer/assets/objective-cpp-OydfEoJX.js                          171.96 kB │ gzip:    30.98 kB │ map:    218.51 kB
out/renderer/assets/previewPaneOfficeDocxContent-CW16bAhC.js           174.66 kB │ gzip:    50.22 kB │ map:    421.49 kB
out/renderer/assets/javascript-CDiu1dch.js                             174.88 kB │ gzip:    16.67 kB │ map:    236.03 kB
out/renderer/assets/javascript-xjEanSeI.js                             174.88 kB │ gzip:    16.67 kB │ map:    236.01 kB
out/renderer/assets/tsx-Cp6ErbsM.js                                    175.59 kB │ gzip:    16.67 kB │ map:    236.70 kB
out/renderer/assets/tsx-DwknI91h.js                                    175.59 kB │ gzip:    16.67 kB │ map:    236.69 kB
out/renderer/assets/jsx-CDbPGsYY.js                                    177.84 kB │ gzip:    16.76 kB │ map:    238.96 kB
out/renderer/assets/jsx-rBYgl_pf.js                                    177.84 kB │ gzip:    16.76 kB │ map:    238.94 kB
out/renderer/assets/typescript-BTbPc4jc.js                             181.13 kB │ gzip:    16.28 kB │ map:    244.37 kB
out/renderer/assets/typescript-eWygInDU.js                             181.13 kB │ gzip:    16.28 kB │ map:    244.35 kB
out/renderer/assets/angular-ts-BFzahlWt.js                             183.73 kB │ gzip:    16.78 kB │ map:    249.31 kB
out/renderer/assets/angular-ts-BqgKCV9d.js                             183.73 kB │ gzip:    16.78 kB │ map:    249.37 kB
out/renderer/assets/vue-vine-Cqj_CbAu.js                               190.05 kB │ gzip:    18.07 kB │ map:    255.11 kB
out/renderer/assets/vue-vine-DAiEc005.js                               190.05 kB │ gzip:    18.07 kB │ map:    255.13 kB
out/renderer/assets/chunk-ICPOFSXX-En6Mwtod.js                         214.90 kB │ gzip:    33.82 kB │ map:    514.12 kB
out/renderer/assets/imeComposition-BhTWJXQ-.js                         249.18 kB │ gzip:    80.93 kB │ map:  1,120.34 kB
out/renderer/assets/katex-Dpv1KeVU.js                                  257.04 kB │ gzip:    76.96 kB │ map:    922.26 kB
out/renderer/assets/chart-CDeUb0zV.js                                  261.02 kB │ gzip:    77.83 kB │ map:  1,335.81 kB
out/renderer/assets/wolfram-B4WVcjVS.js                                262.38 kB │ gzip:    77.63 kB │ map:    279.61 kB
out/renderer/assets/wolfram-sjftcbTw.js                                262.38 kB │ gzip:    77.63 kB │ map:    279.63 kB
out/renderer/assets/src-CwCZU0ma.js                                    326.81 kB │ gzip:    91.26 kB │ map:  1,778.16 kB
out/renderer/assets/pdf-viewer-Cze3dwu6.js                             427.00 kB │ gzip:   126.51 kB │ map:  1,354.10 kB
out/renderer/assets/cytoscape.esm-Bl9mCRj9.js                          434.14 kB │ gzip:   137.50 kB │ map:  1,682.36 kB
out/renderer/assets/chunk-BO2N2NFS-BkwEyRO-.js                         448.66 kB │ gzip:   135.63 kB │ map:  1,685.51 kB
out/renderer/assets/chunk-K5T4RW27-DSst9YF_.js                         474.01 kB │ gzip:   102.05 kB │ map:  1,677.46 kB
out/renderer/assets/wasm-CQxaZGqE.js                                   622.32 kB │ gzip:   232.09 kB │ map:    622.80 kB
out/renderer/assets/wasm-DSU3nDZK.js                                   622.32 kB │ gzip:   232.09 kB │ map:    622.82 kB
out/renderer/assets/cpp-CjnWRsAY.js                                    626.12 kB │ gzip:    48.09 kB │ map:    816.08 kB
out/renderer/assets/cpp-CtxfZONO.js                                    626.12 kB │ gzip:    48.09 kB │ map:    816.12 kB
out/renderer/assets/emacs-lisp-CCKKkJaE.js                             779.84 kB │ gzip:   197.53 kB │ map:    789.78 kB
out/renderer/assets/emacs-lisp-BoXtgKUU.js                             779.87 kB │ gzip:   197.55 kB │ map:    789.80 kB
out/renderer/assets/IntlProvider-CsPkPg_2.js                           790.07 kB │ gzip:   190.40 kB │ map:  1,089.37 kB
out/renderer/assets/previewPaneOfficeLegacyDocContent-C231O1SH.js      900.63 kB │ gzip:   261.94 kB │ map:  4,062.51 kB
out/renderer/assets/pptxRendererPreviewEngine-CQEjprLn.js            1,042.71 kB │ gzip:   328.59 kB │ map:  2,971.59 kB
out/renderer/assets/previewPaneOfficeXlsxContent-BwSs3lZ-.js         2,154.74 kB │ gzip:   697.32 kB │ map:  7,239.13 kB
out/renderer/assets/styles-BU-pLwl4.js                               5,896.67 kB │ gzip: 1,654.66 kB │ map: 20,664.89 kB

[32m✓ built in 15.32s[39m
